"subject","study","condition","session","exp_id","sona_id","pool","mode","attn_check","effort","difficulty","confidence","enjoyment","other","age","country","language","schoolyear","major","gender","disability","browser","width","height","os","starttime","status","term","violations","totaltime_m","pretty_condition"
"L65ZP","SGC4B","1113","wi22sona","2217","31276","sona","asynch","TRUE","I tried my best on each question",2,3,5,"I enjoyed this experiment! I would love to read the results!",20,"USA","English","Third","Social Sciences (incl. CogSci)","Female","","chrome",1418,693,"Mac OS","2022-03-06T17:00:07.816Z","success","winter22",1,9.56605,"cross"
"X4TP8","SGC4B","1112","wi22sona","2218","40313","sona","asynch","TRUE","I tried my best on most questions",2,4,3,"",18,"China","Mandarin","First","Social Sciences (incl. CogSci)","Other-Not Listed","","chrome",1707,923,"Windows 10","2022-03-09T20:01:31.946Z","success","winter22",1.5,6.25385,"arrow"
"B4JZK","SGC4B","1112","wi22sona","2218","32593","sona","asynch","TRUE","I tried my best on most questions",4,3,4,"",21,"United States","Spanish","Third","Social Sciences (incl. CogSci)","Female","i wear glasses","chrome",1440,789,"Mac OS","2022-03-09T20:13:44.166Z","success","winter22",1,14.1734833333333,"arrow"
"FL4GS","SGC4B","1112","wi22sona","2218","41971","sona","asynch","TRUE","I tried my best on most questions",2,4,3,"",20,"United States","English","Second","Social Sciences (incl. CogSci)","Female","","chrome",1920,1089,"Windows 10","2022-03-09T20:06:37.090Z","success","winter22",1,4.22141666666667,"arrow"
"MQ4PF","SGC4B","1112","wi22sona","2217","38514","sona","asynch","TRUE","I tried my best on each question",4,3,2,"The grid, which I assume was a control, was quite distractive.",21,"South Korea","Korean","Second","Social Sciences (incl. CogSci)","Male","N/A - just a little sleepy","chrome",1536,714,"Windows 10","2022-03-03T21:47:17.432Z","success","winter22",3,20.8559333333333,"arrow"
"NLUQH","SGC4B","1113","wi22sona","2217","42949","sona","asynch","TRUE","I tried my best on each question",2,4,4,"",22,"United States","English","Third","Social Sciences (incl. CogSci)","Female","No","chrome",1440,739,"Mac OS","2022-03-04T06:33:37.111Z","success","winter22",3,12.9586833333333,"cross"
"B9KFN","SGC4B","1113","wi22sona","2217","33869","sona","asynch","TRUE","I tried my best on each question",1,5,2,"N/A",21,"United States","English","Fourth","Fine Arts","Male","N/A","chrome",1451,684,"Mac OS","2022-03-05T03:54:04.190Z","success","winter22",1,8.86553333333333,"cross"
"CSQRM","SGC4B","1113","wi22sona","2217","43111","sona","asynch","TRUE","I tried my best on most questions",4,4,2,"THE ONLY PART I COULDNT FIGURE OUT WAS THE BREAKS.",18,"United States","Spanish","First","Social Sciences (incl. CogSci)","Female","NO","chrome",1440,702,"Mac OS","2022-03-04T00:16:23.593Z","success","winter22",2,10.87225,"cross"
"1NO19","SGC4B","1112","wi22sona","2218","31099","sona","asynch","TRUE","I tried my best on each question",2,5,5,"",21,"United States","English","Fourth","Social Sciences (incl. CogSci)","Female","","chrome",1440,764,"Mac OS","2022-03-09T19:23:14.819Z","success","winter22",1,10.31265,"arrow"
"32HTL","SGC4B","1113","wi22sona","2217","43153","sona","asynch","TRUE","I tried my best on each question",4,3,2,"n/a",19,"United States","Spanish","Second","Natural Sciences","Female","n/a","chrome",1536,714,"Windows 10","2022-03-03T09:07:03.374Z","success","winter22",1.5,10.7539833333333,"cross"
"X93Z3","SGC4B","1113","wi22sona","2217","37797","sona","asynch","TRUE","I tried my best on each question",3,2,5,"I am really bad at comprehending graphs so it took me a while to understand what going on. Therefore I think I did a pretty bad job(almost all wrong) in the first part. But in the second part of the experiment, I slowly understand how to look at the graph correctly and enjoyed doing the questions. ",21,"Hong Kong ","Cantonese","Fourth","Humanities","Female","No. Other than really bad at mathematics. ","chrome",1440,821,"Mac OS","2022-03-04T04:18:02.295Z","success","winter22",2.5,21.9983666666667,"cross"
"M0PWZ","SGC4B","1113","wi22sona","2217","38908","sona","asynch","TRUE","I tried my best on each question",4,3,2,"",22,"United States","Mandarin","Fourth","Social Sciences (incl. CogSci)","Male","","chrome",1440,764,"Mac OS","2022-03-04T18:02:25.800Z","success","winter22",1,11.0844333333333,"cross"
"XL4NH","SGC4B","1113","wi22sona","2218","37816","sona","asynch","TRUE","I tried my best on most questions",4,4,4,"pretty good overall
",21,"USA","English","Third","Social Sciences (incl. CogSci)","Male","no","chrome",1920,961,"Windows 10","2022-03-09T21:41:49.330Z","success","winter22",1,11.4990666666667,"cross"
"ZA61G","SGC4B","1112","wi22sona","2218","37407","sona","asynch","TRUE","I tried my best on each question",2,3,3,"",19,"United States","English","Second","Social Sciences (incl. CogSci)","Female","","chrome",1440,821,"Mac OS","2022-03-09T11:36:58.197Z","success","winter22",1.5,16.4093666666667,"arrow"
"O4O2T","SGC4B","1112","wi22sona","2217","43182","sona","asynch","TRUE","I tried my best on each question",2,4,3,"",18,"United States","English","First","Social Sciences (incl. CogSci)","Female","","chrome",1215,793,"Mac OS","2022-03-05T22:34:00.696Z","success","winter22",1,6.88236666666667,"arrow"
"ULTZD","SGC4B","1113","wi22sona","2217","37575","sona","asynch","TRUE","I tried my best on each question",4,3,2,"It was a fun experiment!",20,"China","Mandarin","Second","Social Sciences (incl. CogSci)","Male","No","chrome",1440,789,"Windows 10","2022-03-06T06:09:59.827Z","success","winter22",2,18.9110166666667,"cross"
"PN0SV","SGC4B","1112","wi22sona","2218","28631","sona","asynch","TRUE","I tried my best on each question",3,4,4,"",21,"United States","English","Fourth","Math or Computer Sciences","Male","","chrome",1440,821,"Mac OS","2022-03-09T15:35:44.838Z","success","winter22",1,6.4909,"arrow"
"CL5EN","SGC4B","1112","wi22sona","2218","42632","sona","asynch","TRUE","I tried my best on most questions",3,3,3,"",20,"Russia","X-Other","Third","Math or Computer Sciences","Male","","chrome",1692,873,"Windows 10","2022-03-09T20:34:29.375Z","success","winter22",1,5.38431666666667,"arrow"
"WNU5S","SGC4B","1113","wi22sona","2218","41734","sona","asynch","TRUE","I tried my best on each question",2,4,3,"",19,"United States","English","Second","Social Sciences (incl. CogSci)","Male","","chrome",1920,969,"Windows 10","2022-03-09T22:00:14.169Z","success","winter22",2.5,10.3036333333333,"cross"
"637XQ","SGC4B","1113","wi22sona","2217","40654","sona","asynch","TRUE","I tried my best on each question",4,4,3,"",20,"United States of America","English","Third","Social Sciences (incl. CogSci)","Female","No","chrome",1397,726,"Mac OS","2022-03-04T02:43:07.534Z","success","winter22",1,7.01366666666667,"cross"
"4R2H3","SGC4B","1112","wi22sona","2218","31079","sona","asynch","TRUE","I tried my best on most questions",3,3,3,"",22,"us","English","Fourth","Math or Computer Sciences","Male","","chrome",1680,907,"Windows 7","2022-03-09T20:49:36.068Z","success","winter22",2.5,3.93728333333333,"arrow"
"FUE06","SGC4B","1112","wi22sona","2218","33142","sona","asynch","TRUE","I tried my best on each question",3,3,5,"",20,"USA","English","Third","Humanities","Female","","chrome",1440,789,"Mac OS","2022-03-09T19:21:07.344Z","success","winter22",1,11.2317333333333,"arrow"
"N2UOM","SGC4B","1113","wi22sona","2217","30063","sona","asynch","TRUE","I tried my best on each question",1,5,3,"",22,"U.S.","English","Fourth","Math or Computer Sciences","Male","no","chrome",1600,781,"Windows 10","2022-03-07T20:32:42.873Z","success","winter22",1,6.19325,"cross"
"NYN9R","SGC4B","1113","wi22sona","2217","41300","sona","asynch","TRUE","I tried my best on most questions",3,3,3,"",20,"United States","X-Other","Third","Social Sciences (incl. CogSci)","Female","no","chrome",1440,717,"Mac OS","2022-03-03T06:12:31.838Z","success","winter22",1,5.25758333333333,"cross"
"QXWAO","SGC4B","1113","wi22sona","2217","42271","sona","asynch","TRUE","I tried my best on each question",2,4,4,"",19,"United States","Mandarin","Second","Engineering","Female","","chrome",1440,789,"Mac OS","2022-03-05T21:27:55.880Z","success","winter22",1,8.47225,"cross"
"R4RE9","SGC4B","1112","wi22sona","2217","41463","sona","asynch","TRUE","I tried my best on most questions",5,3,1,"",22,"Morocco","Arabic","Third","Social Sciences (incl. CogSci)","Female","","chrome",1440,749,"Mac OS","2022-03-06T00:58:01.852Z","success","winter22",1,12.8203,"arrow"
"K882Z","SGC4B","1112","wi22sona","2217","36531","sona","asynch","TRUE","I tried my best on each question",3,3,4,"",23,"United States","English","Fourth","Social Sciences (incl. CogSci)","Female","N/A","chrome",1440,821,"Mac OS","2022-03-06T05:29:43.357Z","success","winter22",1,15.2875,"arrow"
"E6WKX","SGC4B","1113","wi22sona","2218","40480","sona","asynch","TRUE","I tried my best on each question",4,2,4,"",22,"United States","Cantonese","Third","Social Sciences (incl. CogSci)","Female","","chrome",1440,789,"Mac OS","2022-03-09T21:25:02.207Z","success","winter22",1,5.7678,"cross"
"YMH3D","SGC4B","1112","wi22sona","2218","40432","sona","asynch","TRUE","I tried my best on each question",4,2,5,"",25,"United States","English","Third","Social Sciences (incl. CogSci)","Female","","chrome",1277,721,"Mac OS","2022-03-09T19:45:52.298Z","success","winter22",1,5.7666,"arrow"
"T96G5","SGC4B","1113","wi22sona","2217","38197","sona","asynch","TRUE","I tried my best on each question",3,4,5,"",20,"U.S","English","Second","Social Sciences (incl. CogSci)","Female","","chrome",1440,789,"Mac OS","2022-03-06T02:24:27.373Z","success","winter22",1,12.7845166666667,"cross"
"FXOS5","SGC4B","1112","wi22sona","2218","31338","sona","asynch","TRUE","I tried my best on each question",3,3,3,"",22,"USA","English","Fifth","Social Sciences (incl. CogSci)","Female","No","chrome",1440,821,"Mac OS","2022-03-09T19:38:33.177Z","success","winter22",1,10.7823666666667,"arrow"
"9NOEY","SGC4B","1113","wi22sona","2217","34072","sona","asynch","TRUE","I tried my best on each question",3,2,3,"it took me a second to figure out what exactly I was looking at, and some of the shifts were a little confusing.  For shifts that were in-between line intersections, I tried figuring out how long they were based off of what time they start and how long they were based off the y axis",20,"U.S.A","Mandarin","Third","Social Sciences (incl. CogSci)","Male","no","chrome",1920,975,"Windows 10","2022-03-04T02:30:51.600Z","success","winter22",1,8.55275,"cross"
"WOWT2","SGC4B","1113","wi22sona","2217","34088","sona","asynch","TRUE","I tried my best on most questions",5,1,1,"",21,"US","Spanish","Fourth","Social Sciences (incl. CogSci)","Female","none","chrome",1280,720,"Windows 10","2022-03-06T05:23:45.860Z","success","winter22",3,10.33205,"cross"
"XQO37","SGC4B","1112","wi22sona","2217","41980","sona","asynch","TRUE","I tried my best on most questions",4,2,2,"I was concerned that I did not select some of the options I should've",20,"United States","English","Third","Biomedical & Health Sciences","Female","no","chrome",1440,821,"Mac OS","2022-03-05T21:00:24.216Z","success","winter22",1,14.0708166666667,"arrow"
"JALHA","SGC4B","1113","wi22sona","2218","36091","sona","asynch","TRUE","I tried my best on each question",3,4,5,"One test round might be helpful to improve accuracy",25,"United States","English","Fourth","Social Sciences (incl. CogSci)","Female","No","chrome",1283,706,"Mac OS","2022-03-09T17:03:39.961Z","success","winter22",1,6.33516666666667,"cross"
"JYWY5","SGC4B","1112","wi22sona","2217","41327","sona","asynch","TRUE","I tried my best on most questions",3,2,3,"",18,"US","English","First","Humanities","Female","","chrome",1440,821,"Mac OS","2022-03-03T19:32:44.447Z","success","winter22",1,9.45218333333333,"arrow"
"NUMHG","SGC4B","1112","wi22sona","2217","38331","sona","asynch","TRUE","I tried my best on most questions",4,3,3,"",20,"United States","Spanish","Third","Humanities","Female","","chrome",1440,789,"Mac OS","2022-03-05T02:13:38.627Z","success","winter22",3,15.6407,"arrow"
"GMMOE","SGC4B","1112","wi22sona","2217","33593","sona","asynch","TRUE","I tried my best on each question",3,4,3,"",20,"United States","English","Third","Social Sciences (incl. CogSci)","Female","","chrome",1536,722,"Windows 10","2022-03-04T03:12:19.031Z","success","winter22",1,15.3477166666667,"arrow"
"0KQWY","SGC4B","1112","wi22sona","2218","36857","sona","asynch","TRUE","I tried my best on each question",3,3,3,"",19,"Italy","English","Second","Social Sciences (incl. CogSci)","Female","no","chrome",1366,689,"Mac OS","2022-03-09T19:36:38.149Z","success","winter22",1,8.68813333333333,"arrow"
"HEONU","SGC4B","1113","wi22sona","2217","38481","sona","asynch","TRUE","I tried my best on each question",2,5,4,"",19,"United States","X-Other","Second","Social Sciences (incl. CogSci)","Female","","chrome",1440,789,"Mac OS","2022-03-04T22:57:54.405Z","success","winter22",1,6.04755,"cross"
"AOCJ0","SGC4B","1112","wi22sona","2217","38895","sona","asynch","TRUE","I tried my best on each question",2,4,4,"I got confused by the x-axis label.",21,"China","Mandarin","Fourth","Math or Computer Sciences","Male","no","chrome",1920,969,"Windows 10","2022-03-04T10:08:24.449Z","success","winter22",1.5,7.64605,"arrow"
"JAOHQ","SGC4B","1113","wi22sona","2217","32513","sona","asynch","TRUE","I tried my best on each question",3,4,2,"The triangles are definitely a bit hard to read",21,"Mexico","Spanish","Third","Social Sciences (incl. CogSci)","Male","No","chrome",1536,754,"Windows 10","2022-03-04T06:18:00.256Z","success","winter22",1,9.96075,"cross"
"0TYDS","SGC4B","1113","wi22sona","2217","29610","sona","asynch","TRUE","I tried my best on each question",4,3,4,"The chart was a bit confusing.",22,"U.S.","Spanish","Fourth","Social Sciences (incl. CogSci)","Female","N/A","chrome",1223,734,"Mac OS","2022-03-05T21:23:44.147Z","success","winter22",1,6.61521666666667,"cross"
"4HKVT","SGC4B","1112","wi22sona","2218","41401","sona","asynch","TRUE","I tried my best on each question",5,3,5,"",21,"US","English","Third","Social Sciences (incl. CogSci)","Female","","chrome",1440,732,"Mac OS","2022-03-09T20:32:32.899Z","success","winter22",1,6.26953333333333,"arrow"
"HJMJL","SGC4B","1112","wi22sona","2217","38160","sona","asynch","TRUE","I tried my best on each question",2,4,2,"",20,"United States","English","Third","Math or Computer Sciences","Male","","chrome",2560,1289,"Windows 10","2022-03-05T06:47:19.062Z","success","winter22",2,7.5297,"arrow"
"4SAFP","SGC4B","1113","wi22sona","2217","34046","sona","asynch","TRUE","I tried my best on each question",2,5,5,"took me to a white screen the first time.. then i refreshed and started over",20,"United States","English","Third","Social Sciences (incl. CogSci)","Female","no","chrome",1440,821,"Mac OS","2022-03-04T01:19:40.878Z","success","winter22",1,3.56298333333333,"cross"
"MH844","SGC4B","1113","wi22sona","2217","29358","sona","asynch","TRUE","I tried my best on each question",3,2,3,"maybe more questions and different graph format ",22,"US","X-Other","Fourth","Biomedical & Health Sciences","Female","no","chrome",1440,821,"Mac OS","2022-03-05T19:46:42.948Z","success","winter22",1,10.6871833333333,"cross"
"1GA68","SGC4B","1113","wi22sona","2217","43233","sona","asynch","TRUE","I tried my best on each question",2,3,5,"Overall very easy once I understood the graph. ",22,"United States ","Spanish","Fifth","Natural Sciences","Female","no ","chrome",1368,793,"Windows 10","2022-03-06T07:28:52.568Z","success","winter22",1,12.0573166666667,"cross"
"H2EB2","SGC4B","1113","wi22sona","2217","34368","sona","asynch","TRUE","I tried my best on each question",3,2,3,"The pyramid layout made it hard to see the points",20,"United States","English","Third","Social Sciences (incl. CogSci)","Female","No","chrome",1440,789,"Mac OS","2022-03-06T07:01:52.950Z","success","winter22",1,8.5212,"cross"
"1KHNC","SGC4B","1112","wi22sona","2217","31986","sona","asynch","TRUE","I tried my best on each question",4,3,4,"the pyramid graph took a bit to get use to but did end up helping once i figured out how it could help with the breaks",18,"USA","English","Third","Social Sciences (incl. CogSci)","Male","No","chrome",1920,937,"Windows 10","2022-03-03T19:52:36.178Z","success","winter22",2,10.32905,"arrow"
"D63Q6","SGC4B","1112","wi22sona","2217","41082","sona","asynch","TRUE","I tried my best on each question",1,4,5,"That graph looked like a monster at a glance but it was actually really easy to read once I figured it out. Thanks :D",21,"United States","English","Third","Biomedical & Health Sciences","Female","No","chrome",1920,969,"Windows 10","2022-03-06T03:15:52.289Z","success","winter22",1,9.11331666666667,"arrow"
"ZSAAY","SGC4B","1113","wi22sona","2218","33283","sona","asynch","TRUE","I tried my best on each question",4,3,5,"",23,"China","Mandarin","Fourth","Social Sciences (incl. CogSci)","Male","","chrome",2048,944,"Windows 10","2022-03-09T07:38:27.225Z","success","winter22",1.5,4.91415,"cross"
"RU6P7","SGC4B","1113","wi22sona","2217","42708","sona","asynch","TRUE","I tried my best on each question",2,3,5,"It was interesting trying to find patterns in the graph. In the beginning, I was a little confused on how to actually read the graph and I was trying to follow the graph lines to determine if those were the shifts. I was definitely a little confused in the first half but then after it told me there were 10 more questions, I think I started to better comprehend the graph. Very interesting task though! Thank you!",18,"United States","English","First","Engineering","Male","No","chrome",2560,1297,"Windows 10","2022-03-03T22:02:54.766Z","success","winter22",1,22.67445,"cross"
"P7R2O","SGC4B","1112","wi22sona","2217","32513","sona","asynch","TRUE","I tried my best on each question",3,4,2,"The shape of the dots was easy to read",21,"Mexico","Spanish","Third","Social Sciences (incl. CogSci)","Male","No","chrome",1536,754,"Windows 10","2022-03-04T06:28:44.468Z","success","winter22",1,5.44226666666667,"arrow"
"SRLPH","SGC4B","1112","wi22sona","2218","19789","sona","asynch","TRUE","I tried my best on each question",3,4,4,"",23,"united states","English","Fourth","Natural Sciences","Female","n/a","chrome",1280,720,"Mac OS","2022-03-09T21:12:29.181Z","success","winter22",1,13.0872333333333,"arrow"
"UPBPJ","SGC4B","1112","wi22sona","2217","35400","sona","asynch","TRUE","I tried my best on most questions",4,3,4,"",21,"United States","English","Fourth","Social Sciences (incl. CogSci)","Female","N/A","chrome",1920,961,"Chrome OS","2022-03-03T19:22:48.952Z","success","winter22",1,11.6341333333333,"arrow"
"5C6EA","SGC4B","1113","wi22sona","2218","42842","sona","asynch","TRUE","I tried my best on each question",3,4,3,"It was really easy to determine start times between shifts, but it was difficult to determine how end dates and middle-of-shifts lined up.",19,"United States","English","Second","Social Sciences (incl. CogSci)","Male","No","chrome",1512,865,"Mac OS","2022-03-09T21:27:01.683Z","success","winter22",1,9.89656666666667,"cross"
"EH1AK","SGC4B","1113","wi22sona","2218","36798","sona","asynch","TRUE","I tried my best on each question",3,4,2,"",22,"USA","English","Fourth","Social Sciences (incl. CogSci)","Female","","chrome",1200,644,"Mac OS","2022-03-09T21:48:22.536Z","success","winter22",3,6.90011666666667,"cross"
"QDD0S","SGC4B","1113","wi22sona","2218","38071","sona","asynch","TRUE","I tried my best on each question",5,1,5,"it was hard to understand what the x axis means at first; I figured it out half way filling out the questions",20,"China","Mandarin","Second","Biomedical & Health Sciences","Female","None","chrome",1792,819,"Mac OS","2022-03-09T18:57:09.232Z","success","winter22",1,8.42485,"cross"
"X9GGJ","SGC4B","1112","wi22sona","2217","37037","sona","asynch","TRUE","I tried my best on most questions",3,4,3,"The coffee break ones were difficult",21,"United States","English","Fourth","Social Sciences (incl. CogSci)","Female","","chrome",1440,821,"Mac OS","2022-03-06T19:36:38.764Z","success","winter22",1,7.9699,"arrow"
"CM2BP","SGC4B","1112","wi22sona","2217","40975","sona","asynch","TRUE","I tried my best on most questions",4,2,2,"",22,"United States","English","Third","Social Sciences (incl. CogSci)","Female","ADHD","chrome",1440,821,"Mac OS","2022-03-04T03:40:37.475Z","success","winter22",2,6.64321666666667,"arrow"
"VPZG0","SGC4B","1112","wi22sona","2217","31723","sona","asynch","TRUE","I tried my best on each question",2,4,4,"",20,"United States","English","Third","Social Sciences (incl. CogSci)","Female","","chrome",1238,764,"Mac OS","2022-03-05T01:43:19.721Z","success","winter22",2,10.8929333333333,"arrow"
"153VV","SGC4B","1113","wi22sona","2218","41269","sona","asynch","TRUE","I tried my best on each question",3,4,3,"",19,"United States","English","First","Biomedical & Health Sciences","Male","none","chrome",1360,707,"Mac OS","2022-03-09T21:57:43.317Z","success","winter22",2,8.79601666666667,"cross"
"RGUYM","SGC4B","1112","wi22sona","2218","41624","sona","asynch","TRUE","I tried my best on each question",3,4,4,"N/A",18,"United States of America","English","First","Social Sciences (incl. CogSci)","Female","N/A","chrome",1500,881,"Windows 10","2022-03-09T19:05:55.651Z","success","winter22",1,17.73965,"arrow"
"NRPP6","SGC4B","1112","wi22sona","2217","43216","sona","asynch","TRUE","I tried my best on most questions",3,3,3,"",19,"USA","English","Second","Biomedical & Health Sciences","Female","N/A","chrome",1440,708,"Mac OS","2022-03-04T06:32:22.188Z","success","winter22",1,5.29161666666667,"arrow"
"FVMZZ","SGC4B","1112","wi22sona","2217","30543","sona","asynch","TRUE","I tried my best on most questions",4,3,1,"",21,"United States","X-Other","Fourth","Social Sciences (incl. CogSci)","Male","No","chrome",1920,969,"Mac OS","2022-03-05T03:48:23.916Z","success","winter22",1,9.60878333333333,"arrow"
"G4QXT","SGC4B","1112","wi22sona","2218","29128","sona","asynch","TRUE","I tried my best on each question",4,2,2,"",21,"US","English","Fourth","Math or Computer Sciences","Male","","chrome",2048,1010,"Windows 10","2022-03-09T19:15:43.923Z","success","winter22",2.5,7.03441666666667,"arrow"
"V3SM3","SGC4B","1112","wi22sona","2218","40344","sona","asynch","TRUE","I tried my best on each question",3,2,4,"Some time it is hard to find all answers",18,"China","X-Other","First","Social Sciences (incl. CogSci)","Female","No","chrome",1440,789,"Mac OS","2022-03-09T19:51:02.271Z","success","winter22",1,7.46736666666667,"arrow"
"0JK2M","SGC4B","1112","wi22sona","2217","38920","sona","asynch","TRUE","I tried my best on each question",2,3,2,"Nothing really",20,"USA","English","Third","Biomedical & Health Sciences","Female","No","chrome",1919,898,"Mac OS","2022-03-05T08:58:13.026Z","success","winter22",1,8.34305,"arrow"
"XU6YT","SGC4B","1113","wi22sona","2217","41717","sona","asynch","TRUE","I tried my best on each question",1,4,4,"",20,"USA","English","Third","Biomedical & Health Sciences","Female","","chrome",1440,685,"Mac OS","2022-03-04T23:30:18.915Z","success","winter22",1,8.81311666666667,"cross"
"DEW6N","SGC4B","1112","wi22sona","2217","40775","sona","asynch","TRUE","I tried my best on each question",3,3,4,"",18,"United States","English","First","Math or Computer Sciences","Female","No, not that I know of","chrome",1536,722,"Windows 10","2022-03-06T18:48:43.002Z","success","winter22",1,13.3981166666667,"arrow"
"RAV2R","SGC4B","1112","wi22sona","2218","36546","sona","asynch","TRUE","I tried my best on most questions",4,2,2,"",20,"United States","English","Third","Social Sciences (incl. CogSci)","Female","","chrome",1440,821,"Mac OS","2022-03-09T21:01:55.444Z","success","winter22",1,4.62105,"arrow"
"K3N7S","SGC4B","1113","wi22sona","2217","42718","sona","asynch","TRUE","I tried my best on each question",2,4,5,"",19,"United States","Spanish","First","Social Sciences (incl. CogSci)","Female","","chrome",1440,734,"Mac OS","2022-03-05T06:52:40.819Z","success","winter22",1,20.70415,"cross"
"9YFW9","SGC4B","1113","wi22sona","2217","39923","sona","asynch","TRUE","I tried my best on each question",1,5,2,"",20,"United States","English","Second","Social Sciences (incl. CogSci)","Male","no","chrome",1536,722,"Windows 10","2022-03-05T19:25:07.239Z","success","winter22",1,12.74675,"cross"
"DGJO0","SGC4B","1113","wi22sona","2217","35400","sona","asynch","TRUE","I tried my best on most questions",3,3,4,"Sometimes difficult to read the letters ",21,"US","English","Fourth","Social Sciences (incl. CogSci)","Female","No","chrome",1920,961,"Chrome OS","2022-03-04T15:58:56.208Z","success","winter22",1,8.17698333333333,"cross"
"66SXG","SGC4B","1112","wi22sona","2218","29507","sona","asynch","TRUE","I tried my best on most questions",4,4,2,"",21,"United States","English","Fourth","Social Sciences (incl. CogSci)","Female","","chrome",1440,689,"Mac OS","2022-03-09T21:09:56.796Z","success","winter22",1,10.193,"arrow"
"DUTP2","SGC4B","1113","wi22sona","2218","37770","sona","asynch","TRUE","I tried my best on each question",1,4,3,"",22,"U.S.","English","Fourth","Social Sciences (incl. CogSci)","Male","no","chrome",2560,1289,"Windows 10","2022-03-09T21:36:55.792Z","success","winter22",1,5.00326666666667,"cross"
"AT0BC","SGC4B","1113","wi22sona","2217","41344","sona","asynch","TRUE","I tried my best on each question",4,3,2,"provide horizontal lines to check time and shifts easier",19,"Vietnam","X-Other","First","Social Sciences (incl. CogSci)","Female","no","chrome",1437,710,"Mac OS","2022-03-04T04:15:45.702Z","success","winter22",1,8.0362,"cross"
"QMXO5","SGC4B","1112","wi22sona","2217","38359","sona","asynch","TRUE","I tried my best on each question",2,4,4,"",23,"United States of America","English","Fourth","Social Sciences (incl. CogSci)","Female","","chrome",1440,776,"Mac OS","2022-03-04T04:04:22.330Z","success","winter22",1,13.19515,"arrow"
"4U13Q","SGC4B","1113","wi22sona","2217","42891","sona","asynch","TRUE","I tried my best on each question",4,2,3,"I was a bit confused with the set up of the graph and thought a legend would be helpful but overall it was a good experiment set up.",20,"United States","X-Other","Third","Biomedical & Health Sciences","Female","no","chrome",1440,789,"Mac OS","2022-03-05T21:08:17.545Z","success","winter22",1,7.6794,"cross"
"0XJM4","SGC4B","1113","wi22sona","2218","40432","sona","asynch","TRUE","I tried my best on each question",4,3,5,"",25,"United States","English","Third","Social Sciences (incl. CogSci)","Female","","chrome",1277,721,"Mac OS","2022-03-09T09:52:55.320Z","success","winter22",1,8.83495,"cross"
"47M5Q","SGC4B","1112","wi22sona","2217","43138","sona","asynch","TRUE","I tried my best on each question",2,4,3,"It was confusing at first but then I got a hang for it after. The hardest one was probably the one that was like begins before B then ends after X or something like that, which was kind of just confusing because there were so many parts.",20,"United States","English","Third","Social Sciences (incl. CogSci)","Female","","chrome",1200,697,"Windows 10","2022-03-05T01:35:02.890Z","success","winter22",1,8.33338333333333,"arrow"
"S4H5D","SGC4B","1112","wi22sona","2217","41059","sona","asynch","TRUE","I tried my best on each question",2,5,3,"The graph was easy to read except for questions which revolved around a letter (in my case B) which started and ended on the half hour mark and had no lines connecting to it.",18,"America","English","First","Engineering","Male","No.","chrome",1440,821,"Mac OS","2022-03-06T03:15:58.325Z","success","winter22",1,18.6080666666667,"arrow"
"J100R","SGC4B","1112","wi22sona","2218","42690","sona","asynch","TRUE","I tried my best on most questions",4,2,3,"I felt like I was guessing on all of the questions because I had no idea how to read the graph, I just went with the shifts starting at the plot point. ",19,"United States","English","First","Social Sciences (incl. CogSci)","Female","No","chrome",1440,789,"Mac OS","2022-03-09T20:28:18.306Z","success","winter22",1,14.4217333333333,"arrow"
"P76NE","SGC4B","1112","wi22sona","2218","40985","sona","asynch","TRUE","I tried my best on most questions",5,2,4,"",18,"United States","English","First","Social Sciences (incl. CogSci)","Female","","chrome",1600,812,"Chrome OS","2022-03-09T19:58:12.935Z","success","winter22",1,9.01541666666667,"arrow"
"O07CQ","SGC4B","1113","wi22sona","2217","42562","sona","asynch","TRUE","I tried my best on each question",2,4,3,"",19,"United States","Mandarin","Second","Social Sciences (incl. CogSci)","Female","","chrome",1440,789,"Mac OS","2022-03-03T20:36:33.638Z","success","winter22",1,9.0455,"cross"
"K7M4V","SGC4B","1112","wi22sona","2217","42562","sona","asynch","TRUE","I tried my best on each question",2,4,4,"",19,"China","Mandarin","Second","Social Sciences (incl. CogSci)","Female","","chrome",1440,789,"Mac OS","2022-03-04T22:07:18.680Z","success","winter22",1,7.05208333333333,"arrow"
"4MS2Q","SGC4B","1112","wi22sona","2218","39766","sona","asynch","TRUE","I tried my best on each question",1,5,5,"",12,"United States","English","Second","Social Sciences (incl. CogSci)","Male","No.","chrome",1591,1034,"Mac OS","2022-03-09T19:05:28.763Z","success","winter22",1,6.75403333333333,"arrow"
"0XMTM","SGC4B","1112","wi22sona","2217","41108","sona","asynch","TRUE","I tried my best on each question",4,4,3,"interesting graph",20,"Hong Kong","English","Third","Social Sciences (incl. CogSci)","Male","no","chrome",1536,754,"Windows 10","2022-03-05T22:36:36.246Z","success","winter22",1,7.52743333333333,"arrow"
"OR6SC","SGC4B","1112","wi22sona","2218","38535","sona","asynch","TRUE","I tried my best on each question",5,2,1,"I hate the triangular structure, it is so hard to tell from a glance how shifts interact with others.",20,"United States","English","Second","Social Sciences (incl. CogSci)","Female","","chrome",1536,792,"Windows 10","2022-03-09T19:17:22.289Z","success","winter22",1,8.08048333333333,"arrow"
"0UMRY","SGC4B","1113","wi22sona","2217","38533","sona","asynch","TRUE","I tried my best on each question",4,3,4,"",19,"United States","Mandarin","Second","Social Sciences (incl. CogSci)","Female","no","chrome",1429,720,"Mac OS","2022-03-04T21:16:49.377Z","success","winter22",1,8.54048333333333,"cross"
"6MML6","SGC4B","1112","wi22sona","2218","33325","sona","asynch","TRUE","I tried my best on each question",2,4,4,"",21,"USA","English","Fourth","Social Sciences (incl. CogSci)","Male","","chrome",1920,979,"Windows 10","2022-03-09T19:22:30.383Z","success","winter22",1,6.58841666666667,"arrow"
"GSWTD","SGC4B","1113","wi22sona","2217","37087","sona","asynch","TRUE","I tried my best on most questions",3,2,4,"I think an answer choice ""none of the above"" would make the experience a little bit less stressful because I did not know if I had to choose an answer to move on to the next question, but I ended up finding out that I did not have to select an answer since for some of the questions I think the answer was ""none of the above"".",19,"United States","English","Second","Natural Sciences","Male","I do not have any impairments or disabilities.","chrome",1536,714,"Windows 10","2022-03-04T09:03:15.527Z","success","winter22",3,19.0165833333333,"cross"
"OYBTD","SGC4B","1112","wi22sona","2218","31149","sona","asynch","TRUE","I tried my best on each question",2,5,3,"",23,"China","Mandarin","Fourth","Math or Computer Sciences","Male","","chrome",1440,730,"Mac OS","2022-03-09T15:10:50.313Z","success","winter22",1,6.94423333333333,"arrow"
"FR51H","SGC4B","1113","wi22sona","2217","27576","sona","asynch","TRUE","I tried my best on each question",3,2,4,"",21,"United States","English","Fourth","Social Sciences (incl. CogSci)","Female","","chrome",1504,860,"Windows 10","2022-03-06T00:19:24.183Z","success","winter22",2,15.7055333333333,"cross"
"4KY4F","SGC4B","1113","wi22sona","2217","40969","sona","asynch","TRUE","I tried my best on each question",3,4,5,"",19,"United States","English","First","Social Sciences (incl. CogSci)","Female","","chrome",1440,821,"Mac OS","2022-03-06T02:22:04.980Z","success","winter22",1,10.3194833333333,"cross"
"GLOTN","SGC4B","1112","wi22sona","2217","40654","sona","asynch","TRUE","I tried my best on each question",4,3,3,"",20,"United States of America","English","Third","Social Sciences (incl. CogSci)","Female","No","chrome",1397,726,"Mac OS","2022-03-04T03:19:47.772Z","success","winter22",1,3.98701666666667,"arrow"
"LHSML","SGC4B","1112","wi22sona","2218","41426","sona","asynch","TRUE","I tried my best on each question",4,4,3,"",19,"United States","English","First","Social Sciences (incl. CogSci)","Male","","chrome",1536,760,"Windows 10","2022-03-09T12:34:48.488Z","success","winter22",1,7.71673333333333,"arrow"
"THE8C","SGC4B","1112","wi22sona","2218","40429","sona","asynch","TRUE","I tried my best on most questions",4,3,4,"",20,"United States","English","Third","Social Sciences (incl. CogSci)","Male","Major Depressive Disorder","chrome",1536,700,"Windows 10","2022-03-09T20:46:16.968Z","success","winter22",1,6.91985,"arrow"
"AHV3D","SGC4B","1112","wi22sona","2218","38500","sona","asynch","TRUE","I tried my best on each question",4,3,3,"",21,"USA","Spanish","Third","Biomedical & Health Sciences","Female","","chrome",1276,680,"Mac OS","2022-03-09T17:18:52.421Z","success","winter22",2,8.21998333333333,"arrow"
"PV5ZW","SGC4B","1112","wi22sona","2217","38407","sona","asynch","TRUE","I tried my best on each question",2,5,2,"",19,"United States","English","Second","Social Sciences (incl. CogSci)","Female","","chrome",1440,789,"Mac OS","2022-03-05T04:03:58.488Z","success","winter22",1,7.74288333333333,"arrow"
"OVSVB","SGC4B","1112","wi22sona","2217","38295","sona","asynch","TRUE","I tried my best on each question",4,3,5,"",19,"United States","English","Second","Social Sciences (incl. CogSci)","Female","","chrome",1366,768,"Windows 10","2022-03-06T07:18:45.227Z","success","winter22",1,6.99953333333333,"arrow"
"K2NYT","SGC4B","1113","wi22sona","2218","37600","sona","asynch","TRUE","I tried my best on each question",4,2,1,"",19,"United States","English","Second","Social Sciences (incl. CogSci)","Female","","chrome",1440,821,"Mac OS","2022-03-09T10:56:15.371Z","success","winter22",1,15.4771833333333,"cross"
"48TKQ","SGC4B","1113","wi22sona","2218","42863","sona","asynch","TRUE","I tried my best on most questions",1,4,3,"",20,"USA","X-Other","Second","Biomedical & Health Sciences","Female","","chrome",1680,939,"Mac OS","2022-03-09T12:51:12.744Z","success","winter22",1,4.78081666666667,"cross"
"JZPOR","SGC4B","1113","wi22sona","2217","36441","sona","asynch","TRUE","I tried my best on each question",5,1,2,"",23,"United States","English","Fifth","Social Sciences (incl. CogSci)","Female","ADHD and learning disabilities in math and spelling.","chrome",1367,715,"Mac OS","2022-03-03T21:55:26.536Z","success","winter22",1,12.2623166666667,"cross"
"88UNV","SGC4B","1113","wi22sona","2218","39846","sona","asynch","TRUE","I tried my best on most questions",4,3,4,"",22,"United States","Spanish","Fourth","Biomedical & Health Sciences","Female","","chrome",1512,866,"Mac OS","2022-03-09T15:53:24.394Z","success","winter22",1,19.17635,"cross"
"2ANWJ","SGC4B","1112","wi22sona","2218","43331","sona","asynch","TRUE","I tried my best on each question",2,4,1,"N/A",18,"United States","English","First","Social Sciences (incl. CogSci)","Male","no","chrome",1707,948,"Windows 10","2022-03-09T11:57:13.743Z","success","winter22",1,13.8635666666667,"arrow"
"FCZJV","SGC4B","1112","wi22sona","2218","38703","sona","asynch","TRUE","I tried my best on each question",2,1,5,"I think it would be easier to read the x-axis if the hours had thicker tick marks and the half-hour points had thinner ones.",21,"United States","Cantonese","Third","Social Sciences (incl. CogSci)","Female","","chrome",1536,763,"Windows 10","2022-03-09T10:39:22.227Z","success","winter22",1,22.52405,"arrow"
"U82D6","SGC4B","1112","wi22sona","2218","43277","sona","asynch","TRUE","I tried my best on most questions",3,3,2,"Not sure.",19,"United States","Arabic","Second","Social Sciences (incl. CogSci)","Male","No.","chrome",1440,789,"Mac OS","2022-03-09T21:01:53.877Z","success","winter22",1,14.2770833333333,"arrow"
"F62AO","SGC4B","1112","wi22sona","2217","36387","sona","asynch","TRUE","I tried my best on each question",4,5,4,"It was a little bit difficult calculating the breaks that were at the same time.",22,"USA","English","Fourth","Social Sciences (incl. CogSci)","Female","No.","chrome",1920,969,"Windows 10","2022-03-05T20:29:56.607Z","success","winter22",1,8.22678333333333,"arrow"
"Q12RB","SGC4B","1113","wi22sona","2217","34276","sona","asynch","TRUE","I tried my best on each question",5,2,4,"",20,"United States","X-Other","Third","Social Sciences (incl. CogSci)","Female","","chrome",1403,766,"Mac OS","2022-03-05T01:59:21.594Z","success","winter22",1,8.7271,"cross"
"NQOP0","SGC4B","1112","wi22sona","2218","42551","sona","asynch","TRUE","I tried my best on each question",1,5,5,"",21,"Japan","X-Other","Third","Social Sciences (incl. CogSci)","Female","","chrome",1504,860,"Windows 10","2022-03-09T13:12:52.462Z","success","winter22",1,14.1155666666667,"arrow"
"EMEDX","SGC4B","1112","wi22sona","2218","43242","sona","asynch","TRUE","I tried my best on each question",4,4,2,"Learning how to use the graph was a bit difficult. I think an explanation of how the graph works would be useful.",18,"United States of America","English","First","Engineering","Male","no","chrome",1440,821,"Mac OS","2022-03-09T19:19:43.530Z","success","winter22",1,11.674,"arrow"
"O9681","SGC4B","1113","wi22sona","2217","34741","sona","asynch","TRUE","I tried my best on each question",3,3,4,"",21,"United Arab Emirates","English","Third","Social Sciences (incl. CogSci)","Female","No","chrome",1440,751,"Mac OS","2022-03-05T06:08:34.640Z","success","winter22",1,9.00441666666667,"cross"
"XMDE7","SGC4B","1112","wi22sona","2218","40332","sona","asynch","TRUE","I tried my best on most questions",4,2,1,"",21,"China","Mandarin","Second","Social Sciences (incl. CogSci)","Male","","chrome",1440,821,"Mac OS","2022-03-09T19:49:28.931Z","success","winter22",1,6.10028333333333,"arrow"
"21N5X","SGC4B","1112","wi22sona","2217","42901","sona","asynch","TRUE","I tried my best on most questions",3,2,2,"",19,"United States","English","Second","Humanities","Female","no","chrome",1366,768,"Windows 10","2022-03-06T02:51:27.581Z","success","winter22",2,30.3286833333333,"arrow"
"JGS6S","SGC4B","1113","wi22sona","2217","32684","sona","asynch","TRUE","I tried my best on each question",4,4,5,"I'm not sure how scoring is counted but on questions where you ask ""which shift lines up with X"" for some shift X, you also allow us to select that shift. I never know whether or not to include the original shift (e.g. X ends at the same time as X). Very interesting quiz!",21,"United States","English","Third","Social Sciences (incl. CogSci)","Male","No","chrome",1707,888,"Windows 10","2022-03-06T03:10:08.200Z","success","winter22",1,15.0785166666667,"cross"
"O19GK","SGC4B","1112","wi22sona","2217","42262","sona","asynch","TRUE","I tried my best on each question",2,4,1,"",18,"Brazil","X-Other","First","Natural Sciences","Female","","chrome",1280,689,"Mac OS","2022-03-06T19:46:09.770Z","success","winter22",1,7.77191666666667,"arrow"
"BPNLB","SGC4B","1112","wi22sona","2217","35577","sona","asynch","TRUE","I tried my best on each question",3,3,5,"",21,"United States","English","Fourth","Social Sciences (incl. CogSci)","Female","","chrome",1368,801,"Windows 10","2022-03-05T23:46:03.018Z","success","winter22",1,11.1624666666667,"arrow"
"7Z166","SGC4B","1112","wi22sona","2217","33935","sona","asynch","TRUE","I tried my best on each question",4,3,4,"",21,"USA","English","Fourth","Social Sciences (incl. CogSci)","Female","","chrome",1440,789,"Mac OS","2022-03-05T21:20:48.876Z","success","winter22",1,15.9624833333333,"arrow"
"O2YJH","SGC4B","1112","wi22sona","2217","37588","sona","asynch","TRUE","I tried my best on each question",3,4,2,"",20,"United States","English","Third","Social Sciences (incl. CogSci)","Other-Not Listed","I have ADHD but I had taken medication earlier today","chrome",1536,721,"Windows 10","2022-03-05T05:19:08.681Z","success","winter22",1,11.8353166666667,"arrow"
"HS3VB","SGC4B","1112","wi22sona","2218","42477","sona","asynch","TRUE","I tried my best on each question",3,3,4,"I did not realize how the graph was oriented for time vs duration initially, which made my first answers incorrect. ",19,"United States","English","Second","Social Sciences (incl. CogSci)","Female","no","chrome",1418,703,"Mac OS","2022-03-09T20:25:33.573Z","success","winter22",3,8.68045,"arrow"
"LJCT0","SGC4B","1112","wi22sona","2218","35394","sona","asynch","TRUE","I tried my best on most questions",2,5,4,"",21,"China","Mandarin","Third","Social Sciences (incl. CogSci)","Male","","chrome",1920,969,"Windows 10","2022-03-09T19:42:10.733Z","success","winter22",3,9.7933,"arrow"
"V2YWG","SGC4B","1113","wi22sona","2217","42891","sona","asynch","TRUE","I tried my best on each question",4,3,4,"",20,"United States","X-Other","Third","Biomedical & Health Sciences","Female","No","chrome",1440,789,"Mac OS","2022-03-03T19:28:49.458Z","success","winter22",2.5,16.8676166666667,"cross"
"7UK5N","SGC4B","1113","wi22sona","2218","39828","sona","asynch","TRUE","I tried my best on each question",2,4,3,"",21,"united states","English","Fourth","Social Sciences (incl. CogSci)","Female","","chrome",1349,689,"Mac OS","2022-03-09T07:39:47.606Z","success","winter22",1,7.69235,"cross"
"6SRFD","SGC4B","1113","wi22sona","2217","31711","sona","asynch","TRUE","I tried my best on each question",4,2,3,"It was a little confusing navigating when shifts started to when they ended",20,"United States","English","Third","Social Sciences (incl. CogSci)","Female","N/A","chrome",1440,789,"Mac OS","2022-03-06T07:26:04.090Z","success","winter22",1,11.1901333333333,"cross"
"4EOL2","SGC4B","1112","wi22sona","2218","43090","sona","asynch","TRUE","I tried my best on each question",3,3,3,"",21,"United States","Cantonese","Third","Social Sciences (incl. CogSci)","Female","","chrome",1440,694,"Mac OS","2022-03-09T21:13:16.624Z","success","winter22",1,13.02365,"arrow"
"H9SXZ","SGC4B","1113","wi22sona","2217","10678","sona","asynch","TRUE","I tried my best on most questions",2,4,1,"none",21,"China","Mandarin","Fourth","Social Sciences (incl. CogSci)","Female","none","chrome",1440,821,"Mac OS","2022-03-04T09:30:39.502Z","success","winter22",2,13.6140666666667,"cross"
"DB4YJ","SGC4B","1112","wi22sona","2217","30639","sona","asynch","TRUE","I tried my best on each question",4,4,5,"",22,"United States","Cantonese","Fourth","Social Sciences (incl. CogSci)","Female","","chrome",2560,1338,"Mac OS","2022-03-05T00:19:36.782Z","success","winter22",1,11.67635,"arrow"
"RRKFH","SGC4B","1113","wi22sona","2217","42379","sona","asynch","TRUE","I tried my best on most questions",3,2,2,"",19,"USA","English","Second","Social Sciences (incl. CogSci)","Male","No","chrome",1536,754,"Windows 10","2022-03-03T21:39:00.450Z","success","winter22",1,8.52313333333333,"cross"
"OAKMT","SGC4B","1112","wi22sona","2218","42299","sona","asynch","TRUE","I tried my best on each question",2,3,5,"This task was really fun and interesting as I have never tried anything like this before. ",20,"Pakistan","X-Other","Third","Social Sciences (incl. CogSci)","Female","","chrome",1600,789,"Windows 7","2022-03-09T19:09:00.463Z","success","winter22",1,12.2326,"arrow"
"F0WGD","SGC4B","1113","wi22sona","2218","36231","sona","asynch","TRUE","I tried my best on each question",2,5,5,"It took me a long time to figure out how to use the chart but after I got the pattern it was easy.",19,"United States of America","English","Second","Social Sciences (incl. CogSci)","Female","","chrome",1280,721,"Mac OS","2022-03-09T18:43:44.985Z","success","winter22",1,12.8223,"cross"
"X9V96","SGC4B","1113","wi22sona","2217","36181","sona","asynch","TRUE","I tried my best on each question",4,5,3,"",22,"USA","English","Fourth","Biomedical & Health Sciences","Female","no","chrome",1920,969,"Windows 10","2022-03-06T02:25:39.194Z","success","winter22",1,9.65225,"cross"
"DBWSG","SGC4B","1112","wi22sona","2217","41327","sona","asynch","TRUE","I tried my best on each question",4,3,2,"",18,"US","English","First","Humanities","Female","","chrome",1440,821,"Mac OS","2022-03-06T01:08:11.714Z","success","winter22",1,5.44751666666667,"arrow"
"Y7K5L","SGC4B","1112","wi22sona","2218","43340","sona","asynch","TRUE","I tried my best on most questions",4,2,3,"",20,"United States","English","Third","Social Sciences (incl. CogSci)","Female","no","chrome",1440,821,"Mac OS","2022-03-09T20:12:10.537Z","success","winter22",1,10.0055333333333,"arrow"
"ZLES9","SGC4B","1112","wi22sona","2218","41595","sona","asynch","TRUE","I tried my best on most questions",4,2,3,"I thought each shift is 12 hrs, and some questions does not seem quite right. However, I realized like halfway through...",21,"China","Mandarin","Third","Social Sciences (incl. CogSci)","Male","","chrome",1920,969,"Windows 10","2022-03-09T20:42:20.870Z","success","winter22",3,27.4144166666667,"arrow"
"ZR3GD","SGC4B","1112","wi22sona","2218","41458","sona","asynch","TRUE","I tried my best on most questions",3,3,3,"Maybe explain how the graph works/ clarify it ",18,"United States","English","First","Fine Arts","Female","no","chrome",1440,750,"Mac OS","2022-03-09T18:02:35.364Z","success","winter22",1,9.38455,"arrow"
"PDCV3","SGC4B","1113","wi22sona","2217","42296","sona","asynch","TRUE","I tried my best on each question",2,4,5,"",18,"U.S.","Spanish","First","Biomedical & Health Sciences","Female","No.","chrome",1440,821,"Mac OS","2022-03-06T10:17:16.272Z","success","winter22",1,8.27795,"cross"
"OP042","SGC4B","1113","wi22sona","2218","42168","sona","asynch","TRUE","I tried my best on each question",5,1,3,"I don't understand breaks at all.",18,"United States","X-Other","First","Math or Computer Sciences","Male","ADHD","chrome",1440,736,"Mac OS","2022-03-09T10:09:19.069Z","success","winter22",1,6.29858333333333,"cross"
"C5Q1H","SGC4B","1112","wi22sona","2217","43219","sona","asynch","TRUE","I tried my best on most questions",3,3,4,"I accidentally clicked submit thinking I had selected two answers but only selected one, I would definitely encourage participants to review their submission when clicking the submit button to allow for less user error",19,"United States of America","French","Second","Social Sciences (incl. CogSci)","Female","No","chrome",1920,969,"Windows 10","2022-03-05T22:17:28.260Z","success","winter22",1,8.94906666666667,"arrow"
"KT181","SGC4B","1113","wi22sona","2217","38436","sona","asynch","TRUE","I tried my best on each question",4,2,3,"",22,"United States","Spanish","Fourth","Natural Sciences","Female","","chrome",1440,712,"Mac OS","2022-03-05T22:43:14.078Z","success","winter22",1,5.48,"cross"
"9UWCZ","SGC4B","1113","wi22sona","2217","40975","sona","asynch","TRUE","I tried my best on most questions",4,2,2,"",22,"United States","English","Third","Social Sciences (incl. CogSci)","Female","","chrome",1440,821,"Mac OS","2022-03-04T03:48:32.725Z","success","winter22",1,3.26026666666667,"cross"
"VHT5F","SGC4B","1112","wi22sona","2218","42299","sona","asynch","TRUE","I tried my best on each question",2,3,5,"this task was really interesting
",20,"Pakistan","X-Other","Third","Social Sciences (incl. CogSci)","Female","","chrome",1600,789,"Windows 7","2022-03-09T19:37:50.382Z","success","winter22",1,6.5871,"arrow"
"AJYVC","SGC4B","1113","wi22sona","2217","41586","sona","asynch","TRUE","I tried my best on each question",3,3,1,"",21,"US","English","Third","Social Sciences (incl. CogSci)","Male","","chrome",1536,754,"Windows 10","2022-03-05T21:15:21.384Z","success","winter22",1,10.0278166666667,"cross"
"XEUT2","SGC4B","1113","wi22sona","2217","42728","sona","asynch","TRUE","I tried my best on most questions",4,2,4,"",18,"United States","English","First","Math or Computer Sciences","Male","","chrome",1920,969,"Windows 10","2022-03-04T04:29:22.596Z","success","winter22",3,16.8146166666667,"cross"
"R7C8N","SGC4B","1112","wi22sona","2217","42032","sona","asynch","TRUE","I tried my best on each question",4,4,4,"N/A",19,"United States","English","Second","Biomedical & Health Sciences","Female","No","chrome",1440,764,"Mac OS","2022-03-06T00:36:31.659Z","success","winter22",1,7.39346666666667,"arrow"
"NCUFD","SGC4B","1112","wi22sona","2218","38551","sona","asynch","TRUE","I tried my best on each question",2,4,3,"",22,"USA","English","Fourth","Social Sciences (incl. CogSci)","Female","","chrome",1440,789,"Mac OS","2022-03-09T18:10:51.877Z","success","winter22",2,17.30185,"arrow"
"ZGUR4","SGC4B","1113","wi22sona","2218","37400","sona","asynch","TRUE","I tried my best on each question",3,5,4,"I am interested to know what you are testing!",22,"USA","English","Fifth","Social Sciences (incl. CogSci)","Male","No","chrome",1536,708,"Windows 10","2022-03-09T18:41:22.204Z","success","winter22",1,11.5258,"cross"
"AJVDQ","SGC4B","1112","wi22sona","2217","36174","sona","asynch","TRUE","I tried my best on each question",2,4,4,"n/a",22,"US","X-Other","Fourth","Social Sciences (incl. CogSci)","Female","No.","chrome",1440,713,"Mac OS","2022-03-05T22:16:37.570Z","success","winter22",2,11.2696666666667,"arrow"
"XUNLH","SGC4B","1112","wi22sona","2217","43141","sona","asynch","TRUE","I tried my best on each question",3,4,4,"",19,"United States","English","Second","Math or Computer Sciences","Male","","chrome",2048,1042,"Windows 10","2022-03-05T23:00:39.545Z","success","winter22",2,6.84591666666667,"arrow"
"U9OS0","SGC4B","1112","wi22sona","2217","42935","sona","asynch","TRUE","I tried my best on most questions",2,4,1,"",21,"Japan","X-Other","Third","Humanities","Male","I'm not good at reading English well.","chrome",1280,735,"Windows 10","2022-03-06T05:03:17.776Z","success","winter22",2,11.4103,"arrow"
"2587H","SGC4B","1113","wi22sona","2217","39663","sona","asynch","TRUE","I tried my best on most questions",2,2,4,"",21,"United States","Spanish","Fourth","Biomedical & Health Sciences","Female","No","chrome",1440,841,"Windows 10","2022-03-05T22:58:47.282Z","success","winter22",1.5,6.22666666666667,"cross"
"Q6N18","SGC4B","1113","wi22sona","2217","32872","sona","asynch","TRUE","I tried my best on most questions",4,4,3,"",20,"US","English","Third","Social Sciences (incl. CogSci)","Female","No","chrome",1278,703,"Mac OS","2022-03-03T21:21:49.344Z","success","winter22",1,10.034,"cross"
"TTK8X","SGC4B","1113","wi22sona","2217","38715","sona","asynch","TRUE","I tried my best on most questions",4,2,2,"",19,"United States","Korean","Second","Social Sciences (incl. CogSci)","Female","No.","chrome",1280,689,"Windows 10","2022-03-06T05:48:12.870Z","success","winter22",1,7.49118333333333,"cross"
"2LJXR","SGC4B","1113","wi22sona","2218","43330","sona","asynch","TRUE","I tried my best on each question",4,3,2,"",24,"U.S.A","Korean","Third","Humanities","Female","No","chrome",1440,693,"Mac OS","2022-03-09T11:20:41.901Z","success","winter22",1,8.69521666666667,"cross"
"DAA74","SGC4B","1113","wi22sona","2217","33081","sona","asynch","TRUE","I tried my best on each question",4,3,4,"",21,"United States","English","Fourth","Social Sciences (incl. CogSci)","Female","","chrome",1440,821,"Mac OS","2022-03-06T07:35:25.654Z","success","winter22",1,9.55158333333333,"cross"
"BW93M","SGC4B","1112","wi22sona","2217","41492","sona","asynch","TRUE","I tried my best on most questions",4,3,1,"",21,"Unites States","English","Third","Social Sciences (incl. CogSci)","Female","No","chrome",1440,742,"Mac OS","2022-03-06T19:58:26.594Z","success","winter22",1,6.66731666666667,"arrow"
"HBEJC","SGC4B","1112","wi22sona","2217","41370","sona","asynch","TRUE","I tried my best on each question",2,3,5,"",18,"United States","English","First","Biomedical & Health Sciences","Female","","chrome",1440,701,"Mac OS","2022-03-05T23:50:37.338Z","success","winter22",1,10.9417,"arrow"
"W9B36","SGC4B","1112","wi22sona","2217","37977","sona","asynch","TRUE","I tried my best on each question",2,4,4,"",23,"United States","Spanish","Fourth","Social Sciences (incl. CogSci)","Female","No","chrome",1440,732,"Mac OS","2022-03-06T05:40:05.038Z","success","winter22",1,6.17246666666667,"arrow"
"4UK5M","SGC4B","1113","wi22sona","2217","30371","sona","asynch","TRUE","I tried my best on most questions",2,4,3,"",21,"China","Mandarin","Fourth","Engineering","Male","No","chrome",1920,937,"Windows 10","2022-03-05T05:33:07.931Z","success","winter22",1,9.02966666666667,"cross"
"ZG3VV","SGC4B","1112","wi22sona","2218","35231","sona","asynch","TRUE","I tried my best on each question",2,5,4,"",23,"USA","X-Other","Fifth","Social Sciences (incl. CogSci)","Female","no","chrome",1440,789,"Mac OS","2022-03-09T07:16:28.799Z","success","winter22",1,20.3390333333333,"arrow"
"TGCCQ","SGC4B","1113","wi22sona","2217","33694","sona","asynch","TRUE","I tried my best on each question",3,3,4,"Slightly confusing graph ",20,"United States","Spanish","Third","Social Sciences (incl. CogSci)","Female","No","chrome",1440,766,"Mac OS","2022-03-04T01:39:26.333Z","success","winter22",3,19.52305,"cross"
"HJ73Z","SGC4B","1112","wi22sona","2218","42165","sona","asynch","TRUE","I tried my best on most questions",2,3,3,"",19,"United States","English","Second","Biomedical & Health Sciences","Male","","chrome",1920,947,"Windows 10","2022-03-09T21:12:48.723Z","success","winter22",1.5,7.63673333333333,"arrow"
"MTTJL","SGC4B","1113","wi22sona","2217","36289","sona","asynch","TRUE","I tried my best on each question",3,4,2,"",21,"China","Mandarin","Second","Math or Computer Sciences","Male","","chrome",1368,769,"Windows 10","2022-03-04T05:01:47.032Z","success","winter22",1,5.63921666666667,"cross"
"HECHY","SGC4B","1113","wi22sona","2217","43202","sona","asynch","TRUE","I tried my best on each question",4,4,1,"I considered skipping the harder questions after I felt like it was taking too much time and I was getting bored, but I didn't. ",19,"United States","English","Second","Social Sciences (incl. CogSci)","Male","","chrome",1536,721,"Windows 10","2022-03-05T00:05:28.906Z","success","winter22",2,15.1934666666667,"cross"
"Y5UVE","SGC4B","1112","wi22sona","2217","40949","sona","asynch","TRUE","I tried my best on each question",3,3,2,"",20,"United States","English","Third","Biomedical & Health Sciences","Female","","chrome",1440,821,"Mac OS","2022-03-05T23:14:40.981Z","success","winter22",1,10.5447333333333,"arrow"
"YO7KR","SGC4B","1113","wi22sona","2218","42953","sona","asynch","TRUE","I tried my best on most questions",5,3,2,"",19,"United States","English","First","Biomedical & Health Sciences","Female","n/a","chrome",1439,764,"Mac OS","2022-03-09T07:41:31.701Z","success","winter22",1,12.8002166666667,"cross"
"N4119","SGC4B","1113","wi22sona","2218","37515","sona","asynch","TRUE","I tried my best on each question",3,2,3,"",20,"USA","English","Third","Natural Sciences","Female","","chrome",1422,684,"Windows 10","2022-03-09T08:04:46.178Z","success","winter22",1,6.88711666666667,"cross"
"Q1O31","SGC4B","1113","wi22sona","2218","39299","sona","asynch","TRUE","I tried my best on most questions",2,5,5,"",23,"China","Mandarin","Third","Social Sciences (incl. CogSci)","Male","","chrome",1481,904,"Mac OS","2022-03-09T11:42:32.560Z","success","winter22",1,6.08575,"cross"
"MTVVC","SGC4B","1113","wi22sona","2217","36475","sona","asynch","TRUE","I tried my best on each question",3,3,3,"",24,"United States","English","Fourth","Social Sciences (incl. CogSci)","Male","No","chrome",1600,789,"Windows 10","2022-03-05T18:56:42.101Z","success","winter22",1,15.6535333333333,"cross"
"42N56","SGC4B","1112","wi22sona","2218","40265","sona","asynch","TRUE","I tried my best on each question",3,5,4,"",22,"USA","English","Third","Biomedical & Health Sciences","Male","no","chrome",1920,1001,"Mac OS","2022-03-09T19:26:33.815Z","success","winter22",1,7.37378333333333,"arrow"
"D18Z4","SGC4B","1112","wi22sona","2218","43262","sona","asynch","TRUE","I tried my best on most questions",4,3,2,"Nothing really comes to mind for this question.",18,"USA","English","First","Math or Computer Sciences","Male","No","chrome",1536,809,"Windows 10","2022-03-09T20:50:56.199Z","success","winter22",1,13.4691666666667,"arrow"
"MOOMN","SGC4B","1112","wi22sona","2217","38940","sona","asynch","TRUE","I tried my best on most questions",3,3,2,"n/a",19,"United States","English","Second","Social Sciences (incl. CogSci)","Female","","chrome",1440,738,"Mac OS","2022-03-03T22:01:59.151Z","success","winter22",1,7.3246,"arrow"
"7SYZM","SGC4B","1113","wi22sona","2218","38011","sona","asynch","TRUE","I tried my best on most questions",3,3,5,"",20,"USA","Spanish","Second","Humanities","Female","No","chrome",1366,768,"Windows 10","2022-03-09T21:25:14.986Z","success","winter22",2,13.6543166666667,"cross"
"SGV7F","SGC4B","1112","wi22sona","2217","36289","sona","asynch","TRUE","I tried my best on each question",3,3,4,"",21,"China","Mandarin","Second","Math or Computer Sciences","Male","","chrome",1368,769,"Windows 10","2022-03-04T05:08:05.035Z","success","winter22",1,2.49113333333333,"arrow"
"NNM19","SGC4B","1112","wi22sona","2217","38436","sona","asynch","TRUE","I tried my best on each question",3,2,3,"The start/end times was a bit confusing.",22,"United States","Spanish","Fourth","Social Sciences (incl. CogSci)","Female","No","chrome",1440,712,"Mac OS","2022-03-04T00:50:33.468Z","success","winter22",1.5,15.2763666666667,"arrow"
"S0TJN","SGC4B","1112","wi22sona","2218","40962","sona","asynch","TRUE","I tried my best on each question",3,4,5,"",24,"china","Mandarin","Third","Natural Sciences","Female","","chrome",1600,752,"Windows 10","2022-03-09T20:17:49.893Z","success","winter22",3,11.67125,"arrow"
"AYOKT","SGC4B","1113","wi22sona","2217","36200","sona","asynch","TRUE","I tried my best on each question",2,4,4,"",24,"macau","Cantonese","Fourth","Natural Sciences","Female","","chrome",1440,789,"Mac OS","2022-03-05T23:02:12.692Z","success","winter22",1,11.4561333333333,"cross"
"TZV3W","SGC4B","1112","wi22sona","2218","43114","sona","asynch","TRUE","I tried my best on each question",4,5,3,"",18,"United States","Spanish","First","Engineering","Female","","chrome",1440,730,"Mac OS","2022-03-09T10:15:47.892Z","success","winter22",2,11.65935,"arrow"
"7PNCB","SGC4B","1113","wi22sona","2217","31352","sona","asynch","TRUE","I tried my best on most questions",4,4,3,"",21,"USA","Spanish","Third","Social Sciences (incl. CogSci)","Male","","chrome",1440,821,"Mac OS","2022-03-04T00:27:51.562Z","success","winter22",2,24.67725,"cross"
"3LEDW","SGC4B","1113","wi22sona","2218","38584","sona","asynch","TRUE","I tried my best on each question",3,2,3,"I have nothing else to say about this experience. thank you ",22,"United States of America","Spanish","Fourth","Social Sciences (incl. CogSci)","Male","No","chrome",2560,1361,"Mac OS","2022-03-09T17:02:41.673Z","success","winter22",2,9.53118333333333,"cross"
"BH8G3","SGC4B","11111","wi22sona","2218","34293","sona","asynch","TRUE","I tried my best on each question",3,4,4,"",20,"United States","English","Third","Social Sciences (incl. CogSci)","Female","","chrome",1536,913,"Windows 10","2022-03-06T22:18:55.614Z","success","winter22",2,7.10468333333333,"point"
"KNNML","SGC4B","11111","wi22sona","2218","41117","sona","asynch","TRUE","I tried my best on each question",3,3,4,"",21,"United States","X-Other","Third","Humanities","Female","no","chrome",1440,696,"Mac OS","2022-03-09T03:58:09.226Z","success","winter22",1,11.9870166666667,"point"
"RPP39","SGC4B","11111","wi22sona","2218","43084","sona","asynch","TRUE","I tried my best on most questions",4,3,3,"",20,"China","Mandarin","First","Social Sciences (incl. CogSci)","Female","","chrome",1280,721,"Mac OS","2022-03-09T05:59:16.663Z","success","winter22",1,5.01208333333333,"point"
"L8U24","SGC4B","11111","wi22sona","2218","37134","sona","asynch","TRUE","I tried my best on each question",2,4,3,"",21,"USA","English","Fourth","Biomedical & Health Sciences","Male","","chrome",1440,746,"Mac OS","2022-03-06T19:55:11.215Z","success","winter22",1.5,9.7209,"point"
"JEWNV","SGC4B","11111","wi22sona","2218","40037","sona","asynch","TRUE","I tried my best on most questions",2,5,3,"",20,"Mexico","English","Third","Biomedical & Health Sciences","Male","none","chrome",1440,821,"Mac OS","2022-03-07T04:04:35.918Z","success","winter22",1.5,11.22505,"point"
"RTJF6","SGC4B","11111","wi22sona","2218","33856","sona","asynch","TRUE","I tried my best on each question",3,5,3,"",21,"Brazil","X-Other","Third","Social Sciences (incl. CogSci)","Female","No","chrome",1440,789,"Mac OS","2022-03-09T05:23:49.279Z","success","winter22",2,6.78733333333333,"point"
"C7R9T","SGC4B","11111","wi22sona","2218","38498","sona","asynch","TRUE","I tried my best on each question",2,5,4,"",21,"United States","X-Other","Third","Social Sciences (incl. CogSci)","Male","","chrome",1440,744,"Mac OS","2022-03-08T22:31:24.987Z","success","winter22",1,8.36971666666667,"point"
"D33FX","SGC4B","11111","wi22sona","2218","39771","sona","asynch","TRUE","I tried my best on each question",4,2,5,"it was a very interesting task!",20,"United States","Spanish","Third","Math or Computer Sciences","Female","n/a","chrome",1440,789,"Mac OS","2022-03-09T00:15:38.488Z","success","winter22",1,13.83765,"point"
"1S97U","SGC4B","11111","wi22sona","2218","40238","sona","asynch","TRUE","I tried my best on each question",3,4,4,"",19,"United States","English","Second","Social Sciences (incl. CogSci)","Female","No","chrome",1366,689,"Mac OS","2022-03-09T02:14:03.444Z","success","winter22",1,19.94465,"point"
"GXF2S","SGC4B","11111","wi22sona","2218","33035","sona","asynch","TRUE","I tried my best on each question",4,4,5,"The diagonal lines connecting all the events leave the graph a little hard to see and make sense of",20,"U.S.A.","English","Third","Social Sciences (incl. CogSci)","Male","N/A","chrome",1920,937,"Windows 10","2022-03-09T05:37:40.455Z","success","winter22",1,8.8445,"point"
"0YMRZ","SGC4B","11111","wi22sona","2217","34862","sona","asynch","TRUE","I tried my best on most questions",4,3,3,"",21,"USA","Spanish","Third","Social Sciences (incl. CogSci)","Female","","chrome",1440,789,"Mac OS","2022-03-09T21:58:50.044Z","success","winter22",2,8.03216666666667,"point"
"RO5L8","SGC4B","11111","wi22sona","2218","41605","sona","asynch","TRUE","I tried my best on each question",4,3,3,"",19,"United States","X-Other","Second","Biomedical & Health Sciences","Female","No","chrome",1440,691,"Mac OS","2022-03-07T05:48:58.352Z","success","winter22",1,13.5490333333333,"point"
"0J5TD","SGC4B","11111","wi22sona","2218","40027","sona","asynch","TRUE","I tried my best on each question",3,4,3,"Stimulating",22,"United States","English","Fourth","Social Sciences (incl. CogSci)","Male","no","chrome",1920,969,"Windows 10","2022-03-08T21:16:16.959Z","success","winter22",2.5,12.26,"point"
"V73EP","SGC4B","11111","wi22sona","2218","42953","sona","asynch","TRUE","I tried my best on most questions",4,3,3,"It is a bit confusing because of the way the graph is",19,"United States","English","First","Biomedical & Health Sciences","Female","n/a","chrome",1439,715,"Mac OS","2022-03-08T07:31:08.075Z","success","winter22",1.5,13.8665166666667,"point"
"5EA7J","SGC4B","11111","wi22sona","2218","40278","sona","asynch","TRUE","I tried my best on each question",2,5,3,"",18,"USA","X-Other","First","Biomedical & Health Sciences","Female","No","chrome",1440,821,"Mac OS","2022-03-09T03:03:37.934Z","success","winter22",2,15.89335,"point"
"0MDW3","SGC4B","11111","wi22sona","2218","32841","sona","asynch","TRUE","I tried my best on each question",2,4,4,"N/A",22,"South Korea","Korean","Fourth","Natural Sciences","Male","No","chrome",1440,821,"Mac OS","2022-03-09T03:16:28.632Z","success","winter22",2.5,15.0404666666667,"point"
"OURVT","SGC4B","11111","wi22sona","2218","32704","sona","asynch","TRUE","I tried my best on each question",1,5,4,"",21,"United States","X-Other","Fourth","Social Sciences (incl. CogSci)","Male","","chrome",1920,1057,"Windows 10","2022-03-08T23:07:50.721Z","success","winter22",1,5.87963333333333,"point"
"GWGN0","SGC4B","11111","wi22sona","2218","40402","sona","asynch","TRUE","I tried my best on most questions",5,2,1,"",19,"United States","English","Second","Engineering","Male","Not an impairment, but i misinterpreted the graph for the first question","chrome",1858,964,"Windows 10","2022-03-07T00:53:39.637Z","success","winter22",3,6.74855,"point"
"HXCRV","SGC4B","11111","wi22sona","2218","41969","sona","asynch","TRUE","I tried my best on each question",4,3,5,"",20,"United States","English","Third","Social Sciences (incl. CogSci)","Female","","chrome",1920,842,"Mac OS","2022-03-08T09:44:39.152Z","success","winter22",1.5,7.64068333333333,"point"
"11XCH","SGC4B","11111","wi22sona","2218","37682","sona","asynch","TRUE","I tried my best on most questions",3,2,5,"Really fun but frustrating lol",21,"United States","Arabic","Fourth","Social Sciences (incl. CogSci)","Male","no","chrome",2195,1092,"Windows 10","2022-03-09T02:05:32.085Z","success","winter22",3,32.6356,"point"
"ON3CS","SGC4B","11111","wi22sona","2218","41187","sona","asynch","TRUE","I tried my best on most questions",4,1,3,"Maybe give some more background on the graph. ",19,"US","English","First","Social Sciences (incl. CogSci)","Female","No","chrome",1440,821,"Mac OS","2022-03-09T04:29:23.631Z","success","winter22",1,12.5077333333333,"point"
"545HR","SGC4B","11111","wi22sona","2218","42247","sona","asynch","TRUE","I tried my best on each question",4,3,3,"that i did not fully understand the directions until about a third of the way through so a lot of my earlier answers were based on faulty logic.",19,"USA","English","First","Social Sciences (incl. CogSci)","Female","NO","chrome",1440,821,"Mac OS","2022-03-08T23:07:04.691Z","success","winter22",2,10.5891333333333,"point"
"OWOFE","SGC4B","11111","wi22sona","2218","39970","sona","asynch","TRUE","I tried my best on each question",5,1,4,"",20,"US","English","Second","Social Sciences (incl. CogSci)","Other-Not Listed","ASD","chrome",1440,821,"Mac OS","2022-03-09T03:44:35.680Z","success","winter22",1,13.96805,"point"
"BKASK","SGC4B","11111","wi22sona","2218","43112","sona","asynch","TRUE","I tried my best on most questions",2,3,2,"",19,"United States","English","First","Natural Sciences","Other-Not Listed","no","chrome",1440,788,"Mac OS","2022-03-09T06:51:04.321Z","success","winter22",1,11.1538333333333,"point"
"03DH0","SGC4B","11111","wi22sona","2218","31862","sona","asynch","TRUE","I tried my best on each question",1,5,4,"At first I didn't understand the graph, but after about a minute of looking at it, it started to make more and more sense.
",20,"United States","Spanish","Third","Social Sciences (incl. CogSci)","Male","no","chrome",1536,722,"Windows 10","2022-03-08T19:38:05.156Z","success","winter22",1,9.61305,"point"
"SFGM1","SGC4B","11111","wi22sona","2218","39756","sona","asynch","TRUE","I tried my best on each question",4,2,3,"N/A",19,"Republic of Korea","English","Second","Social Sciences (incl. CogSci)","Male","N/A","chrome",1440,714,"Mac OS","2022-03-09T01:07:26.093Z","success","winter22",1,8.1803,"point"
"EK0VG","SGC4B","11111","wi22sona","2217","42299","sona","asynch","TRUE","I tried my best on each question",2,3,5,"This task was really interesting",20,"Pakistan","X-Other","Third","Social Sciences (incl. CogSci)","Female","","chrome",1600,789,"Windows 7","2022-03-09T21:21:46.998Z","success","winter22",1,3.46805,"point"
"VRDL9","SGC4B","11111","wi22sona","2218","43038","sona","asynch","TRUE","I tried my best on most questions",5,2,5,"What was the point of the diagonal lines?",18,"United States","English","First","Engineering","Male","NO","chrome",1536,754,"Windows 10","2022-03-09T01:59:00.214Z","success","winter22",1,12.4851666666667,"point"
"GWVWK","SGC4B","11111","wi22sona","2218","41915","sona","asynch","TRUE","I tried my best on each question",4,5,4,"it was interesting adjusting to how the graph worked.",20,"United States","English","Third","Social Sciences (incl. CogSci)","Male","n/a","chrome",1184,711,"Mac OS","2022-03-06T23:34:33.694Z","success","winter22",1,10.2843333333333,"point"
"Z1Z1O","SGC4B","11111","wi22sona","2218","38789","sona","asynch","TRUE","I tried my best on most questions",4,3,2,"",20,"United States","Spanish","Fourth","Social Sciences (incl. CogSci)","Female","No","chrome",1366,768,"Chrome OS","2022-03-07T06:47:53.493Z","success","winter22",1,13.5330666666667,"point"
"AAOLH","SGC4B","11111","wi22sona","2218","36209","sona","asynch","TRUE","I tried my best on most questions",4,2,5,"",19,"United States","English","Second","Biomedical & Health Sciences","Female","I have ADHD. ","chrome",1440,821,"Mac OS","2022-03-09T06:59:15.873Z","success","winter22",1,6.24411666666667,"point"
"T71Z3","SGC4B","11111","wi22sona","2218","43104","sona","asynch","TRUE","I tried my best on each question",3,2,4,"I did not fully understand the graph for the first half of the survey and I only thought the dot is about the start time and did not think through the lines connecting to dots. Maybe it will be better if there is an example or practice question? ",18,"China","Mandarin","First","Social Sciences (incl. CogSci)","Female","N/A","chrome",1440,789,"Mac OS","2022-03-09T03:57:35.326Z","success","winter22",3,36.4228833333333,"point"
"04TE9","SGC4B","11111","wi22sona","2218","41811","sona","asynch","TRUE","I tried my best on most questions",3,3,2,"",20,"United States","English","Third","Math or Computer Sciences","Female","No","chrome",1357,706,"Mac OS","2022-03-08T16:56:18.351Z","success","winter22",1,9.90221666666667,"point"
"Y81GX","SGC4B","11111","wi22sona","2218","40841","sona","asynch","TRUE","I tried my best on each question",3,4,2,"The graph was understandable enough to complete the questions but the triangle format slightly confused me.",19,"United States","English","Second","Social Sciences (incl. CogSci)","Male","No","chrome",1440,745,"Mac OS","2022-03-09T02:49:20.580Z","success","winter22",1,18.2329833333333,"point"
"7UM6W","SGC4B","11111","wi22sona","2218","26009","sona","asynch","TRUE","I tried my best on each question",4,4,3,"The activity was strenuous on my eyes. ",23,"United States","English","Third","Social Sciences (incl. CogSci)","Male","","chrome",1440,733,"Mac OS","2022-03-07T06:33:11.198Z","success","winter22",2,29.8159333333333,"point"
"SBKOJ","SGC4B","11111","wi22sona","2218","36062","sona","asynch","TRUE","I tried my best on each question",3,1,3,"I'm not sure if I read the schedules correctly, but I tried. ",28,"United States","English","Fourth","Social Sciences (incl. CogSci)","Male","No","chrome",1280,800,"Mac OS","2022-03-06T22:39:29.454Z","success","winter22",2,17.4187833333333,"point"
"781AJ","SGC4B","11111","wi22sona","2218","41205","sona","asynch","TRUE","I tried my best on most questions",4,2,3,"I quite honestly was pretty confused due to the triangles and lines.",21,"United States","English","Third","Social Sciences (incl. CogSci)","Female","No ","chrome",1190,734,"Mac OS","2022-03-09T00:31:09.883Z","success","winter22",1.5,7.64015,"point"
"HF4J5","SGC4B","11111","wi22sona","2218","43316","sona","asynch","TRUE","I tried my best on most questions",2,2,1,"",19,"United States","X-Other","Second","Social Sciences (incl. CogSci)","Female","no","chrome",1440,733,"Mac OS","2022-03-09T02:17:29.116Z","success","winter22",1,9.47928333333333,"point"
"F3GNF","SGC4B","11111","wi22sona","2218","34098","sona","asynch","TRUE","I tried my best on most questions",3,3,3,"",20,"United States","Korean","Third","Biomedical & Health Sciences","Female","","chrome",1536,746,"Windows 10","2022-03-07T06:45:52.686Z","success","winter22",1,9.6488,"point"
"BCLOS","SGC4B","11111","wi22sona","2217","32378","sona","asynch","TRUE","I tried my best on most questions",4,2,2,"I think some of the later questions revealed that I may have been looking at the chart entirely wrong :(",20,"United States","English","Third","Social Sciences (incl. CogSci)","Male","no","chrome",1440,722,"Mac OS","2022-03-09T21:01:38.391Z","success","winter22",1,10.6031666666667,"point"
"37106","SGC4B","11111","wi22sona","2218","34819","sona","asynch","TRUE","I tried my best on most questions",4,4,5,"I dont know",20,"Mexico","Spanish","Third","Social Sciences (incl. CogSci)","Female","None","chrome",1440,789,"Mac OS","2022-03-07T00:24:39.760Z","success","winter22",1,9.8757,"point"
"JGQL7","SGC4B","11111","wi22sona","2218","38096","sona","asynch","TRUE","I tried my best on each question",4,3,3,"I was confused about the x-axis being labeled as ""start and end times."" I calculated the end times by adding the duration to the hour labeled on the x-axis but I'm honestly not sure if that was the correct way to go about it since the ""end times"" was labeled there as well.",20,"United States","English","Second","Biomedical & Health Sciences","Female","No","chrome",1536,722,"Windows 10","2022-03-09T01:15:09.404Z","success","winter22",1,11.4689666666667,"point"
"6JZMM","SGC4B","11111","wi22sona","2218","37892","sona","asynch","TRUE","I tried my best on most questions",2,3,1,"",19,"United States","X-Other","Second","Social Sciences (incl. CogSci)","Female","","chrome",1440,820,"Mac OS","2022-03-07T00:54:24.496Z","success","winter22",1,8.14766666666667,"point"
"ZWF7Z","SGC4B","11111","wi22sona","2218","42692","sona","asynch","TRUE","I tried my best on most questions",3,3,1,"",22,"US","Arabic","Fourth","Biomedical & Health Sciences","Female","","chrome",1184,703,"Windows 10","2022-03-09T03:08:49.010Z","success","winter22",2,8.3721,"point"
"R41WF","SGC4B","11111","wi22sona","2218","41287","sona","asynch","TRUE","I tried my best on most questions",3,3,2,"the layout of the time schedule was very... interesting. ",19,"USA ","English","First","Humanities","Male","no","chrome",1536,754,"Windows 10","2022-03-09T02:57:09.280Z","success","winter22",1,17.5958333333333,"point"
"CHF7E","SGC4B","11111","wi22sona","2218","36858","sona","asynch","TRUE","I tried my best on each question",2,4,4,"none",23,"United States","English","Fourth","Social Sciences (incl. CogSci)","Female","none","chrome",1440,900,"Mac OS","2022-03-08T08:28:32.400Z","success","winter22",1,8.29803333333333,"point"
"DJARF","SGC4B","11111","wi22sona","2218","39038","sona","asynch","TRUE","I tried my best on most questions",2,3,5,"",20,"United States","Spanish","Third","Biomedical & Health Sciences","Female","No","chrome",1195,712,"Mac OS","2022-03-06T22:59:00.596Z","success","winter22",1,3.31913333333333,"point"
"LD29H","SGC4B","11111","wi22sona","2218","41188","sona","asynch","TRUE","I tried my best on each question",2,3,4,"It was engaging.
",18,"United States of America","English","First","Social Sciences (incl. CogSci)","Female","None.","chrome",1440,697,"Mac OS","2022-03-09T03:38:16.539Z","success","winter22",1,7.47158333333333,"point"
"H4GUE","SGC4B","11111","wi22sona","2218","31782","sona","asynch","TRUE","I tried my best on each question",3,4,5,"Everything was great! I just had a little trouble loading in at first. After the screen introducing my task and Alex, I was given a blank screen. I thought the test had started so I waited a while before I decided to refresh the page. But after I did refresh the page, the questions showed up so that was that. :D",21,"U.S","Mandarin","Fourth","Biomedical & Health Sciences","Female","no","chrome",1920,969,"Windows 10","2022-03-09T06:38:00.491Z","success","winter22",1,15.5467666666667,"point"
"UA1V5","SGC4B","11111","wi22sona","2218","36842","sona","asynch","TRUE","I tried my best on each question",2,5,5,"It was interesting and unique. Short and simple. A great experiment. ",22,"United States","X-Other","Fourth","Social Sciences (incl. CogSci)","Male","No","chrome",1680,971,"Mac OS","2022-03-09T06:15:00.978Z","success","winter22",1,11.4198833333333,"point"
"63XK4","SGC4B","11111","wi22sona","2217","41189","sona","asynch","TRUE","I tried my best on each question",3,4,3,"It was interesting because I felt like the 1st set of questions were harder than the second
",20,"United States","English","Third","Social Sciences (incl. CogSci)","Male","NO","chrome",1920,979,"Windows 10","2022-03-09T21:01:24.459Z","success","winter22",1,12.1010666666667,"point"
"QW2F9","SGC4B","11111","wi22sona","2218","36097","sona","asynch","TRUE","I tried my best on most questions",4,3,1,"",20,"United States","Spanish","Second","Social Sciences (incl. CogSci)","Female","no","chrome",1536,754,"Windows 10","2022-03-08T08:29:37.171Z","success","winter22",1.5,29.6743833333333,"point"
"AKU7D","SGC4B","11111","wi22sona","2217","42542","sona","asynch","TRUE","I tried my best on most questions",3,4,4,"Darker Graph",23,"United States","English","Fourth","Social Sciences (incl. CogSci)","Female","no","chrome",1440,789,"Mac OS","2022-03-09T21:28:12.229Z","success","winter22",1,14.8384333333333,"point"
"XP9E6","SGC4B","11111","wi22sona","2218","42214","sona","asynch","TRUE","I tried my best on each question",4,4,2,"",19,"USA","English","First","Social Sciences (incl. CogSci)","Female","no","chrome",1200,777,"Mac OS","2022-03-06T23:32:00.064Z","success","winter22",1,11.5730166666667,"point"
"STC1Z","SGC4B","11111","wi22sona","2218","43113","sona","asynch","TRUE","I tried my best on most questions",2,3,3,"",18,"USA","Spanish","First","Natural Sciences","Female","no","chrome",1440,746,"Mac OS","2022-03-09T01:44:38.529Z","success","winter22",3,21.7610833333333,"point"
"PZWZ9","SGC4B","11111","wi22sona","2218","26850","sona","asynch","TRUE","I tried my best on most questions",3,3,2,"I made sure there was zero background noise while doing this task.",22,"United States","English","Fourth","Social Sciences (incl. CogSci)","Male","None.","chrome",1440,789,"Mac OS","2022-03-06T23:28:59.523Z","success","winter22",1,16.6185166666667,"point"
"WUMOQ","SGC4B","11111","wi22sona","2218","34357","sona","asynch","TRUE","I tried my best on each question",3,4,3,"I'm pretty sure that this was intentional, but the triangle grid was really misleading and confusing at first, so if that was a mistake that's something to consider.",21,"United States of America","English","Third","Social Sciences (incl. CogSci)","Male","","chrome",1920,961,"Windows 10","2022-03-09T05:59:29.686Z","success","winter22",2,17.2038166666667,"point"
"YZ2B1","SGC4B","11111","wi22sona","2218","41230","sona","asynch","TRUE","I tried my best on most questions",4,4,3,"Labeling the graphs better.",18,"Turkey","X-Other","First","Social Sciences (incl. CogSci)","Female","","chrome",1440,789,"Mac OS","2022-03-08T08:38:52.499Z","success","winter22",1,9.94446666666667,"point"
"1OM2O","SGC4B","11111","wi22sona","2218","39231","sona","asynch","TRUE","I tried my best on each question",2,5,3,"",19,"USA","English","Second","Biomedical & Health Sciences","Female","no","chrome",1678,828,"Mac OS","2022-03-07T01:20:38.262Z","success","winter22",1,7.11788333333333,"point"
"YRYRU","SGC4B","11111","wi22sona","2218","32487","sona","asynch","TRUE","I tried my best on most questions",4,4,1,"Not sure.",20,"Unites States of America","English","Third","Social Sciences (incl. CogSci)","Male","No.","chrome",1440,702,"Mac OS","2022-03-09T01:27:18.031Z","success","winter22",1,12.4634,"point"
"1BOTW","SGC4B","11111","wi22sona","2218","34652","sona","asynch","TRUE","I tried my best on each question",2,4,4,"",20,"India","English","Third","Social Sciences (incl. CogSci)","Female","","chrome",1200,754,"Mac OS","2022-03-09T04:12:22.204Z","success","winter22",1,6.6602,"point"
"806VJ","SGC4B","11111","wi22sona","2218","37844","sona","asynch","TRUE","I tried my best on most questions",3,4,1,"Use a better graph that one sucked.",22,"United States","Arabic","Fourth","Social Sciences (incl. CogSci)","Male","No","chrome",1536,722,"Windows 10","2022-03-09T03:53:08.756Z","success","winter22",1,11.0501833333333,"point"
"PPXWX","SGC4B","11111","wi22sona","2218","37732","sona","asynch","TRUE","I tried my best on each question",4,2,3,"I had a hard time figuring out how to read the graph.",19,"Taiwan","English","Second","Social Sciences (incl. CogSci)","Other-Not Listed","No.","chrome",1440,711,"Mac OS","2022-03-07T01:07:44.735Z","success","winter22",1,14.3352,"point"
"TGWWW","SGC4B","11111","wi22sona","2218","43321","sona","asynch","TRUE","I tried my best on most questions",4,4,3,"It definitely just seemed like a time waste. I started to kind of have fun with it, hoping to see my score of how I did at the end. I still hope I see how well I did. ",19,"United States","Spanish","Second","Biomedical & Health Sciences","Male","Not that I know of.","chrome",2560,1329,"Windows 10","2022-03-09T05:30:16.270Z","success","winter22",3,11.3716,"point"
"EM6DD","SGC4B","11111","wi22sona","2218","39555","sona","asynch","TRUE","I tried my best on each question",3,4,5,"",20,"United States of America","English","Third","Biomedical & Health Sciences","Male","","chrome",1680,971,"Mac OS","2022-03-09T03:49:21.970Z","success","winter22",1,28.4875,"point"
"VRLZ5","SGC4B","11111","wi22sona","2218","43304","sona","asynch","TRUE","I tried my best on each question",4,4,2,"",18,"United States","English","First","Social Sciences (incl. CogSci)","Male","","chrome",1792,1009,"Mac OS","2022-03-09T02:49:22.964Z","success","winter22",1,7.42508333333333,"point"
"DGZD7","SGC4B","11111","wi22sona","2218","36541","sona","asynch","TRUE","I tried my best on each question",3,4,3,"",21,"USA","English","Fourth","Biomedical & Health Sciences","Female","","chrome",1280,721,"Mac OS","2022-03-07T00:01:58.319Z","success","winter22",1,5.66055,"point"
"UZCD8","SGC4B","11111","wi22sona","2218","43253","sona","asynch","TRUE","I tried my best on most questions",5,1,2,"More detailed instructions on how to read the graph. ",18,"United States","English","First","Social Sciences (incl. CogSci)","Female","No","chrome",1480,802,"Mac OS","2022-03-07T02:58:14.695Z","success","winter22",1,9.3656,"point"
"71YSR","SGC4B","11111","wi22sona","2218","34506","sona","asynch","TRUE","I tried my best on each question",3,4,3,"I got better as reading the graph as time went on",21,"United States","English","Third","Social Sciences (incl. CogSci)","Female","No","chrome",1440,764,"Mac OS","2022-03-09T01:45:41.238Z","success","winter22",1,13.2338833333333,"point"
"0FHV9","SGC4B","11111","wi22sona","2217","28146","sona","asynch","TRUE","I tried my best on each question",1,5,5,"",22,"United States","Spanish","Fourth","Social Sciences (incl. CogSci)","Female","None.","chrome",1440,821,"Mac OS","2022-03-09T20:39:40.227Z","success","winter22",2,11.9577833333333,"point"
"0EJVN","SGC4B","11111","wi22sona","2218","32656","sona","asynch","TRUE","I tried my best on each question",3,5,4,"",21,"United States","English","Third","Social Sciences (incl. CogSci)","Female","No","chrome",1536,713,"Windows 10","2022-03-09T01:53:20.970Z","success","winter22",1,9.61463333333333,"point"
"LAZNE","SGC4B","11111","wi22sona","2218","43320","sona","asynch","TRUE","I tried my best on each question",3,2,3,"N/A",18,"America","Spanish","First","Social Sciences (incl. CogSci)","Female","No","chrome",1440,821,"Mac OS","2022-03-09T04:01:47.674Z","success","winter22",1,17.3889333333333,"point"
"8E5QQ","SGC4B","11111","wi22sona","2218","40540","sona","asynch","TRUE","I tried my best on each question",3,3,3,"",19,"United States","Spanish","First","Social Sciences (incl. CogSci)","Female","","chrome",1536,714,"Windows 10","2022-03-07T06:08:17.276Z","success","winter22",1,7.15086666666667,"point"
"BF9X8","SGC4B","11111","wi22sona","2218","43071","sona","asynch","TRUE","I tried my best on each question",3,3,3,"N/A
",18,"United States","Spanish","First","Social Sciences (incl. CogSci)","Female","N/A","chrome",1440,732,"Mac OS","2022-03-09T01:23:11.795Z","success","winter22",1,7.42726666666667,"point"
"OUHCM","SGC4B","11111","wi22sona","2218","38849","sona","asynch","TRUE","I tried my best on most questions",3,3,4,"",21,"China","Mandarin","Fourth","Biomedical & Health Sciences","Female","N/A","chrome",1440,695,"Mac OS","2022-03-07T06:29:04.421Z","success","winter22",1,6.29243333333333,"point"
"BCLXE","SGC4B","11111","wi22sona","2218","37604","sona","asynch","TRUE","I tried my best on each question",2,4,4,"",24,"Korea","Korean","Fourth","Social Sciences (incl. CogSci)","Male","no","chrome",1600,821,"Mac OS","2022-03-06T21:21:37.080Z","success","winter22",1,8.83571666666667,"point"
"CW083","SGC4B","11111","wi22sona","2218","34903","sona","asynch","TRUE","I tried my best on each question",3,5,4,"",21,"United States","English","Third","Engineering","Male","","chrome",1706,889,"Windows 10","2022-03-08T22:41:54.617Z","success","winter22",1,5.96985,"point"
"1UNBR","SGC4B","11111","wi22sona","2218","42799","sona","asynch","TRUE","I tried my best on each question",3,3,5,"",18,"United States","English","First","Social Sciences (incl. CogSci)","Female","","chrome",1920,969,"Windows 10","2022-03-09T02:42:31.235Z","success","winter22",3,11.2121,"point"
"5HHA7","SGC4B","11111","wi22sona","2218","41862","sona","asynch","TRUE","I tried my best on each question",2,4,3,"",20,"Hong Kong","Cantonese","Third","Social Sciences (incl. CogSci)","Male","","chrome",1212,739,"Mac OS","2022-03-08T22:31:32.181Z","success","winter22",1,9.14826666666667,"point"
"L53BW","SGC4B","11111","wi22sona","2218","29284","sona","asynch","TRUE","I tried my best on each question",3,3,3,"A calculator would be useful",21,"United States","English","Fourth","Humanities","Male","No","chrome",1440,821,"Mac OS","2022-03-07T01:22:58.472Z","success","winter22",1,10.2133,"point"
"P3PUB","SGC4B","11111","wi22sona","2217","40250","sona","asynch","TRUE","I tried my best on each question",4,2,3,"It was hard to tell where the two dots are plotted because of a diamond shaped lines. ",23,"Korea","Korean","Third","Social Sciences (incl. CogSci)","Female","","chrome",1536,746,"Windows 10","2022-03-09T21:16:20.022Z","success","winter22",1,12.5158833333333,"point"
"PO2LR","SGC4B","11111","wi22sona","2218","34305","sona","asynch","TRUE","I tried my best on most questions",2,2,5,"i was a bit distracted ",20,"United States","English","Third","Social Sciences (incl. CogSci)","Female","","chrome",1440,821,"Mac OS","2022-03-08T21:54:40.490Z","success","winter22",1,18.86475,"point"
"Y96DE","SGC4B","11111","wi22sona","2218","39008","sona","asynch","TRUE","I tried my best on most questions",4,3,2,"",19,"United States","French","Second","Social Sciences (incl. CogSci)","Female","","chrome",1440,735,"Mac OS","2022-03-09T01:14:32.877Z","success","winter22",1,17.0935666666667,"point"
"P7GD8","SGC4B","11111","wi22sona","2218","33553","sona","asynch","TRUE","I tried my best on each question",3,3,2,"",21,"United States","English","Fourth","Natural Sciences","Male","","chrome",1920,937,"Windows 10","2022-03-09T01:57:23.684Z","success","winter22",3,30.1378833333333,"point"
"XNGBZ","SGC4B","11111","wi22sona","2218","43296","sona","asynch","TRUE","I tried my best on most questions",4,3,2,"",21,"United States","English","Third","Biomedical & Health Sciences","Female","","chrome",1440,731,"Mac OS","2022-03-09T06:58:26.917Z","success","winter22",1,9.56635,"point"
"3B0R3","SGC4B","11111","wi22sona","2218","41761","sona","asynch","TRUE","I tried my best on most questions",2,4,3,"checklist in alphabetical order would make more sense for selecting!",21,"United States","English","Third","Social Sciences (incl. CogSci)","Male","Nope
","chrome",1920,937,"Windows 10","2022-03-06T06:34:38.220Z","success","winter22",2,8.19591666666667,"point"
"GM5W6","SGC4B","11111","wi22sona","2218","37808","sona","asynch","TRUE","I tried my best on each question",3,3,5,"",22,"usa","English","Fourth","Social Sciences (incl. CogSci)","Female","","chrome",1384,751,"Mac OS","2022-03-08T22:02:16.811Z","success","winter22",1,6.84908333333333,"point"
"NGK82","SGC4B","11111","wi22sona","2218","39754","sona","asynch","TRUE","I tried my best on each question",1,5,5,"",19,"United States","Spanish","Second","Humanities","Male","no","chrome",1464,868,"Windows 10","2022-03-09T01:43:51.097Z","success","winter22",1,15.4775166666667,"point"
"7CVJA","SGC4B","11111","wi22sona","2218","38087","sona","asynch","TRUE","I tried my best on each question",3,4,4,"",19,"Brazil","X-Other","Second","Humanities","Female","","chrome",2048,1073,"Mac OS","2022-03-09T03:35:19.630Z","success","winter22",1,16.5752333333333,"point"
"Z2ZUW","SGC4B","11111","wi22sona","2218","37574","sona","asynch","TRUE","I tried my best on each question",5,1,5,"none",20,"China","Mandarin","Second","Social Sciences (incl. CogSci)","Female","none","chrome",1200,686,"Mac OS","2022-03-09T04:44:18.170Z","success","winter22",1,10.7117166666667,"point"
"LD7EK","SGC4B","11111","wi22sona","2218","37388","sona","asynch","TRUE","I tried my best on most questions",3,3,2,"",21,"United States","English","Third","Social Sciences (incl. CogSci)","Male","No","chrome",1280,721,"Mac OS","2022-03-06T22:12:49.025Z","success","winter22",1,12.28355,"point"
