"subject","condition","term","mode","gender","age","language","schoolyear","country","effort","difficulty","confidence","enjoyment","other","disability","totaltime_m","violations","browser","width","height"
"083AY","113","winter22","asynch","Female",21,"X-Other","Fourth","U.S. ","I tried my best on most questions",3,3,2,"","no",12.2249833333333,1,"chrome",1440,732
"94K5U","114","winter22","asynch","Female",23,"English","Fourth","United States","I tried my best on most questions",4,3,4,"I liked it though it was kinda confusing and difficult but it was the perfect amount of time","",8.45308333333333,1,"chrome",1440,789
"RC56M","113","winter22","asynch","Female",20,"English","Second","United States","I tried my best on each question",5,1,3,"","",11.4406333333333,1,"chrome",1680,939
"0PWK1","114","winter22","asynch","Female",20,"English","Second","usa","I tried my best on each question",1,3,3,"","",18.18505,1,"chrome",1387,932
"7LZSC","113","winter22","asynch","Male",22,"English","Fourth","United States","I tried my best on each question",4,3,5,"The graph was in a very interesting format. I did not understand how to read the data plotted by this unique graph until about 1/3 through.","",29.3514,3,"chrome",1920,969
"CWH23","115","winter22","asynch","Female",21,"Mandarin","Fourth","China","I tried my best on each question",4,3,3,"","",8.48933333333333,1,"chrome",1368,769
"4B6X2","113","winter22","asynch","Male",18,"English","First","USA","I tried my best on most questions",3,3,4,"Sometimes the task felt really dull and not too engaging.","NA",15.7682,2,"chrome",1920,975
"FPRRA","114","winter22","asynch","Female",18,"Cantonese","First","United States","I tried my best on most questions",3,3,3,"","",14.9122,1.5,"chrome",1536,754
"8AUHN","114","winter22","asynch","Female",19,"English","Second","US","I tried my best on each question",2,2,5,"","no",11.99475,1,"chrome",1440,789
"O6GWD","115","winter22","asynch","Male",22,"Mandarin","Fourth","China","I tried my best on each question",3,4,3,"","",5.94166666666667,2,"chrome",1920,961
"P9X0D","115","winter22","asynch","Female",20,"English","Third","USA","I tried my best on most questions",3,4,2,"","no",14.8737,3,"chrome",1180,740
"FL59D","115","winter22","asynch","Female",21,"X-Other","Second","Poland","I tried my best on each question",3,3,3,"","",11.3132666666667,1,"chrome",1429,897
"YNU5W","115","winter22","asynch","Female",20,"English","Third","United States","I tried my best on most questions",2,4,2,"","",12.33285,1,"chrome",1440,700
"2Q0L8","115","winter22","asynch","Male",18,"English","Third","USA","I tried my best on most questions",3,3,2,"","No",6.2114,1,"chrome",1440,789
"Z8FS2","114","winter22","asynch","Male",21,"X-Other","Third","Myanmar","I tried my best on each question",3,5,3,"","Nope",8.45286666666667,1,"chrome",1920,969
"E6XLL","115","winter22","asynch","Female",21,"Spanish","Third","United States","I tried my best on each question",3,2,2,"","no",21.5142666666667,2,"chrome",1440,698
"G1HAT","115","winter22","asynch","Female",18,"English","First","United States","I tried my best on each question",2,3,2,"","no ",9.55585,2,"chrome",1440,693
"TZWD6","114","winter22","asynch","Female",21,"English","Fourth","United States","I tried my best on each question",3,4,4,"","No",11.0312833333333,1,"chrome",1430,707
"WDBTE","113","winter22","asynch","Female",19,"Spanish","Second","United States","I tried my best on each question",3,3,5,"","",8.91781666666667,1.5,"chrome",1440,821
"48K15","114","winter22","asynch","Male",22,"Spanish","Fourth","United States","I tried my best on each question",4,3,4,"N/A","N/A",11.5273833333333,1,"chrome",1137,734
"TV3OW","115","winter22","asynch","Female",21,"English","Third","US","I tried my best on each question",4,4,3,"","",12.5494166666667,1,"chrome",1440,789
"GKW6O","115","winter22","asynch","Female",20,"Mandarin","Second","China","I tried my best on each question",3,4,4,"no","no",9.55321666666667,3,"chrome",1398,796
"EJOHQ","113","winter22","asynch","Male",21,"English","Fourth","US","I tried my best on each question",4,3,5,"","",10.7957666666667,1,"chrome",1422,800
"FPNC8","115","winter22","asynch","Female",21,"Cantonese","Third","USA","I tried my best on each question",4,2,1,"","",7.58351666666667,2,"chrome",1680,874
"EMTF9","114","winter22","asynch","Female",21,"X-Other","Fourth","USA","I tried my best on each question",5,2,3,"","",5.13536666666667,1.5,"chrome",1440,821
"L1F8V","113","winter22","asynch","Female",21,"English","Fourth","United States","I tried my best on each question",4,3,2,"the graph was sort of hard to look at for me, all the lines felt like they were. moving and intersecting some","",11.12595,1,"chrome",1440,764
"HW7XP","113","winter22","asynch","Female",20,"English","Third","Canada","I tried my best on each question",3,4,4,"","No",7.75665,1,"chrome",1368,769
"HKBZP","114","winter22","asynch","Female",18,"English","First","USA","I tried my best on each question",2,4,3,"","",11.8608166666667,1,"chrome",1440,789
"R6HT7","114","winter22","asynch","Female",21,"English","Fourth","United States","I tried my best on each question",4,3,3,"It could help to create the study with a format that fits smaller laptop screens.","No",14.0271333333333,3,"chrome",2488,1306
"1TMX1","114","winter22","asynch","Female",21,"English","Fourth","USA","I tried my best on each question",4,3,2,"","No.",7.5839,1.5,"chrome",1289,796
"LUAJV","114","winter22","asynch","Male",20,"English","Third","USA","I tried my best on most questions",5,4,2,"","",6.92908333333333,1,"chrome",1536,722
"MC1SJ","115","winter22","asynch","Male",19,"English","First","USA","I tried my best on each question",3,2,4,"I realize now that I answered each question as if the graph did not have diagonal lines. When finding events, I went directly straight up from the x-axis, not following the line to the left/right.","",11.1872166666667,1,"chrome",1440,821
"WKLV8","114","winter22","asynch","Female",23,"English","Third","United States","I tried my best on each question",4,4,4,"","No",7.28548333333333,1,"chrome",1440,789
"0YUQD","115","winter22","asynch","Female",22,"Korean","Third","North America","I tried my best on each question",5,3,5,"","",6.32101666666667,1,"chrome",1440,789
"P4CNG","114","winter22","asynch","Female",18,"English","First","USA","I tried my best on each question",3,3,4,"It was difficult to read the graph ","no",10.50175,1,"chrome",1200,696
"5N02T","115","winter22","asynch","Female",21,"X-Other","Third","romania","I tried my best on most questions",1,3,3,"","no",4.70271666666667,1,"chrome",1440,821
"U9386","113","winter22","asynch","Female",18,"English","First","USA","I tried my best on each question",4,3,2,"","no",13.53355,1,"chrome",1440,789
"FGQ0U","115","winter22","asynch","Female",22,"Spanish","Fourth","United States","I tried my best on each question",2,4,2,"","na",11.5009,1,"chrome",1504,803
"O3FRB","113","winter22","asynch","Female",21,"Korean","Third","Korea","I tried my best on each question",1,4,5,"I accidently didn't press one thing on one question (don't remember the exact question, but it was asking what shift(s) were in the condition and I only pressed one) ","",5.74901666666667,1,"chrome",1438,687
"LYQ1C","114","winter22","asynch","Female",20,"Spanish","Third","United States","I tried my best on most questions",2,3,2,"","",11.0680666666667,1,"chrome",1440,821
"W6JFA","115","winter22","asynch","Female",21,"Mandarin","Fourth","China","I tried my best on each question",3,4,3,"","",12.7336,1,"chrome",1440,683
"ZP1H3","113","winter22","asynch","Female",21,"Spanish","Third","us","I tried my best on most questions",4,3,3,"","",8.98795,1,"chrome",1280,689
"VM0LE","114","winter22","asynch","Female",20,"English","Second","United States","I tried my best on most questions",5,1,3,"","",9.791,1,"chrome",1409,719
"LS40A","114","winter22","asynch","Female",22,"Cantonese","Third","Hong Kong","I tried my best on most questions",3,3,3,"","No",11.73595,2,"chrome",1440,789
"XSQFF","115","winter22","asynch","Female",20,"English","Third","United States","I tried my best on each question",2,5,1,"","",6.87391666666667,2,"chrome",1440,689
"65T7K","115","winter22","asynch","Male",19,"English","First","USA","I tried my best on most questions",3,3,3,"","",8.42523333333333,1,"chrome",1323,710
"2XJVP","115","winter22","asynch","Female",19,"Spanish","Second","United States","I tried my best on most questions",3,1,3,"","no",14.99165,1,"chrome",1440,789
"O22H1","113","winter22","asynch","Female",20,"English","Third","United States","I tried my best on most questions",2,5,1,"","",4.21043333333333,1,"chrome",1920,896
"B29JJ","114","winter22","asynch","Female",29,"English","Third","United States","I tried my best on each question",2,3,5,"Difficult at first, took a few questions to understand how the graph worked exactly.","very black and white thinking, graph instruction not clear which led to difficulty at first",17.4377166666667,2,"chrome",1512,834
"X96N8","113","winter22","asynch","Male",37,"English","Third","United States","I tried my best on each question",3,2,2,"It was ok","No",5.92116666666667,2,"chrome",1440,789
"2CD0Y","114","winter22","asynch","Female",19,"Spanish","First","U.S.","I tried my best on each question",2,4,4,"","",12.4818333333333,1,"chrome",1440,764
"LC4NL","114","winter22","asynch","Female",21,"English","Third","US","I tried my best on each question",3,4,3,"I'm not sure how well I did. I feel like I may have done better on when shifts started and ended, but I don't feel as confident with the questions on breaks. I feel like those confused me and my brain couldn't figure it out.","no",23.9754833333333,3,"chrome",1504,892
"WVFVS","113","winter22","asynch","Female",21,"English","Fourth","United States","I tried my best on each question",4,5,5,"N/A","I have ADHD.",6.64438333333333,1,"chrome",1440,789
"G1N7P","114","winter22","asynch","Male",19,"English","Second","United States","I tried my best on each question",4,3,2,"","No",10.44865,1,"chrome",1440,704
"MJQ8K","114","winter22","asynch","Male",20,"Korean","Second","United States","I tried my best on each question",3,3,3,"","No",6.3628,1,"chrome",1440,726
"WA4UC","113","winter22","asynch","Female",22,"English","Fourth","United States","I tried my best on each question",2,4,3,"","N/A",21.0459666666667,1,"chrome",1367,695
"20LM4","113","winter22","asynch","Male",22,"English","Fourth","USA","I tried my best on each question",4,4,2,"","No",13.8327833333333,2,"chrome",1920,937
"07FGZ","114","winter22","asynch","Female",21,"English","Fourth","United States","I tried my best on most questions",3,2,3,"","",8.332,1,"chrome",1326,690
"FTSLP","114","winter22","asynch","Male",28,"English","Third","United States","I tried my best on each question",4,2,3,"","",8.82803333333333,1,"chrome",1436,794
"GE074","113","winter22","asynch","Female",22,"English","Fourth","USA","I tried my best on each question",1,5,5,"there was one question where i miss-clicked!","no",7.11766666666667,1,"chrome",1293,720
"9VRD5","115","winter22","asynch","Female",19,"X-Other","Second","Indonesia","I tried my best on each question",4,3,3,"","",23.7634166666667,1,"chrome",1344,735
"EK80Y","113","winter22","asynch","Female",22,"English","Fourth","United States","I tried my best on each question",3,3,5,"","n/a",23.4908,1,"chrome",1440,721
"0W4LT","115","winter22","asynch","Female",26,"English","Third","Syria","I tried my best on most questions",2,2,3,"","no",8.8216,2,"chrome",1257,712
"MWKLJ","115","winter22","asynch","Female",21,"English","Fourth","United States","I tried my best on each question",4,2,5,"","",14.4241,1,"chrome",1440,789
"THY2W","114","winter22","asynch","Male",22,"English","Third","US","I tried my best on each question",2,4,5,"","",10.9721,1,"chrome",1536,746
"E9RR1","114","winter22","asynch","Male",21,"English","Third","United States","I tried my best on each question",4,2,5,"It took me so long at some points, and I thought there were no correct answers for some.","",14.06175,2,"chrome",1590,984
"VB72C","114","winter22","asynch","Male",20,"Arabic","Second","SA","I tried my best on most questions",1,4,3,"","",11.6978333333333,1,"chrome",1512,806
"2Q16G","113","winter22","asynch","Female",20,"English","Third","United States","I tried my best on most questions",4,2,2,"This graph hurts my brain","no",15.2078833333333,1,"chrome",1194,710
"XAV9T","114","winter22","asynch","Female",21,"English","Fourth","United States","I tried my best on each question",1,3,5,"","No",7.36453333333333,1,"chrome",1440,706
"CSJL3","113","winter22","asynch","Female",19,"English","Second","USA","I tried my best on most questions",3,3,4,"Interesting wording, was confused at times by what the question was asking. ","No",8.64423333333333,2,"chrome",1440,821
"7116F","113","winter22","asynch","Female",18,"English","First","United States","I tried my best on most questions",3,2,3,"","",10.35535,1,"chrome",1536,722
"0L78J","113","winter22","asynch","Female",22,"X-Other","Third","America","I tried my best on each question",4,2,3,"","",18.5825666666667,1,"chrome",1440,735
"3UG8D","113","winter22","asynch","Female",19,"English","Second","United States","I tried my best on most questions",2,3,3,"","",19.8237,1,"chrome",1440,821
"ANTK9","114","winter22","asynch","Female",19,"English","Third","USA","I tried my best on each question",3,3,4,"","No",4.3218,1,"chrome",1439,719
"2PQSA","113","winter22","asynch","Male",18,"English","First","United States","I tried my best on each question",3,4,2,"","",8.4372,3,"chrome",1920,961
"6JR8O","115","winter22","asynch","Female",22,"English","Fourth","United States","I tried my best on each question",2,4,5,"","N/A",11.8231166666667,1,"chrome",1419,705
"5R6NL","114","winter22","asynch","Female",22,"English","Fifth","US","I tried my best on each question",3,4,5,"","",10.6977833333333,2,"chrome",1200,686
"HQDQA","115","winter22","asynch","Female",20,"English","Third","United States of America","I tried my best on each question",3,4,5,"I think that knowing what part of the task we found hardest/easiest would show how we felt about this study.","No",21.7207166666667,1,"chrome",1536,754
"CKA0U","113","winter22","asynch","Male",21,"English","Third","United States","I tried my best on each question",2,5,3,"","",9.04665,1,"chrome",1920,979
"EZNZE","115","winter22","asynch","Female",18,"Mandarin","First","United States","I tried my best on most questions",4,1,2,"","no",9.34708333333333,1,"chrome",1600,712
"WYEDM","113","winter22","asynch","Female",21,"French","Third","United States","I tried my best on each question",4,3,5,"I found it very hard to keep focus, my attention span while being stuck in quarantine has been greatly affected. ","no",15.455,1,"chrome",1440,843
"A3KVH","115","winter22","asynch","Female",22,"English","Fourth","USA","I tried my best on most questions",4,2,2,"","",6.63963333333333,1,"chrome",1438,750
"ZE04Q","115","winter22","asynch","Female",19,"Mandarin","Second","Taiwan","I tried my best on each question",2,4,3,"","No",24.6980833333333,1,"chrome",1280,721
"TJ0BP","114","winter22","asynch","Female",22,"Spanish","Fourth","USA","I tried my best on each question",3,3,3,"","",10.67615,1,"chrome",1600,712
"U8NSH","114","winter22","asynch","Female",20,"Mandarin","Third","China","I tried my best on each question",4,4,4,"I'm not sure when the x-axis says start and end time, does the point mean start or end time of the shift?","No",13.0167333333333,1,"chrome",1440,764
"AK4Z3","114","winter22","asynch","Female",20,"Mandarin","Second","China","I tried my best on most questions",4,3,2,"","no",14.0354833333333,3,"chrome",1422,730
"MC4Z2","115","winter22","asynch","Female",20,"English","Third","USA","I tried my best on each question",4,2,2,"","",9.1734,1,"chrome",1440,726
"2EPNM","115","winter22","asynch","Female",21,"English","Fourth","USA","I tried my best on most questions",2,3,3,"","",8.75601666666667,1,"chrome",1440,755
"KD07H","115","winter22","asynch","Female",18,"Spanish","First","United States","I tried my best on each question",4,3,5,"I knew I had messed up on the first part when the questions were worded differently in the first part ","",18.37105,3,"chrome",1440,789
"WL6L1","114","winter22","asynch","Female",22,"X-Other","Third","United States","I tried my best on each question",4,4,5,"","no",18.5728833333333,1,"chrome",1280,689
"5012K","113","winter22","asynch","Female",18,"English","First","United States","I tried my best on most questions",4,2,4,"","No.",11.05535,1,"chrome",1440,789
"U2F64","113","winter22","asynch","Male",20,"English","Third","United States","I tried my best on each question",3,4,3,"","",13.0013833333333,1,"chrome",1440,702
"PN87Q","115","winter22","asynch","Male",19,"Mandarin","Second","China","I tried my best on most questions",2,4,3,"","",9.1088,1,"chrome",1420,745
"6G4E2","114","winter22","asynch","Female",18,"English","First","United States of America","I tried my best on most questions",4,3,3,"What made it most difficult is the amount of distraction in the graph. But overall, i think it was good. ","none",9.61531666666667,1,"chrome",1200,752
"702QC","113","winter22","asynch","Male",21,"English","Fourth","US","I tried my best on most questions",2,3,2,"","",4.06988333333333,1,"chrome",1440,764
"HFQY1","114","winter22","asynch","Female",18,"English","First","United States","I tried my best on each question",2,4,5,"","",7.55333333333333,1,"chrome",1536,721
"JJ8JL","113","winter22","asynch","Female",20,"English","Second","United States","I tried my best on each question",2,4,5,"","",10.1815666666667,2,"chrome",1440,705
"BA0WS","115","winter22","asynch","Male",22,"English","Fourth","United States","I tried my best on each question",4,2,3,"","no",7.12721666666667,1.5,"chrome",2048,1010
"RT8OF","113","winter22","asynch","Male",20,"English","Third","USA","I tried my best on each question",5,2,1,"","",6.89321666666667,1,"chrome",1920,937
"1S6DV","113","winter22","asynch","Male",19,"English","Second","United States","I tried my best on each question",3,3,3,"","",13.9875666666667,1,"chrome",1366,768
"L627C","115","winter22","asynch","Female",18,"English","First","United States","I tried my best on most questions",2,3,4,"I feel that I didn't realize certain mistakes I made until a bit later in the survey because I may have misinterpreted the y-axis in reference to the x-axis ","no",16.742,1,"chrome",1440,696
"PKTN1","113","winter22","asynch","Female",19,"English","Fourth","United States","I tried my best on most questions",4,3,4,"Start times were extremely easy. But when it came to half breaks, I was having difficulty with all the different points on the graph.","No",11.1346,1,"chrome",1440,730
"AOTXC","113","winter22","asynch","Other-Not Listed",21,"English","Fourth","USA","I tried my best on most questions",4,3,3,"","",6.74275,1.5,"chrome",1920,969
"075KR","115","winter22","asynch","Male",21,"Mandarin","Third","China","I tried my best on each question",3,4,3,"","",5.97968333333333,1,"chrome",1920,937
"U951F","115","winter22","asynch","Male",18,"English","First","USA","I tried my best on most questions",3,3,3,"","",4.41385,1,"chrome",1920,969
"PQ57O","115","winter22","asynch","Female",21,"English","Third","United States","I tried my best on most questions",2,3,4,"how we did","no",14.3473333333333,1,"chrome",1337,690
"ZD2Q8","115","winter22","asynch","Female",23,"English","Fourth","United States","I tried my best on most questions",2,3,5,"Was the graph supposed to confuse us on the time?","no",14.2302,1,"chrome",1440,789
"N3APK","113","winter22","asynch","Female",21,"X-Other","Third","USA","I tried my best on each question",4,3,4,"","no",11.5583833333333,2,"chrome",1440,821
"5O1D5","114","winter22","asynch","Female",18,"English","First","Los Angeles","I tried my best on most questions",4,3,2,"","no",13.20765,1,"chrome",1440,764
"Q77EC","113","winter22","asynch","Female",20,"Spanish","Third","United States","I tried my best on each question",3,3,4,"The fact that the bottom said start and end time was confusing. ","No",11.29625,1,"chrome",1280,800
"O1ULC","114","winter22","asynch","Male",21,"Spanish","Third","United States","I tried my best on each question",2,5,4,"Nothing much","No",20.0371,2,"chrome",1440,821
"Y7K66","114","winter22","asynch","Male",18,"English","First","Canada","I tried my best on each question",3,3,3,"I was trying to find patterns and noticed unexpected ones and also hoped for ones that turned out not to be there
","N/A",11.7609666666667,1.5,"chrome",1920,1064
"XS4C2","114","winter22","asynch","Male",22,"English","Fifth","United States","I tried my best on each question",5,2,2,"easier visualization as well as better decision making my the participants","no",2.82138333333333,1,"chrome",2554,1320
"1NXAS","115","winter22","asynch","Female",19,"Spanish","First","United States","I tried my best on most questions",3,3,3,"N/A","Suffer ADD.",9.50533333333333,1,"chrome",1200,698
"WVWN4","113","winter22","asynch","Female",20,"English","Third","United States","I tried my best on each question",4,4,1,"","",9.95525,1,"chrome",1920,896
"TSTSC","114","winter22","asynch","Female",19,"English","Second","United States","I tried my best on each question",3,2,5,"","",20.4128833333333,1,"chrome",1311,766
"7FMA3","115","winter22","asynch","Other-Not Listed",19,"Mandarin","Second","Taiwan","I tried my best on most questions",4,4,4,"n/a","n/a",4.86015,1,"chrome",1440,769
"CO93T","114","winter22","asynch","Female",21,"English","Fourth","United States","I tried my best on each question",4,4,3,"","",14.9226333333333,1,"chrome",1536,754
"Y6HX2","114","winter22","asynch","Female",20,"English","Third","United States","I tried my best on most questions",2,2,2,"n/a","n/a",23.8717166666667,1,"chrome",1436,764
"HUXZ9","114","winter22","asynch","Female",20,"English","Third","United States","I tried my best on each question",3,3,4,"","",17.3679666666667,2,"chrome",1680,863
"4VG00","115","winter22","asynch","Male",21,"English","Third","United States","I tried my best on most questions",4,3,2,"","",8.42605,1,"chrome",1536,722
"EMDA3","113","winter22","asynch","Female",18,"English","First","United States","I tried my best on most questions",4,3,3,"","",12.8286666666667,1,"chrome",1440,789
"UWK3M","114","winter22","asynch","Female",18,"English","First","USA","I tried my best on most questions",4,3,3,"","",10.78985,1,"chrome",1368,769
"UJUMO","114","winter22","asynch","Male",21,"Mandarin","Third","China","I tried my best on each question",2,5,5,"I have done similar questions in my high school that asked us to read a triangle graph to find the value for each point. Those graphs were way harder to read and have three axes on the left-top, right-top, and bottom.","No",18.4838,3,"chrome",2560,1297
"VRF74","115","winter22","asynch","Male",34,"X-Other","Fourth","Middleastern","I tried my best on each question",3,3,3,"took me half way to figure out how to read the graph","no",16.4075666666667,1,"chrome",1536,754
"1QH5E","115","winter22","asynch","Female",20,"Spanish","Second","United States","I tried my best on each question",2,5,3,"","No",13.7207,1,"chrome",1159,726
"M5UZ2","114","winter22","asynch","Female",20,"English","Second","United States","I tried my best on each question",2,4,3,"maybe just clarification on like the x axis title ","",24.1404,1,"chrome",1440,727
"8DH5Q","113","winter22","asynch","Female",22,"English","Fourth","U.S.","I tried my best on each question",2,3,3,"","No",12.0233833333333,1,"chrome",1349,738
"YQWHV","115","winter22","asynch","Female",19,"Spanish","Second","United States","I tried my best on each question",3,4,3,"","",10.7921166666667,2,"chrome",1175,680
"E8SFZ","115","winter22","asynch","Female",21,"English","Fourth","USA","I tried my best on each question",4,3,2,"Confusing to read","no",5.7674,1,"chrome",1440,821
"HYHQ0","114","winter22","asynch","Female",18,"English","First","United States","I tried my best on each question",3,3,4,"","",20.53435,3,"chrome",1440,821
"DTCXX","115","winter22","asynch","Male",20,"English","Third","US","I tried my best on most questions",3,4,1,"","",8.30223333333333,1,"chrome",1920,937
"NUUUY","113","winter22","asynch","Female",21,"Spanish","Third","United States","I tried my best on each question",2,4,3,"","I have ADHD I dont know if it influenced the task though",17.4618,1,"chrome",2400,1211
"T1CDA","115","winter22","asynch","Male",28,"X-Other","Third","United States","I tried my best on most questions",3,2,4,"","",14.5380333333333,2,"chrome",1293,695
"DXD82","115","winter22","asynch","Female",21,"English","Fourth","United States","I tried my best on most questions",3,3,5,"","N/A",5.75291666666667,1.5,"chrome",1440,789
"NTBWZ","113","winter22","asynch","Female",19,"English","Second","United States","I tried my best on each question",2,4,4,"","NA",10.7905666666667,1,"chrome",1186,737
"2QTH0","114","winter22","asynch","Female",21,"Mandarin","Third","China","I tried my best on most questions",3,3,3,"","",4.62723333333333,2,"chrome",1364,685
"35MZ0","115","winter22","asynch","Female",21,"English","Fourth","United States","I tried my best on each question",4,2,2,"The graph was difficult to follow. I am more used to a spreadsheet when getting my shift schedule","",14.1271166666667,1,"chrome",1536,714
"100LQ","113","winter22","asynch","Female",18,"English","Second","United States","I tried my best on each question",4,2,2,"","No",13.1387333333333,1,"chrome",1440,696
"SQZ9U","113","winter22","asynch","Male",22,"English","Fourth","United States","I tried my best on each question",4,3,3,"Nothing","ADHD",9.3448,1,"chrome",1792,984
"8V2SA","113","winter22","asynch","Female",19,"English","Second","US","I tried my best on each question",2,4,5,"","no",8.30923333333333,1,"chrome",1440,821
"MD90A","114","winter22","asynch","Female",20,"English","Third","United States","I tried my best on each question",5,2,3,"that's the worst way of arranging a schedule ive ever seen lol","no",6.4906,1,"chrome",1368,769
"LR36O","115","winter22","asynch","Female",20,"English","Third","United States","I tried my best on each question",2,4,2,"","",13.4212166666667,1,"chrome",1440,694
"1NKF3","115","winter22","asynch","Female",19,"Mandarin","First","china ","I tried my best on most questions",2,3,2,"","no",12.2764,1,"chrome",1512,834
"QN1M5","115","winter22","asynch","Male",18,"French","First","Saudi Arabia","I tried my best on most questions",3,3,4,"","N/A",14.43195,1,"chrome",1435,848
"NZ5B4","115","winter22","asynch","Female",18,"Cantonese","First","USA","I tried my best on most questions",3,2,2,"I accidentally skipped the last problem, but i meant to say ""i just look at 12pm on the bottom and trace upward"". ","",6.89841666666667,2,"chrome",1466,745
"A76MJ","114","winter22","asynch","Male",19,"English","First","United States","I tried my best on each question",3,3,4,"","",12.6292166666667,1,"chrome",1440,729
"K9W47","115","winter22","asynch","Female",22,"English","Fourth","USA","I tried my best on each question",5,2,1,"it hurt my eyes. ","no",5.92441666666667,1,"chrome",1440,764
"U4FXL","115","winter22","asynch","Male",20,"English","Third","us","I tried my best on each question",2,5,4,"","no",5.47726666666667,1,"chrome",1536,754
"UBKOH","114","winter22","asynch","Male",22,"English","Fourth","United States","I tried my best on each question",2,4,4,"","",14.22645,1,"chrome",1862,918
"6G6HE","114","winter22","asynch","Female",21,"English","Third","United States","I tried my best on each question",3,3,4,"Sometimes the lines on the graph can be confusing.","No",11.72605,1,"chrome",1440,821
"1AHKL","113","winter22","asynch","Female",20,"Spanish","Third","United States","I tried my best on each question",2,4,5,"","",9.06335,2,"chrome",1256,692
"UMBHH","115","winter22","asynch","Female",20,"English","Third","USA","I tried my best on each question",2,5,5,"At first it was difficult to figure out how this graph works because I never encountered it before. It was fun to use though, and I think it is very efficient. ","N/A",9.09703333333333,1,"chrome",1280,721
"LR3G1","113","winter22","asynch","Male",21,"English","Fourth","United Statesa","I tried my best on each question",2,3,3,"","",38.5193166666667,3,"chrome",1504,852
"OPLBP","114","winter22","asynch","Male",18,"English","First","United States","I tried my best on each question",4,3,5,"","",13.0115,1,"chrome",1440,711
"URF3W","113","winter22","asynch","Male",20,"English","Third","United States","I tried my best on each question",2,4,4,"I may have performed a similar study last year, with the same graphs ","",8.93021666666667,2,"chrome",1855,977
"RL17F","115","winter22","asynch","Female",20,"English","Third","US","I tried my best on each question",2,4,4,"","No",8.76251666666667,1,"chrome",1536,746
"1TD7F","115","winter22","asynch","Female",19,"English","First","United States","I tried my best on each question",4,2,4,"","",17.7825666666667,2,"chrome",1600,722
"K27WV","113","winter22","asynch","Female",19,"Korean","Second","United States","I tried my best on each question",3,4,5,"I was first lost when looking at the chart and am still not sure if I am looking at it the right way. ","no",9.5758,1,"chrome",1440,821
"XHY8Q","115","winter22","asynch","Female",19,"Spanish","Second","United States","I tried my best on each question",3,5,5,"the grid lines used were confusing making it hard to see clearly. Maybe use a regular square grid.","n/a",11.5270833333333,1,"chrome",1440,689
"JKMRO","113","winter22","asynch","Female",21,"English","Fourth","United States","I tried my best on each question",4,3,2,"The triangle graph was kind of hard to read","No",7.62771666666667,1,"chrome",1280,689
"HP1U2","113","winter22","asynch","Female",21,"English","Fourth","United States of America","I tried my best on each question",2,4,3,"At first I didn't understand how to read the graph, but as I went on I figured it out","nope",18.4661333333333,2,"chrome",1536,713
"HLER6","113","winter22","asynch","Male",20,"English","Third","United States","I tried my best on each question",1,5,2,"","",12.0437833333333,1,"chrome",1440,743
"5380A","113","winter22","asynch","Male",19,"English","Second","United States","I tried my best on each question",1,4,4,"N/A","None",12.8113166666667,1,"chrome",1440,821
"J532N","115","winter22","asynch","Female",21,"English","Fourth","United States","I tried my best on each question",5,3,3,"","",8.1621,1,"chrome",1440,821
"PQBZP","114","winter22","asynch","Female",23,"English","Third","United States","I tried my best on each question",4,3,3,"","no",17.8425166666667,1,"chrome",1440,789
"TP8ZS","114","winter22","asynch","Female",20,"English","Second","United States","I tried my best on each question",1,5,3,"The graph confused me a lot while I was answering the first question but I was able to figure it out pretty quickly.","",8.22098333333333,1,"chrome",1440,737
"VTO38","115","winter22","asynch","Female",18,"English","First","U.S.","I tried my best on each question",4,3,5,"The graph was a little confusing because I've never seen a slanted graph before","",10.0763,1,"chrome",1920,969
"9G8K3","115","winter22","asynch","Female",22,"Mandarin","Fourth","China","I tried my best on each question",3,4,1,"It is boring","no",8.52426666666667,1,"chrome",1536,722
"WB0LF","115","winter22","asynch","Male",21,"X-Other","Third","Myanmar","I tried my best on each question",3,5,3,"","No.",6.44838333333333,1.5,"chrome",1920,969
"MNF8O","114","winter22","asynch","Male",18,"English","First","United States","I tried my best on most questions",4,2,4,"","",13.45265,2,"chrome",1920,929
"B57QL","113","winter22","asynch","Male",27,"Arabic",NA,"USA","I tried my best on each question",2,3,3,"","NO",4.60528333333333,1,"chrome",1440,725
"L3705","114","winter22","asynch","Male",21,"English","Fourth","USA","I tried my best on each question",3,3,4,"I didn't fully understand how the chart worked until bit in. I think I assumed that both diagonals were start and end times, but I figured it out eventually.","ADHD maybe?",10.1385666666667,1,"chrome",1920,958
"82VBY","115","winter22","asynch","Female",22,"English","Fourth","United States","I tried my best on each question",3,4,4,"differentiating the color of the points/text from the grid would be helpful visually!","no",12.5877166666667,1,"chrome",1439,726
"DWK0J","114","winter22","asynch","Female",20,"English","Third","United States","I tried my best on most questions",3,3,3,"I'm bad at math, so the one where it was like ""whos taking a break at 2 ?"" was a bit hard ","",9.64236666666667,2.5,"chrome",1440,789
"84PZL","115","winter22","asynch","Female",26,"Spanish",NA,"United States","I tried my best on each question",3,4,4,"This was relatively quick and I enjoyed that.","adhd?",24.7965166666667,2,"chrome",1504,892
"83M4S","114","winter22","asynch","Female",21,"English","Third","United States","I tried my best on most questions",4,3,4,"maybe help a little on how to read the graph :( I struggles for the first bit and then started to understand halfway through. Although I suppose that might be your DV","",11.9796833333333,1.5,"chrome",1517,685
"CC9FZ","113","winter22","asynch","Female",21,"X-Other","Third","usa","I tried my best on most questions",3,4,2,"color code maybe?","Dyslexia and ADHD",11.6154833333333,1,"chrome",1368,801
"X9OTF","115","winter22","asynch","Female",19,"English","Second","US","I tried my best on each question",3,5,4,"The graph looked a little confusing at first but when looking at it more and with the questions it was more easily understood ","no",11.25485,2.5,"chrome",1440,821
"453NH","115","winter22","asynch","Female",20,"English","Third","US","I tried my best on each question",2,5,4,"","No",13.9997833333333,1,"chrome",1785,899
"0BTAJ","113","winter22","asynch","Female",21,"English","Fourth","USA","I tried my best on most questions",4,4,3,"","nO",6.33011666666667,1,"chrome",1440,764
"FK309","115","winter22","asynch","Female",19,"Spanish","Second","United States","I tried my best on each question",3,4,5,"","",5.4286,2,"chrome",1440,821
"A0KN3","114","winter22","asynch","Male",18,"Spanish","First","United States","I tried my best on most questions",5,2,1,"i want more context","no",9.43035,1,"chrome",1280,720
"ETO0B","114","winter22","asynch","Male",29,"English","Third","United States","I tried my best on each question",3,4,2,"","NO",11.8305166666667,2,"chrome",1368,761
"67XMW","113","winter22","asynch","Female",21,"English","Fourth","USA","I tried my best on most questions",3,2,3,"","",5.98255,1,"chrome",1440,698
"1L782","113","winter22","asynch","Female",22,"English","Third","United States","I tried my best on each question",5,2,3,"","No",13.7557,1,"chrome",1440,755
"ZUG5U","113","winter22","asynch","Female",18,"English","First","United States","I tried my best on each question",3,4,2,"","No",13.6792833333333,1,"chrome",1399,766
"UEYMX","115","winter22","asynch","Male",21,"Mandarin","Third","China","I tried my best on each question",4,3,2,"the graph is kind of confusing ","no",7.28336666666667,3,"chrome",1536,721
"DN14F","115","winter22","asynch","Female",20,"English","Third","USA","I tried my best on each question",2,4,3,"The way the graph was labeled did confuse me because of the lines that crossed within the graph.","No",10.1487333333333,1,"chrome",1440,821
"OZ14X","115","winter22","asynch","Male",18,"Arabic","First","United States","I tried my best on each question",2,4,4,"","",26.6297833333333,2,"chrome",1600,712
"E2TEF","113","winter22","asynch","Female",19,"Spanish","Second","United States","I tried my best on most questions",4,4,3,"","",28.7414,2,"chrome",1664,967
"ETFTW","113","winter22","asynch","Male",20,"English","Third","United States","I tried my best on each question",4,2,1,"","",16.7339666666667,1,"chrome",1438,697
"DHOKS","113","winter22","asynch","Female",21,"English","Fourth","U.S.A","I tried my best on each question",5,1,3,"","",10.7913333333333,1,"chrome",1440,718
"WGKOY","114","winter22","asynch","Female",21,"English","Third","Malaysia","I tried my best on each question",3,3,3,"","",13.3879,1,"chrome",1440,705
"LCA8C","113","winter22","asynch","Female",18,"Spanish","First","United States","I tried my best on each question",3,2,4,"Reading the graph would be a bit easier if it was formatted differently.","No.",68.9800666666667,2,"chrome",1139,684
"EPLOW","114","winter22","asynch","Female",21,"English","Fourth","United States","I tried my best on most questions",3,4,3,"","",19.6361833333333,2,"chrome",1440,789
"JAD4Q","113","winter22","asynch","Female",19,"English","Second","USA","I tried my best on each question",4,2,4,"","no",9.82248333333333,1,"chrome",1536,710
"7KD25","115","winter22","asynch","Male",18,"Mandarin","First","Taiwan","I tried my best on each question",3,4,3,"","",9.72711666666667,1,"chrome",1440,695
"2Y8XK","114","winter22","asynch","Female",18,"Spanish","First","United States of America","I tried my best on each question",3,4,5,"","No",27.2512166666667,2,"chrome",1536,746
"7SHKW","115","winter22","asynch","Female",21,"Spanish","Third","US","I tried my best on each question",2,4,2,"","no",9.18088333333333,1,"chrome",1437,692
"TKN32","115","winter22","asynch","Male",22,"English","Fourth","United States","I tried my best on each question",1,1,4,"","No",13.4304333333333,3,"chrome",1920,937
"2F0D6","114","winter22","asynch","Female",20,"English","Third","United States","I tried my best on each question",4,3,3,"","I have a learning disability that impacts spelling and memorization. I sometimes have a hard time with word processing.",11.9207333333333,2,"chrome",1536,754
"UEOMR","115","winter22","asynch","Female",18,"Cantonese","First","United States","I tried my best on most questions",4,1,4,"","No",13.0862,1,"chrome",1597,716
"N95FK","115","winter22","asynch","Female",19,"English","Second","United States","I tried my best on each question",3,4,3,"","no",9.96885,1.5,"chrome",1297,733
"APAMB","113","winter22","asynch","Female",21,"English","Third","USA","I tried my best on each question",2,3,3,"","no",15.1600666666667,1,"chrome",1440,821
"YVMV1","114","winter22","asynch","Female",25,"Spanish","Fourth","Mexico","I tried my best on each question",4,1,4,"","",11.6924833333333,1,"chrome",1440,821
"XTJ1R","115","winter22","asynch","Female",22,"X-Other","Fourth","United States","I tried my best on each question",4,4,4,"I didn't understand the graph for the first few questions. Then it clicked and made sense. The one I found to be most difficult was the one about finding a shift that started before this shift and ending after this shift. I found myself wanting to color the graph or use a ruler to block certain bits off.","No",18.0882666666667,2,"chrome",1536,722
"W287P","115","winter22","asynch","Female",20,"X-Other","Fourth","Indonesia","I tried my best on most questions",4,2,2,"","",11.8165333333333,3,"chrome",1440,709
"293QB","113","winter22","asynch","Female",23,"Spanish","Fourth","United States","I tried my best on each question",4,3,3,"","No",11.7343166666667,1,"chrome",1280,721
"CTWWG","115","winter22","asynch","Male",21,"English","Third","United States","I tried my best on each question",3,3,4,"Nothing much. It was a fun few tasks.","no.",11.5398166666667,1,"chrome",1792,898
"DY0BB","113","winter22","asynch","Female",23,"English","Fifth","USA","I tried my best on most questions",1,2,2,"","",14.8554833333333,2,"chrome",1440,821
"MTCEB","113","winter22","asynch","Other-Not Listed",21,"Spanish","Third","United States","I tried my best on most questions",2,4,2,"","",9.49355,1,"chrome",1287,1087
"FK6O0","114","winter22","asynch","Female",19,"Mandarin","Second","China","I tried my best on each question",4,5,3,"","No",11.3821166666667,1,"chrome",1564,932
"UNEBA","114","winter22","asynch","Female",36,"English","Fourth","United States","I tried my best on each question",4,2,3,"","no",14.2017833333333,1,"chrome",1920,1056
"Y5NMS","113","winter22","asynch","Female",19,"Korean","Second","USA","I tried my best on most questions",3,3,3,"","",9.11136666666667,1,"chrome",1280,689
"4660Y","113","winter22","asynch","Female",22,"English","Fourth","USA","I tried my best on each question",3,4,3,"","",10.0346166666667,1,"chrome",1311,705
"BH2SE","114","winter22","asynch","Female",19,"English","Second","United States","I tried my best on each question",3,4,3,"","",8.84213333333333,2,"chrome",1536,722
"NN6JS","114","winter22","asynch","Male",18,"English","First","United States","I tried my best on each question",2,5,2,"n/a","n/a",10.61335,1,"chrome",1357,707
"O7C4V","113","winter22","asynch","Female",22,"English","Fourth","USA","I tried my best on each question",4,2,2,"","no",20.8619333333333,2,"chrome",1440,720
"YG0JQ","115","winter22","asynch","Female",23,"English","Third","usa","I tried my best on most questions",3,3,1,"n/a","no",6.94483333333333,1,"chrome",1222,774
"QAUVK","113","winter22","asynch","Male",18,"English","Fourth","United States","I tried my best on most questions",3,1,3,"made me feel cross-eyed for a bit lol","n/a",10.8577166666667,1,"chrome",1440,789
"9CLCR","114","winter22","asynch","Male",21,"English","Third","US","I tried my best on each question",2,4,5,"","no",9.06068333333333,1,"chrome",1429,931
"TFEQ0","114","winter22","asynch","Female",18,"English","First","USA","I tried my best on each question",3,2,2,"","no ",12.07205,3,"chrome",1440,821
"JY80S","115","winter22","asynch","Male",22,"English","Fourth","United States","I tried my best on most questions",1,2,3,"I was slightly confused at the beginning but I thing I got it after 2 questions","no",12.7406833333333,1,"chrome",1536,714
"SGDUF","114","winter22","asynch","Female",21,"English","Fourth","United States","I tried my best on each question",2,5,4,"","no",8.48966666666667,1,"chrome",2048,1010
"4GNS9","113","winter22","asynch","Female",19,"X-Other","First","Vietnam","I tried my best on each question",3,4,4,"The chart was a little bit confusing at first but it gets better as I got used to it.","Nope",11.72685,2,"chrome",1439,736
"C0VRA","114","winter22","asynch","Female",21,"Mandarin","Third","China","I tried my best on each question",2,3,4,"","",10.8740833333333,2,"chrome",1134,855
"O30BB","114","winter22","asynch","Female",19,"English","Second","United States","I tried my best on each question",3,4,5,"","No",9.02583333333333,2,"chrome",1440,789
"Y30VN","115","winter22","asynch","Female",20,"English","Second","USA","I tried my best on most questions",3,4,2,"the layout of the graph was confusing (the diamond shapes)","",9.12216666666667,1,"chrome",1430,718
"APZGR","113","winter22","asynch","Female",19,"English","Second","United States","I tried my best on most questions",4,4,2,"The visualization was kind of hard to understand at first, especially because the label on the bottom stated that it was representative of times shifted started AND endedâ€” at first I thought I was supposed to look for points on the graph to reveal when a shift ended instead of mentally calculating it using each point's duration and start time.","",13.5192333333333,2,"chrome",1440,689
"304O6","113","winter22","asynch","Female",30,"English","Third","United States","I tried my best on each question",5,2,1,"The grid of the time pyramid diagram caused severe eye strain and triggered a migraine.","eye sensitivity problem distinguishing fine lines.",35.9273666666667,2,"chrome",1536,714
"U26T4","115","winter22","asynch","Male",21,"English","Fourth","United States of America","I tried my best on each question",2,4,4,"","no",9.86005,1,"chrome",1440,821
"Y2BWO","114","winter22","asynch","Female",22,"Spanish","Third","United States","I tried my best on each question",3,3,3,"","no",8.10928333333333,1,"chrome",1440,789
"Y2RLM","115","winter22","asynch","Male",21,"English","Fourth","United States","I tried my best on each question",4,2,4,"","",8.40548333333333,1,"chrome",1920,961
"NG0OK","115","winter22","asynch","Male",20,"English","Third","US","I tried my best on each question",3,2,3,"","",8.43206666666667,1,"chrome",2560,1361
"PX101","113","winter22","asynch","Male",21,"English","Third","united states","I tried my best on each question",1,4,3,"","no",6.48695,1,"chrome",1330,729
"JJTSL","113","winter22","asynch","Female",20,"English","Third","usa","I tried my best on most questions",5,4,1,"","no. average intelligence lol",26.2696,1,"chrome",1504,892
"2WLTY","113","winter22","asynch","Female",19,"English","Second","United States","I tried my best on each question",5,1,5,"","",9.5947,2.5,"chrome",1536,722
"U839U","113","winter22","asynch","Female",19,"English","Second","United States","I tried my best on each question",3,2,3,"","no",11.5474833333333,1,"chrome",1280,721
"3ST7R","115","winter22","asynch","Female",24,"English",NA,"US","I tried my best on most questions",5,1,1,"yikes i changed my technique half way through","",9.13431666666667,1,"chrome",1792,1041
"ECX0M","115","winter22","asynch","Male",18,"Cantonese","First","united states","I tried my best on most questions",2,4,1,"","",10.5347833333333,1,"chrome",1920,896
"NMURJ","115","winter22","asynch","Male",20,"English","Second","United States of America","I tried my best on most questions",3,4,2,"I was unsure about why the graph lines were placed the way they were (i.e. diagonal instead of vertical/horizontal), and it definitely made interpreting the graph more difficult.","No.",9.36256666666667,1,"chrome",1512,781
"6KL2R","115","winter22","asynch","Female",22,"Mandarin","Fourth","China","I tried my best on most questions",3,4,2,"no","",14.3551,1,"chrome",1440,732
"TPV5H","113","winter22","asynch","Female",20,"English","Second","USA","I tried my best on each question",5,3,1,"I worked a retail job with a shift chart and if I ever had to deal with one like this I would've poked my eyes out every day.  ","No",15.8744,1,"chrome",1440,789
"X16OX","115","winter22","asynch","Female",22,"English","Fourth","United States","I tried my best on each question",4,4,2,"Some of the ways the questions were worded were a bit confusing, but I think I understood them.","No.",25.7991166666667,1,"chrome",1536,722
"PBAU4","113","winter22","asynch","Female",24,"English","Third","USA","I tried my best on each question",3,4,3,"I hope we get to know how many we got correct","no",14.0250333333333,1,"chrome",1718,885
"OLL5S","115","winter22","asynch","Female",21,"X-Other","Third","United States","I tried my best on most questions",4,4,4,"","",6.29658333333333,2,"chrome",1440,764
"L2T50","115","winter22","asynch","Female",18,"English","First","United States","I tried my best on each question",4,2,3,"I believe I may have messed up in the first half of the session because I was unsure if I was right or not. However, as mentioned above, I really did try my best. ","",23.0900166666667,2,"chrome",1440,821
"T8EZ7","114","winter22","asynch","Female",20,"English","Third","USA","I tried my best on each question",3,5,5,"I really liked this method of plotting the data; although it took some getting used to.","n/a",17.6095,1,"chrome",1440,702
"YSO0M","113","winter22","asynch","Female",19,"X-Other","Second","Russia","I tried my best on each question",3,3,3,"","No",17.5700166666667,1,"chrome",1280,800
"R8DPA","115","winter22","asynch","Female",19,"English","Second","United States","I tried my best on each question",3,5,5,"","",11.88055,1,"chrome",1440,696
"3KN5D","115","winter22","asynch","Female",20,"English","Third","U.S.","I tried my best on most questions",4,4,5,"","",6.63961666666667,1,"chrome",1440,821
"59MBJ","113","winter22","asynch","Female",22,"English","Fifth","United States","I tried my best on each question",3,4,4,"","",16.0821666666667,1,"chrome",1440,821
"HJESG","113","winter22","asynch","Female",21,"English","Fourth","United States","I tried my best on most questions",3,3,3,"","",9.31098333333333,1,"chrome",1440,789
"SJ64C","114","winter22","asynch","Female",20,"English","Second","USA","I tried my best on each question",1,2,1,"so many lines","no",14.6601166666667,1,"chrome",1440,821
"2KWJH","114","winter22","asynch","Male",21,"Mandarin","Fourth","Hong Kong","I tried my best on each question",3,4,4,"","",5.32573333333333,3,"chrome",1440,707
"DYKSV","113","winter22","asynch","Female",21,"English","Fourth","United States","I tried my best on each question",2,4,5,"n/a","no",12.5490166666667,1,"chrome",1368,793
"95CJ3","115","winter22","asynch","Female",18,"Cantonese","First","United States","I tried my best on each question",3,2,4,"","No",10.9447333333333,1,"chrome",1512,834
"QZ539","114","winter22","asynch","Female",21,"Spanish","Third","U.S","I tried my best on most questions",3,2,3,"I think i struggle a little trying to interpret the graph and really trying to figure out the times between shifts. I had alot of self doubts with my answers.","N/A",12.5052666666667,1,"chrome",1440,820
"JYHJA","114","winter22","asynch","Female",20,"English","Second","United States","I tried my best on each question",3,3,3,"","no",26.0635833333333,2,"chrome",1440,789
"37L4A","114","winter22","asynch","Female",19,"X-Other","Second","USA","I tried my best on each question",4,2,3,"","",13.055,1.5,"chrome",1440,742
"N9VVC","115","winter22","asynch","Female",21,"X-Other","Fourth","United States","I tried my best on each question",3,2,4,"","",8.62921666666667,1,"chrome",1601,876
"84U87","115","winter22","asynch","Female",20,"Spanish","Third","USA","I tried my best on each question",3,3,2,"i was confused at first and then i understood it half way through ","no",11.5388666666667,1,"chrome",1200,752
"5R5FU","114","winter22","asynch","Female",20,"Spanish","Third","United States","I tried my best on each question",4,3,3,"The lines were a bit confusing, my vision is honestly tired so I got to take a double look.","I have a stigmatism, it is not a liability but due to vision being a key factor in this test I believe it influenced my results.  ",9.5685,1,"chrome",1440,789
"AKA30","114","winter22","asynch","Female",22,"English","Fourth","United States","I tried my best on each question",4,4,5,"Maybe this was intentional, but placing the letter choices in alphabetical order would be helpful because then it would easier to select answer choices.","None.
",12.3456833333333,2,"chrome",1504,892
"5U2P3","115","winter22","asynch","Female",22,"English","Fourth","USA","I tried my best on each question",3,4,3,"It was fun!","No",21.63125,2,"chrome",1440,789
"H4D06","114","winter22","asynch","Female",21,"English","Fourth","United States","I tried my best on each question",3,4,4,"","",7.5692,1,"chrome",1440,764
"3EQJ0","115","winter22","asynch","Male",20,"Arabic","Third","Palestine","I tried my best on most questions",3,2,2,"","",13.0824833333333,1,"chrome",3840,2036
"NU72U","114","winter22","asynch","Male",20,"Arabic","Third","United States","I tried my best on each question",2,4,3,"","",11.1333,2,"chrome",1536,754
"Y0KJD","113","winter22","asynch","Female",20,"English","Second","United States","I tried my best on most questions",3,3,4,"Figuring out when each shift would end and have a break was a bit tedious. Otherwise, I thought the graph was a really creative way to organize shifts. ","No",14.6741833333333,1,"chrome",1439,740
"O8JYV","114","winter22","asynch","Other-Not Listed",21,"English","Fourth","United States","I tried my best on most questions",5,1,3,"","no",11.9086166666667,1,"chrome",1280,721
"OTNWU","113","winter22","asynch","Female",18,"English","First","USA","I tried my best on each question",3,3,3,"","no",12.4263166666667,1,"chrome",1536,842
"1TY3A","11111","winter22","asynch","Male",18,"English","First","United States","I tried my best on each question",2,3,5,"","",11.7402333333333,2,"chrome",1440,704
"NTFMX","11111","winter22","asynch","Male",19,"English","Second","United States","I tried my best on most questions",4,2,3,"I only realized how to interpret the graph halfway through the study","no",18.4019833333333,1,"chrome",1536,754
"UDKAD","11111","winter22","asynch","Female",20,"English","Third","United States","I tried my best on each question",4,3,4,"It was a good experience. Thank you","I don't think so",11.8208333333333,1,"chrome",1280,720
"PHZQD","11111","winter22","asynch","Female",21,"English","Third","United States","I tried my best on most questions",4,3,5,"","",10.4007833333333,1,"chrome",1500,928
"78OYN","11111","winter22","asynch","Female",23,"English","Fourth","USA","I tried my best on each question",5,2,3,"This was hard for me and I found myself re-reading the questions a lot to try and make sure I was looking at the correct parts of the graph","I have Dyslexia ",12.2325666666667,1,"chrome",1440,776
"MHFR0","11111","winter22","asynch","Female",20,"English","Second","United States ","I tried my best on most questions",3,2,5,"I am very curious about what this study is measuring! I am not sure if I interpreted the graph correctly.","No",8.52225,1.5,"chrome",1200,749
"1UMKK","11111","winter22","asynch","Female",21,"English","Third","United States","I tried my best on each question",3,3,2,"","no",10.96325,1,"chrome",1440,821
"2KQFZ","11111","winter22","asynch","Female",21,"X-Other","Fourth","United States","I tried my best on each question",5,4,3,"","",9.48961666666667,1,"chrome",1536,746
"4W5AK","11111","winter22","asynch","Female",21,"English","Fourth","United States","I tried my best on most questions",3,3,3,"","none",12.0942833333333,1,"chrome",1280,720
"ZXEE1","11111","winter22","asynch","Female",20,"French","Third","france","I tried my best on most questions",5,1,4,"","",12.8625,2,"chrome",1600,762
"3A8W2","11111","winter22","asynch","Female",19,"English","Second","United States","I tried my best on most questions",3,3,3,"","",8.9272,2,"chrome",1707,948
"C3FKR","11111","winter22","asynch","Female",22,"Mandarin","Third","China","I tried my best on most questions",4,3,2,"","",6.12618333333333,1,"chrome",1440,821
"MAZUR","11111","winter22","asynch","Other-Not Listed",21,"English","Fourth","US","I tried my best on each question",3,1,3,"Nothing, honestly, I'm just dumb and read the chart incorrectly.","N/A",12.8114666666667,1,"chrome",1920,969
"QTJAD","11111","winter22","asynch","Female",20,"Spanish","Third","United States","I tried my best on each question",3,4,5,"I think that your study did really well in reminding students to have no distractions!","No.",16.3010666666667,1,"chrome",1440,695
"AW74X","11111","winter22","asynch","Female",19,"English","Second","United States","I tried my best on most questions",4,2,2,"I really wasn't sure how to answer some questions and was confused on the structure of the graph. I tried my best to do the math in my head.","none.",16.484,2,"chrome",1440,789
"7U3D3","11111","winter22","asynch","Male",18,"English","First","United States","I tried my best on each question",4,4,2,"","",6.20091666666667,1,"chrome",1792,1009
"OKJEC","11111","winter22","asynch","Female",20,"Mandarin","Second","Hong Kong","I tried my best on each question",4,2,2,"","",10.74295,1,"chrome",1282,725
"4N2QD","11111","winter22","asynch","Male",19,"Mandarin","First","China","I tried my best on each question",4,3,2,"","",9.67515,1,"chrome",1440,821
"Y15SK","11111","winter22","asynch","Male",20,"English","Third","United States","I tried my best on most questions",4,3,5,"","No",13.9489,3,"chrome",2560,1329
"B570P","11111","winter22","asynch","Female",22,"English","Third","United States","I tried my best on each question",4,2,4,"","",16.5545666666667,1.5,"chrome",1440,744
"K9F7P","11111","winter22","asynch","Female",20,"English","Third","United States","I tried my best on most questions",4,3,4,"I didn't understand the description on the graph's X axis for a while. How it was supposed to be both the start and end times. That messed up a lot of the early questions.","",16.2059166666667,2,"chrome",1368,801
"GT46Z","11111","winter22","asynch","Female",19,"Mandarin","First","china","I tried my best on most questions",3,2,2,"","",7.89258333333333,2,"chrome",1512,804
"XAT3N","11111","winter22","asynch","Female",18,"Spanish","First","United States","I tried my best on each question",3,3,3,"Some questions were repetitive","N/A",15.0885166666667,1,"chrome",1440,732
"N7DH0","11111","winter22","asynch","Male",20,"Mandarin","Second","China","I tried my best on each question",4,3,4,"","",102.672216666667,1.5,"chrome",1920,969
"QLD8P","11111","winter22","asynch","Female",21,"English","Fourth","United States","I tried my best on each question",4,1,3,"I was really frustrated at the graphing at first, it reminded me of being tested if I was ""gifted"" or a GATE scholar in elementary and finding out rightfully so that I am not. I did not understand how to read the graph until the very last question I had an ""oooh"" moment out of nowhere.","No.",23.0408666666667,2,"chrome",1280,720
"Z7AO4","11111","winter22","asynch","Female",20,"English","Second","usa","I tried my best on most questions",3,3,3,"","",3.7468,1,"chrome",1440,734
"L98AS","11111","winter22","asynch","Female",19,"Spanish","First","Mexico","I tried my best on most questions",3,2,1,"","",13.1033666666667,1,"chrome",1440,789
"6XOP3","11111","winter22","asynch","Male",21,"English","Third","United States","I tried my best on most questions",3,4,4,"","No",12.3264166666667,1,"chrome",1680,879
"AA4UN","11111","winter22","asynch","Female",18,"English","First","United States","I tried my best on most questions",3,2,2,"I liked the dog at the end :)","n/a",13.79475,2,"chrome",1440,821
"O1OA5","11111","winter22","asynch","Male",21,"English","Fourth","United States","I tried my best on each question",2,3,5,"I didn't understand how the graph worked completely until a few questions in","",9.41568333333333,2.5,"chrome",1920,937
"ZUPS2","11111","winter22","asynch","Female",18,"English","First","India","I tried my best on each question",2,4,5,"","no",15.2349166666667,1,"chrome",1536,714
"WVPJD","11111","winter22","asynch","Male",19,"Mandarin","First","United States","I tried my best on each question",4,3,1,"","no",7.5973,3,"chrome",1512,834
"8PKQF","11111","winter22","asynch","Female",21,"English","Fourth","United States","I tried my best on each question",3,5,4,"","no",13.90035,1.5,"chrome",1536,722
"9J5H4","11111","winter22","asynch","Male",19,"Cantonese","First","United States","I tried my best on each question",3,4,4,"I think the experiment was very well thought out and the graph was a very unique way to indicate time.","N/A",16.3678166666667,3,"chrome",1440,789
"ZTKAA","11111","winter22","asynch","Female",21,"Mandarin","Third","Taiwan","I tried my best on most questions",4,3,2,"","no",19.1087166666667,1,"chrome",1440,750
"MXCDO","11111","winter22","asynch","Female",21,"English","Third","United States","I tried my best on each question",2,5,3,"Nothing","No",6.78598333333333,1,"chrome",1600,722
"E0XXW","11111","winter22","asynch","Female",22,"X-Other","Third","united states ","I tried my best on most questions",4,2,3,"it's hard to identify with the diagram ","not that i know",7.41053333333333,1,"chrome",1440,821
"LO5PT","11111","winter22","asynch","Female",22,"English","Third","usa","I tried my best on most questions",3,3,2,"","",7.54556666666667,1,"chrome",1440,776
"COU7L","11111","winter22","asynch","Male",22,"X-Other","Fifth","US","I tried my best on most questions",3,3,2,"I started to get cross-eyed from staring at the pyramid for so long. All of the lines blur together sometimes","No",11.0858666666667,2,"chrome",1536,746
"G6J4A","11111","winter22","asynch","Female",23,"Cantonese","Fourth","us","I tried my best on each question",3,3,4,"","no",5.88605,1,"chrome",1663,819
"LY8BF","11111","winter22","asynch","Female",20,"Spanish","Third","United States","I tried my best on each question",3,3,5,"","no",21.3511,1,"chrome",1241,764
"A91EM","11111","winter22","asynch","Female",18,"Mandarin","Second","China","I tried my best on each question",3,4,3,"","",11.7340666666667,1,"chrome",1792,1041
"8F2W4","11111","winter22","asynch","Female",19,"English","Second","US","I tried my best on each question",2,4,5,"","No",13.9369333333333,1,"chrome",1182,788
"58DU7","11111","winter22","asynch","Male",23,"English","Fourth","United States","I tried my best on each question",1,5,5,"","",13.9516166666667,3,"chrome",1920,969
"4MKHA","11111","winter22","asynch","Female",20,"English","Third","United States","I tried my best on most questions",4,4,4,"Nothing at the moment.","None",11.3972333333333,1,"chrome",1151,736
"XTF1P","11111","winter22","asynch","Female",20,"X-Other","Third","US","I tried my best on each question",3,4,2,"","",8.46325,1,"chrome",1440,821
"2FRZX","11111","winter22","asynch","Female",21,"English","Fourth","USA","I tried my best on each question",3,4,4,"The questions or instructions could have been a bit more clear to understand what is being asked better.","No",12.5145,1,"chrome",1920,969
"RBUFB","11111","winter22","asynch","Female",20,"Spanish","Third","United States","I tried my best on most questions",2,2,4,"I didn't understand the shifts that were in the center of a line ","No",11.4026,1,"chrome",1195,712
"D1CG5","11111","winter22","asynch","Female",21,"Spanish","Third","USA","I tried my best on each question",1,5,3,"","eye-sight",16.3045833333333,1,"chrome",1440,692
"VO9EL","11111","winter22","asynch","Other-Not Listed",21,"Spanish","Fourth","United States","I tried my best on each question",3,4,3,"n/a","n/a",17.3457833333333,1,"chrome",1440,741
"D8S0F","11111","winter22","asynch","Male",21,"English","Fourth","United States","I tried my best on each question",3,4,2,"","",11.6449166666667,1,"chrome",1680,844
"ADFD8","11111","winter22","asynch","Male",24,"Mandarin","Third","Taiwan","I tried my best on each question",1,3,5,"At first couple of questions, it was kind of confusing to determine the figure/picture. However, after I've done couple of questions, I then realized how to read it more accurately but realized that I did so many questions wrong in the front. ","N/A",10.6683166666667,2.5,"chrome",1920,969
"C2RXW","11111","winter22","asynch","Female",21,"Spanish","Third","US","I tried my best on each question",4,4,5,"I used the triangles to help navigate the points.","no",10.5285333333333,2,"chrome",1280,720
"QLXBA","11111","winter22","asynch","Female",22,"English","Fourth","United States","I tried my best on each question",3,4,5,"","No",7.96328333333333,1,"chrome",1440,821
"8Z11B","11111","winter22","asynch","Female",23,"Mandarin","Third","China","I tried my best on each question",3,3,3,"n/a","n/a
",6.96193333333333,1,"chrome",1920,1089
"P9XXX","11111","winter22","asynch","Female",19,"English","Second","USA","I tried my best on most questions",4,3,2,"","no",10.7869333333333,2,"chrome",1326,740
"USUB3","11111","winter22","asynch","Female",19,"English","Second","USA","I tried my best on each question",3,4,4,"The graph was confusing due to all of the lines.","None",15.5111,1,"chrome",1392,731
"18WDR","11111","winter22","asynch","Male",21,"English","Fourth","United States","I tried my best on each question",1,4,3,"took a couple questions to learn the graph","no",8.65465,1,"chrome",1920,937
"6KE0E","11111","winter22","asynch","Female",20,"Spanish","Third","US","I tried my best on each question",3,2,5,"","i have adhd lol i get distracted with the lines ",8.01836666666667,1,"chrome",1440,789
"A2YFF","11111","winter22","asynch","Male",22,"English","Fourth","United States","I tried my best on each question",4,4,2,"I found the graph very confusing with the connecting/crossing lines.","None.",13.8465,2,"chrome",1500,849
"7OSP4","11111","winter22","asynch","Female",18,"Mandarin","First","china","I tried my best on most questions",4,2,3,"I am a little confused about the chart","",13.8653166666667,1,"chrome",1440,789
"J2AV9","11111","winter22","asynch","Male",19,"English","Second","United States","I tried my best on most questions",3,4,4,"","",253.837566666667,2,"chrome",1368,793
"TDN6D","11111","winter22","asynch","Female",21,"English","Third","United States","I tried my best on most questions",3,3,3,"","",7.16696666666667,1,"chrome",1438,690
"LDO4C","11111","winter22","asynch","Female",20,"English","Third","United States","I tried my best on most questions",3,2,1,"","",6.63695,1.5,"chrome",1440,789
"JX5XC","11111","winter22","asynch","Female",19,"Mandarin","First","china","I tried my best on most questions",3,3,3,"none","no",7.84631666666667,1,"chrome",1504,892
"E7OZO","11111","winter22","asynch","Female",18,"Spanish","First","United States ","I tried my best on each question",4,3,2,"","no",9.58995,2,"chrome",1440,698
"MWN89","11111","winter22","asynch","Female",21,"English","Fourth","United States of America ","I tried my best on each question",3,3,4,"Very interesting study!","No",13.7191333333333,1,"chrome",1440,796
"O95ZG","11111","winter22","asynch","Female",21,"English","Fourth","USA","I tried my best on each question",3,2,4,"na","na",7.54971666666667,1,"chrome",1440,821
"KBAV1","11111","winter22","asynch","Female",18,"Spanish","First","United States","I tried my best on each question",2,4,4,"","Nope",11.9576166666667,1,"chrome",1368,761
"T285G","11111","winter22","asynch","Other-Not Listed",23,"English","Third","America","I tried my best on most questions",3,3,4,"I am not sure, I really liked the unconventional graph and trying to figure out the data. It was the most challenging to find the breaks, but other than that it was very cool to see the data being represented that way ","I have ADHD which affects my focus ",12.5775666666667,2,"chrome",1440,751
"WFBRO","11111","winter22","asynch","Female",20,"English","Third","United States","I tried my best on each question",3,4,5,"","",13.1812333333333,2,"chrome",1536,721
"F2HMB","11111","winter22","asynch","Female",20,"English","Third","United States of America","I tried my best on most questions",5,1,3,"","",8.59366666666667,1,"chrome",1600,722
"OV9W3","11111","winter22","asynch","Female",21,"Mandarin","Third","china ","I tried my best on each question",1,5,2,"","nope",16.10725,2,"chrome",1440,696
"9XBWA","11111","winter22","asynch","Female",20,"X-Other","Third","Pakistan","I tried my best on each question",2,3,5,"This task was really interesting.","",5.62818333333333,1,"chrome",1600,789
"HMOWY","11111","winter22","asynch","Female",22,"English","Fourth","United States","I tried my best on each question",3,3,2,"","no",7.72766666666667,1,"chrome",1440,789
"7D8TQ","11111","winter22","asynch","Female",21,"English","Fourth","USA","I tried my best on most questions",3,3,2,"","",12.6243666666667,1,"chrome",1370,715
"JPGBL","11111","winter22","asynch","Male",18,"Mandarin","First","United States","I tried my best on each question",2,5,4,"It was fun.","No.",5.29516666666667,1,"chrome",1536,754
"UXMYT","11111","winter22","asynch","Male",21,"X-Other","Fourth","United States","I tried my best on most questions",3,3,2,"","no",14.7282333333333,1,"chrome",1440,745
"FRBN1","11111","winter22","asynch","Female",21,"English","Fourth","USA","I tried my best on each question",4,3,2,"","",5.72885,1.5,"chrome",1500,857
"XCEL0","11111","winter22","asynch","Female",21,"English","Fourth","United States","I tried my best on each question",4,3,1,"","",10.8108333333333,2,"chrome",1500,857
"AQ3YT","11111","winter22","asynch","Male",18,"English","First","United States","I tried my best on most questions",3,3,3,"It was a semi difficult experiment","no",5.48545,1,"chrome",1600,752
"7JFQ2","11111","winter22","asynch","Female",20,"X-Other","First","Malaysia","I tried my best on most questions",4,3,2,"","",5.68453333333333,1,"chrome",1440,789
"677KV","11111","winter22","asynch","Male",18,"English","First","United States","I tried my best on each question",3,3,3,"","",18.91405,2,"chrome",1920,937
"B2TOQ","11111","winter22","asynch","Female",20,"Mandarin","Second","China","I tried my best on most questions",4,2,2,"n/a","The understanding of the graph.",6.47516666666667,1,"chrome",1440,789
"53Z66","11111","winter22","asynch","Female",20,"X-Other","Third","USA","I tried my best on most questions",4,1,4,"","",6.66388333333333,1,"chrome",1440,732
"Q0QCR","11111","winter22","asynch","Female",21,"English","Fourth","United States","I tried my best on most questions",2,4,4,"","",10.321,1,"chrome",1440,789
"UCULR","11111","winter22","asynch","Female",22,"English","Fourth","United States","I tried my best on most questions",2,3,2,"","",6.77786666666667,1,"chrome",1417,746
"FVVX3","11111","winter22","asynch","Male",20,"Cantonese","Third","US","I tried my best on most questions",4,2,4,"","",5.8654,1,"chrome",1536,760
