"subject","mode","condition","question","score","pretty_condition"
"YM960","asynch","11115",1,0,"11115"
"YM960","asynch","11115",2,0,"11115"
"YM960","asynch","11115",3,0,"11115"
"YM960","asynch","11115",4,0,"11115"
"YM960","asynch","11115",5,0,"11115"
"YM960","asynch","11115",6,0,"11115"
"YM960","asynch","11115",7,0,"11115"
"YM960","asynch","11115",8,0,"11115"
"YM960","asynch","11115",9,0,"11115"
"YM960","asynch","11115",10,0,"11115"
"YM960","asynch","11115",11,0,"11115"
"YM960","asynch","11115",12,0,"11115"
"YM960","asynch","11115",13,0,"11115"
"EUUV1","asynch","11115",1,0,"11115"
"EUUV1","asynch","11115",2,0,"11115"
"EUUV1","asynch","11115",3,0,"11115"
"EUUV1","asynch","11115",4,0,"11115"
"EUUV1","asynch","11115",5,1,"11115"
"EUUV1","asynch","11115",6,1,"11115"
"EUUV1","asynch","11115",7,1,"11115"
"EUUV1","asynch","11115",8,1,"11115"
"EUUV1","asynch","11115",9,1,"11115"
"EUUV1","asynch","11115",10,1,"11115"
"EUUV1","asynch","11115",11,1,"11115"
"EUUV1","asynch","11115",12,1,"11115"
"EUUV1","asynch","11115",13,1,"11115"
"9DK63","asynch","11115",1,0,"11115"
"9DK63","asynch","11115",2,0,"11115"
"9DK63","asynch","11115",3,0,"11115"
"9DK63","asynch","11115",4,0,"11115"
"9DK63","asynch","11115",5,0,"11115"
"9DK63","asynch","11115",6,0,"11115"
"9DK63","asynch","11115",7,0,"11115"
"9DK63","asynch","11115",8,0,"11115"
"9DK63","asynch","11115",9,0,"11115"
"9DK63","asynch","11115",10,0,"11115"
"9DK63","asynch","11115",11,0,"11115"
"9DK63","asynch","11115",12,0,"11115"
"9DK63","asynch","11115",13,0,"11115"
"ZKG07","asynch","11115",1,0,"11115"
"ZKG07","asynch","11115",2,0,"11115"
"ZKG07","asynch","11115",3,0,"11115"
"ZKG07","asynch","11115",4,0,"11115"
"ZKG07","asynch","11115",5,1,"11115"
"ZKG07","asynch","11115",6,1,"11115"
"ZKG07","asynch","11115",7,1,"11115"
"ZKG07","asynch","11115",8,2,"11115"
"ZKG07","asynch","11115",9,3,"11115"
"ZKG07","asynch","11115",10,4,"11115"
"ZKG07","asynch","11115",11,5,"11115"
"ZKG07","asynch","11115",12,6,"11115"
"ZKG07","asynch","11115",13,7,"11115"
"VPBE4","asynch","11115",1,0,"11115"
"VPBE4","asynch","11115",2,0,"11115"
"VPBE4","asynch","11115",3,0,"11115"
"VPBE4","asynch","11115",4,0,"11115"
"VPBE4","asynch","11115",5,0,"11115"
"VPBE4","asynch","11115",6,0,"11115"
"VPBE4","asynch","11115",7,0,"11115"
"VPBE4","asynch","11115",8,0,"11115"
"VPBE4","asynch","11115",9,0,"11115"
"VPBE4","asynch","11115",10,0,"11115"
"VPBE4","asynch","11115",11,0,"11115"
"VPBE4","asynch","11115",12,0,"11115"
"VPBE4","asynch","11115",13,0,"11115"
"520AG","asynch","11115",1,0,"11115"
"520AG","asynch","11115",2,0,"11115"
"520AG","asynch","11115",3,0,"11115"
"520AG","asynch","11115",4,0,"11115"
"520AG","asynch","11115",5,0,"11115"
"520AG","asynch","11115",6,0,"11115"
"520AG","asynch","11115",7,0,"11115"
"520AG","asynch","11115",8,0,"11115"
"520AG","asynch","11115",9,0,"11115"
"520AG","asynch","11115",10,0,"11115"
"520AG","asynch","11115",11,0,"11115"
"520AG","asynch","11115",12,0,"11115"
"520AG","asynch","11115",13,0,"11115"
"LV82T","asynch","11115",1,0,"11115"
"LV82T","asynch","11115",2,0,"11115"
"LV82T","asynch","11115",3,0,"11115"
"LV82T","asynch","11115",4,0,"11115"
"LV82T","asynch","11115",5,0,"11115"
"LV82T","asynch","11115",6,0,"11115"
"LV82T","asynch","11115",7,0,"11115"
"LV82T","asynch","11115",8,0,"11115"
"LV82T","asynch","11115",9,0,"11115"
"LV82T","asynch","11115",10,0,"11115"
"LV82T","asynch","11115",11,0,"11115"
"LV82T","asynch","11115",12,0,"11115"
"LV82T","asynch","11115",13,0,"11115"
"MNLNJ","asynch","11115",1,0,"11115"
"MNLNJ","asynch","11115",2,0,"11115"
"MNLNJ","asynch","11115",3,0,"11115"
"MNLNJ","asynch","11115",4,0,"11115"
"MNLNJ","asynch","11115",5,0,"11115"
"MNLNJ","asynch","11115",6,0,"11115"
"MNLNJ","asynch","11115",7,0,"11115"
"MNLNJ","asynch","11115",8,0,"11115"
"MNLNJ","asynch","11115",9,0,"11115"
"MNLNJ","asynch","11115",10,0,"11115"
"MNLNJ","asynch","11115",11,0,"11115"
"MNLNJ","asynch","11115",12,0,"11115"
"MNLNJ","asynch","11115",13,0,"11115"
"MTFDT","asynch","11115",1,0,"11115"
"MTFDT","asynch","11115",2,0,"11115"
"MTFDT","asynch","11115",3,0,"11115"
"MTFDT","asynch","11115",4,0,"11115"
"MTFDT","asynch","11115",5,0,"11115"
"MTFDT","asynch","11115",6,0,"11115"
"MTFDT","asynch","11115",7,0,"11115"
"MTFDT","asynch","11115",8,0,"11115"
"MTFDT","asynch","11115",9,0,"11115"
"MTFDT","asynch","11115",10,0,"11115"
"MTFDT","asynch","11115",11,0,"11115"
"MTFDT","asynch","11115",12,0,"11115"
"MTFDT","asynch","11115",13,0,"11115"
"K4OUL","asynch","11115",1,0,"11115"
"K4OUL","asynch","11115",2,0,"11115"
"K4OUL","asynch","11115",3,0,"11115"
"K4OUL","asynch","11115",4,1,"11115"
"K4OUL","asynch","11115",5,1,"11115"
"K4OUL","asynch","11115",6,1,"11115"
"K4OUL","asynch","11115",7,1,"11115"
"K4OUL","asynch","11115",8,2,"11115"
"K4OUL","asynch","11115",9,2,"11115"
"K4OUL","asynch","11115",10,2,"11115"
"K4OUL","asynch","11115",11,3,"11115"
"K4OUL","asynch","11115",12,4,"11115"
"K4OUL","asynch","11115",13,5,"11115"
"AEEBQ","asynch","11115",1,0,"11115"
"AEEBQ","asynch","11115",2,0,"11115"
"AEEBQ","asynch","11115",3,0,"11115"
"AEEBQ","asynch","11115",4,0,"11115"
"AEEBQ","asynch","11115",5,0,"11115"
"AEEBQ","asynch","11115",6,0,"11115"
"AEEBQ","asynch","11115",7,0,"11115"
"AEEBQ","asynch","11115",8,0,"11115"
"AEEBQ","asynch","11115",9,0,"11115"
"AEEBQ","asynch","11115",10,0,"11115"
"AEEBQ","asynch","11115",11,0,"11115"
"AEEBQ","asynch","11115",12,0,"11115"
"AEEBQ","asynch","11115",13,0,"11115"
"Z84ZV","asynch","11115",1,0,"11115"
"Z84ZV","asynch","11115",2,0,"11115"
"Z84ZV","asynch","11115",3,0,"11115"
"Z84ZV","asynch","11115",4,0,"11115"
"Z84ZV","asynch","11115",5,0,"11115"
"Z84ZV","asynch","11115",6,0,"11115"
"Z84ZV","asynch","11115",7,0,"11115"
"Z84ZV","asynch","11115",8,0,"11115"
"Z84ZV","asynch","11115",9,0,"11115"
"Z84ZV","asynch","11115",10,0,"11115"
"Z84ZV","asynch","11115",11,0,"11115"
"Z84ZV","asynch","11115",12,0,"11115"
"Z84ZV","asynch","11115",13,0,"11115"
"K83ZA","asynch","11115",1,0,"11115"
"K83ZA","asynch","11115",2,0,"11115"
"K83ZA","asynch","11115",3,0,"11115"
"K83ZA","asynch","11115",4,0,"11115"
"K83ZA","asynch","11115",5,0,"11115"
"K83ZA","asynch","11115",6,0,"11115"
"K83ZA","asynch","11115",7,0,"11115"
"K83ZA","asynch","11115",8,0,"11115"
"K83ZA","asynch","11115",9,0,"11115"
"K83ZA","asynch","11115",10,0,"11115"
"K83ZA","asynch","11115",11,0,"11115"
"K83ZA","asynch","11115",12,0,"11115"
"K83ZA","asynch","11115",13,0,"11115"
"F6V09","asynch","11115",1,0,"11115"
"F6V09","asynch","11115",2,0,"11115"
"F6V09","asynch","11115",3,0,"11115"
"F6V09","asynch","11115",4,0,"11115"
"F6V09","asynch","11115",5,0,"11115"
"F6V09","asynch","11115",6,0,"11115"
"F6V09","asynch","11115",7,0,"11115"
"F6V09","asynch","11115",8,0,"11115"
"F6V09","asynch","11115",9,0,"11115"
"F6V09","asynch","11115",10,0,"11115"
"F6V09","asynch","11115",11,0,"11115"
"F6V09","asynch","11115",12,0,"11115"
"F6V09","asynch","11115",13,0,"11115"
"YCA39","asynch","11115",1,0,"11115"
"YCA39","asynch","11115",2,0,"11115"
"YCA39","asynch","11115",3,0,"11115"
"YCA39","asynch","11115",4,0,"11115"
"YCA39","asynch","11115",5,0,"11115"
"YCA39","asynch","11115",6,0,"11115"
"YCA39","asynch","11115",7,0,"11115"
"YCA39","asynch","11115",8,0,"11115"
"YCA39","asynch","11115",9,0,"11115"
"YCA39","asynch","11115",10,0,"11115"
"YCA39","asynch","11115",11,0,"11115"
"YCA39","asynch","11115",12,0,"11115"
"YCA39","asynch","11115",13,0,"11115"
"4XWJ9","asynch","11115",1,0,"11115"
"4XWJ9","asynch","11115",2,0,"11115"
"4XWJ9","asynch","11115",3,0,"11115"
"4XWJ9","asynch","11115",4,0,"11115"
"4XWJ9","asynch","11115",5,0,"11115"
"4XWJ9","asynch","11115",6,0,"11115"
"4XWJ9","asynch","11115",7,0,"11115"
"4XWJ9","asynch","11115",8,0,"11115"
"4XWJ9","asynch","11115",9,0,"11115"
"4XWJ9","asynch","11115",10,0,"11115"
"4XWJ9","asynch","11115",11,0,"11115"
"4XWJ9","asynch","11115",12,0,"11115"
"4XWJ9","asynch","11115",13,1,"11115"
"2ZH12","asynch","11115",1,0,"11115"
"2ZH12","asynch","11115",2,0,"11115"
"2ZH12","asynch","11115",3,0,"11115"
"2ZH12","asynch","11115",4,0,"11115"
"2ZH12","asynch","11115",5,0,"11115"
"2ZH12","asynch","11115",6,0,"11115"
"2ZH12","asynch","11115",7,0,"11115"
"2ZH12","asynch","11115",8,0,"11115"
"2ZH12","asynch","11115",9,0,"11115"
"2ZH12","asynch","11115",10,0,"11115"
"2ZH12","asynch","11115",11,0,"11115"
"2ZH12","asynch","11115",12,0,"11115"
"2ZH12","asynch","11115",13,1,"11115"
"5CNJR","asynch","11115",1,0,"11115"
"5CNJR","asynch","11115",2,1,"11115"
"5CNJR","asynch","11115",3,2,"11115"
"5CNJR","asynch","11115",4,3,"11115"
"5CNJR","asynch","11115",5,3,"11115"
"5CNJR","asynch","11115",6,4,"11115"
"5CNJR","asynch","11115",7,4,"11115"
"5CNJR","asynch","11115",8,5,"11115"
"5CNJR","asynch","11115",9,6,"11115"
"5CNJR","asynch","11115",10,7,"11115"
"5CNJR","asynch","11115",11,8,"11115"
"5CNJR","asynch","11115",12,9,"11115"
"5CNJR","asynch","11115",13,10,"11115"
"3TPYE","asynch","11115",1,0,"11115"
"3TPYE","asynch","11115",2,0,"11115"
"3TPYE","asynch","11115",3,0,"11115"
"3TPYE","asynch","11115",4,0,"11115"
"3TPYE","asynch","11115",5,1,"11115"
"3TPYE","asynch","11115",6,2,"11115"
"3TPYE","asynch","11115",7,3,"11115"
"3TPYE","asynch","11115",8,4,"11115"
"3TPYE","asynch","11115",9,5,"11115"
"3TPYE","asynch","11115",10,6,"11115"
"3TPYE","asynch","11115",11,7,"11115"
"3TPYE","asynch","11115",12,8,"11115"
"3TPYE","asynch","11115",13,9,"11115"
"F91EW","asynch","11115",1,0,"11115"
"F91EW","asynch","11115",2,0,"11115"
"F91EW","asynch","11115",3,0,"11115"
"F91EW","asynch","11115",4,0,"11115"
"F91EW","asynch","11115",5,0,"11115"
"F91EW","asynch","11115",6,0,"11115"
"F91EW","asynch","11115",7,0,"11115"
"F91EW","asynch","11115",8,0,"11115"
"F91EW","asynch","11115",9,0,"11115"
"F91EW","asynch","11115",10,0,"11115"
"F91EW","asynch","11115",11,0,"11115"
"F91EW","asynch","11115",12,0,"11115"
"F91EW","asynch","11115",13,0,"11115"
"61XQA","asynch","11115",1,0,"11115"
"61XQA","asynch","11115",2,0,"11115"
"61XQA","asynch","11115",3,0,"11115"
"61XQA","asynch","11115",4,0,"11115"
"61XQA","asynch","11115",5,0,"11115"
"61XQA","asynch","11115",6,0,"11115"
"61XQA","asynch","11115",7,0,"11115"
"61XQA","asynch","11115",8,0,"11115"
"61XQA","asynch","11115",9,0,"11115"
"61XQA","asynch","11115",10,0,"11115"
"61XQA","asynch","11115",11,0,"11115"
"61XQA","asynch","11115",12,0,"11115"
"61XQA","asynch","11115",13,0,"11115"
"XNRRS","asynch","11115",1,0,"11115"
"XNRRS","asynch","11115",2,0,"11115"
"XNRRS","asynch","11115",3,0,"11115"
"XNRRS","asynch","11115",4,0,"11115"
"XNRRS","asynch","11115",5,0,"11115"
"XNRRS","asynch","11115",6,0,"11115"
"XNRRS","asynch","11115",7,0,"11115"
"XNRRS","asynch","11115",8,0,"11115"
"XNRRS","asynch","11115",9,0,"11115"
"XNRRS","asynch","11115",10,0,"11115"
"XNRRS","asynch","11115",11,0,"11115"
"XNRRS","asynch","11115",12,0,"11115"
"XNRRS","asynch","11115",13,0,"11115"
"N8UV7","asynch","11115",1,1,"11115"
"N8UV7","asynch","11115",2,2,"11115"
"N8UV7","asynch","11115",3,3,"11115"
"N8UV7","asynch","11115",4,4,"11115"
"N8UV7","asynch","11115",5,5,"11115"
"N8UV7","asynch","11115",6,6,"11115"
"N8UV7","asynch","11115",7,7,"11115"
"N8UV7","asynch","11115",8,8,"11115"
"N8UV7","asynch","11115",9,9,"11115"
"N8UV7","asynch","11115",10,10,"11115"
"N8UV7","asynch","11115",11,11,"11115"
"N8UV7","asynch","11115",12,12,"11115"
"N8UV7","asynch","11115",13,13,"11115"
"H1PJT","asynch","11115",1,1,"11115"
"H1PJT","asynch","11115",2,2,"11115"
"H1PJT","asynch","11115",3,3,"11115"
"H1PJT","asynch","11115",4,4,"11115"
"H1PJT","asynch","11115",5,5,"11115"
"H1PJT","asynch","11115",6,6,"11115"
"H1PJT","asynch","11115",7,7,"11115"
"H1PJT","asynch","11115",8,8,"11115"
"H1PJT","asynch","11115",9,9,"11115"
"H1PJT","asynch","11115",10,10,"11115"
"H1PJT","asynch","11115",11,11,"11115"
"H1PJT","asynch","11115",12,12,"11115"
"H1PJT","asynch","11115",13,12,"11115"
"6FM91","asynch","11115",1,0,"11115"
"6FM91","asynch","11115",2,0,"11115"
"6FM91","asynch","11115",3,0,"11115"
"6FM91","asynch","11115",4,1,"11115"
"6FM91","asynch","11115",5,2,"11115"
"6FM91","asynch","11115",6,2,"11115"
"6FM91","asynch","11115",7,2,"11115"
"6FM91","asynch","11115",8,2,"11115"
"6FM91","asynch","11115",9,2,"11115"
"6FM91","asynch","11115",10,2,"11115"
"6FM91","asynch","11115",11,2,"11115"
"6FM91","asynch","11115",12,2,"11115"
"6FM91","asynch","11115",13,2,"11115"
"QGTVP","asynch","11115",1,0,"11115"
"QGTVP","asynch","11115",2,0,"11115"
"QGTVP","asynch","11115",3,0,"11115"
"QGTVP","asynch","11115",4,0,"11115"
"QGTVP","asynch","11115",5,0,"11115"
"QGTVP","asynch","11115",6,0,"11115"
"QGTVP","asynch","11115",7,0,"11115"
"QGTVP","asynch","11115",8,0,"11115"
"QGTVP","asynch","11115",9,0,"11115"
"QGTVP","asynch","11115",10,0,"11115"
"QGTVP","asynch","11115",11,0,"11115"
"QGTVP","asynch","11115",12,0,"11115"
"QGTVP","asynch","11115",13,0,"11115"
"LOGAL","asynch","11115",1,0,"11115"
"LOGAL","asynch","11115",2,0,"11115"
"LOGAL","asynch","11115",3,0,"11115"
"LOGAL","asynch","11115",4,0,"11115"
"LOGAL","asynch","11115",5,0,"11115"
"LOGAL","asynch","11115",6,0,"11115"
"LOGAL","asynch","11115",7,0,"11115"
"LOGAL","asynch","11115",8,0,"11115"
"LOGAL","asynch","11115",9,0,"11115"
"LOGAL","asynch","11115",10,0,"11115"
"LOGAL","asynch","11115",11,0,"11115"
"LOGAL","asynch","11115",12,0,"11115"
"LOGAL","asynch","11115",13,0,"11115"
"QMZ24","asynch","11115",1,0,"11115"
"QMZ24","asynch","11115",2,0,"11115"
"QMZ24","asynch","11115",3,0,"11115"
"QMZ24","asynch","11115",4,1,"11115"
"QMZ24","asynch","11115",5,2,"11115"
"QMZ24","asynch","11115",6,2,"11115"
"QMZ24","asynch","11115",7,3,"11115"
"QMZ24","asynch","11115",8,4,"11115"
"QMZ24","asynch","11115",9,5,"11115"
"QMZ24","asynch","11115",10,5,"11115"
"QMZ24","asynch","11115",11,5,"11115"
"QMZ24","asynch","11115",12,5,"11115"
"QMZ24","asynch","11115",13,6,"11115"
"ADRO0","asynch","11115",1,0,"11115"
"ADRO0","asynch","11115",2,0,"11115"
"ADRO0","asynch","11115",3,0,"11115"
"ADRO0","asynch","11115",4,0,"11115"
"ADRO0","asynch","11115",5,0,"11115"
"ADRO0","asynch","11115",6,0,"11115"
"ADRO0","asynch","11115",7,0,"11115"
"ADRO0","asynch","11115",8,0,"11115"
"ADRO0","asynch","11115",9,0,"11115"
"ADRO0","asynch","11115",10,0,"11115"
"ADRO0","asynch","11115",11,0,"11115"
"ADRO0","asynch","11115",12,0,"11115"
"ADRO0","asynch","11115",13,0,"11115"
"D6P9K","asynch","11115",1,0,"11115"
"D6P9K","asynch","11115",2,0,"11115"
"D6P9K","asynch","11115",3,0,"11115"
"D6P9K","asynch","11115",4,1,"11115"
"D6P9K","asynch","11115",5,2,"11115"
"D6P9K","asynch","11115",6,3,"11115"
"D6P9K","asynch","11115",7,4,"11115"
"D6P9K","asynch","11115",8,5,"11115"
"D6P9K","asynch","11115",9,6,"11115"
"D6P9K","asynch","11115",10,7,"11115"
"D6P9K","asynch","11115",11,7,"11115"
"D6P9K","asynch","11115",12,8,"11115"
"D6P9K","asynch","11115",13,9,"11115"
"J3FYJ","asynch","11115",1,0,"11115"
"J3FYJ","asynch","11115",2,0,"11115"
"J3FYJ","asynch","11115",3,0,"11115"
"J3FYJ","asynch","11115",4,0,"11115"
"J3FYJ","asynch","11115",5,0,"11115"
"J3FYJ","asynch","11115",6,0,"11115"
"J3FYJ","asynch","11115",7,0,"11115"
"J3FYJ","asynch","11115",8,0,"11115"
"J3FYJ","asynch","11115",9,0,"11115"
"J3FYJ","asynch","11115",10,0,"11115"
"J3FYJ","asynch","11115",11,0,"11115"
"J3FYJ","asynch","11115",12,0,"11115"
"J3FYJ","asynch","11115",13,0,"11115"
"NHP4G","asynch","11115",1,0,"11115"
"NHP4G","asynch","11115",2,0,"11115"
"NHP4G","asynch","11115",3,0,"11115"
"NHP4G","asynch","11115",4,0,"11115"
"NHP4G","asynch","11115",5,0,"11115"
"NHP4G","asynch","11115",6,0,"11115"
"NHP4G","asynch","11115",7,0,"11115"
"NHP4G","asynch","11115",8,0,"11115"
"NHP4G","asynch","11115",9,0,"11115"
"NHP4G","asynch","11115",10,0,"11115"
"NHP4G","asynch","11115",11,0,"11115"
"NHP4G","asynch","11115",12,0,"11115"
"NHP4G","asynch","11115",13,0,"11115"
"QAU26","asynch","11115",1,0,"11115"
"QAU26","asynch","11115",2,0,"11115"
"QAU26","asynch","11115",3,0,"11115"
"QAU26","asynch","11115",4,0,"11115"
"QAU26","asynch","11115",5,0,"11115"
"QAU26","asynch","11115",6,0,"11115"
"QAU26","asynch","11115",7,0,"11115"
"QAU26","asynch","11115",8,1,"11115"
"QAU26","asynch","11115",9,2,"11115"
"QAU26","asynch","11115",10,3,"11115"
"QAU26","asynch","11115",11,4,"11115"
"QAU26","asynch","11115",12,5,"11115"
"QAU26","asynch","11115",13,5,"11115"
"0S724","asynch","11115",1,0,"11115"
"0S724","asynch","11115",2,0,"11115"
"0S724","asynch","11115",3,0,"11115"
"0S724","asynch","11115",4,0,"11115"
"0S724","asynch","11115",5,1,"11115"
"0S724","asynch","11115",6,1,"11115"
"0S724","asynch","11115",7,1,"11115"
"0S724","asynch","11115",8,1,"11115"
"0S724","asynch","11115",9,1,"11115"
"0S724","asynch","11115",10,1,"11115"
"0S724","asynch","11115",11,1,"11115"
"0S724","asynch","11115",12,1,"11115"
"0S724","asynch","11115",13,2,"11115"
"2W0WT","asynch","11115",1,0,"11115"
"2W0WT","asynch","11115",2,0,"11115"
"2W0WT","asynch","11115",3,0,"11115"
"2W0WT","asynch","11115",4,0,"11115"
"2W0WT","asynch","11115",5,1,"11115"
"2W0WT","asynch","11115",6,1,"11115"
"2W0WT","asynch","11115",7,1,"11115"
"2W0WT","asynch","11115",8,1,"11115"
"2W0WT","asynch","11115",9,1,"11115"
"2W0WT","asynch","11115",10,1,"11115"
"2W0WT","asynch","11115",11,1,"11115"
"2W0WT","asynch","11115",12,1,"11115"
"2W0WT","asynch","11115",13,1,"11115"
"NU6LU","asynch","11115",1,0,"11115"
"NU6LU","asynch","11115",2,0,"11115"
"NU6LU","asynch","11115",3,0,"11115"
"NU6LU","asynch","11115",4,0,"11115"
"NU6LU","asynch","11115",5,0,"11115"
"NU6LU","asynch","11115",6,0,"11115"
"NU6LU","asynch","11115",7,0,"11115"
"NU6LU","asynch","11115",8,0,"11115"
"NU6LU","asynch","11115",9,0,"11115"
"NU6LU","asynch","11115",10,0,"11115"
"NU6LU","asynch","11115",11,0,"11115"
"NU6LU","asynch","11115",12,0,"11115"
"NU6LU","asynch","11115",13,0,"11115"
"31386","asynch","11115",1,0,"11115"
"31386","asynch","11115",2,1,"11115"
"31386","asynch","11115",3,1,"11115"
"31386","asynch","11115",4,1,"11115"
"31386","asynch","11115",5,2,"11115"
"31386","asynch","11115",6,2,"11115"
"31386","asynch","11115",7,3,"11115"
"31386","asynch","11115",8,4,"11115"
"31386","asynch","11115",9,5,"11115"
"31386","asynch","11115",10,6,"11115"
"31386","asynch","11115",11,7,"11115"
"31386","asynch","11115",12,8,"11115"
"31386","asynch","11115",13,8,"11115"
"BCPEC","asynch","11115",1,0,"11115"
"BCPEC","asynch","11115",2,0,"11115"
"BCPEC","asynch","11115",3,0,"11115"
"BCPEC","asynch","11115",4,0,"11115"
"BCPEC","asynch","11115",5,0,"11115"
"BCPEC","asynch","11115",6,0,"11115"
"BCPEC","asynch","11115",7,0,"11115"
"BCPEC","asynch","11115",8,0,"11115"
"BCPEC","asynch","11115",9,0,"11115"
"BCPEC","asynch","11115",10,0,"11115"
"BCPEC","asynch","11115",11,0,"11115"
"BCPEC","asynch","11115",12,0,"11115"
"BCPEC","asynch","11115",13,0,"11115"
"6Q1UC","asynch","11115",1,0,"11115"
"6Q1UC","asynch","11115",2,0,"11115"
"6Q1UC","asynch","11115",3,0,"11115"
"6Q1UC","asynch","11115",4,0,"11115"
"6Q1UC","asynch","11115",5,0,"11115"
"6Q1UC","asynch","11115",6,0,"11115"
"6Q1UC","asynch","11115",7,0,"11115"
"6Q1UC","asynch","11115",8,0,"11115"
"6Q1UC","asynch","11115",9,0,"11115"
"6Q1UC","asynch","11115",10,0,"11115"
"6Q1UC","asynch","11115",11,0,"11115"
"6Q1UC","asynch","11115",12,0,"11115"
"6Q1UC","asynch","11115",13,0,"11115"
"OU3SL","asynch","11115",1,0,"11115"
"OU3SL","asynch","11115",2,0,"11115"
"OU3SL","asynch","11115",3,0,"11115"
"OU3SL","asynch","11115",4,0,"11115"
"OU3SL","asynch","11115",5,0,"11115"
"OU3SL","asynch","11115",6,0,"11115"
"OU3SL","asynch","11115",7,0,"11115"
"OU3SL","asynch","11115",8,0,"11115"
"OU3SL","asynch","11115",9,0,"11115"
"OU3SL","asynch","11115",10,0,"11115"
"OU3SL","asynch","11115",11,0,"11115"
"OU3SL","asynch","11115",12,0,"11115"
"OU3SL","asynch","11115",13,0,"11115"
"ZRRZW","asynch","11115",1,0,"11115"
"ZRRZW","asynch","11115",2,0,"11115"
"ZRRZW","asynch","11115",3,0,"11115"
"ZRRZW","asynch","11115",4,0,"11115"
"ZRRZW","asynch","11115",5,0,"11115"
"ZRRZW","asynch","11115",6,0,"11115"
"ZRRZW","asynch","11115",7,0,"11115"
"ZRRZW","asynch","11115",8,0,"11115"
"ZRRZW","asynch","11115",9,0,"11115"
"ZRRZW","asynch","11115",10,0,"11115"
"ZRRZW","asynch","11115",11,0,"11115"
"ZRRZW","asynch","11115",12,1,"11115"
"ZRRZW","asynch","11115",13,1,"11115"
"GNP7O","asynch","11115",1,0,"11115"
"GNP7O","asynch","11115",2,0,"11115"
"GNP7O","asynch","11115",3,0,"11115"
"GNP7O","asynch","11115",4,0,"11115"
"GNP7O","asynch","11115",5,0,"11115"
"GNP7O","asynch","11115",6,0,"11115"
"GNP7O","asynch","11115",7,0,"11115"
"GNP7O","asynch","11115",8,0,"11115"
"GNP7O","asynch","11115",9,0,"11115"
"GNP7O","asynch","11115",10,0,"11115"
"GNP7O","asynch","11115",11,0,"11115"
"GNP7O","asynch","11115",12,0,"11115"
"GNP7O","asynch","11115",13,0,"11115"
"VWB05","asynch","11115",1,0,"11115"
"VWB05","asynch","11115",2,0,"11115"
"VWB05","asynch","11115",3,0,"11115"
"VWB05","asynch","11115",4,0,"11115"
"VWB05","asynch","11115",5,0,"11115"
"VWB05","asynch","11115",6,0,"11115"
"VWB05","asynch","11115",7,0,"11115"
"VWB05","asynch","11115",8,0,"11115"
"VWB05","asynch","11115",9,0,"11115"
"VWB05","asynch","11115",10,0,"11115"
"VWB05","asynch","11115",11,0,"11115"
"VWB05","asynch","11115",12,0,"11115"
"VWB05","asynch","11115",13,0,"11115"
"6B6X6","asynch","11115",1,0,"11115"
"6B6X6","asynch","11115",2,0,"11115"
"6B6X6","asynch","11115",3,1,"11115"
"6B6X6","asynch","11115",4,1,"11115"
"6B6X6","asynch","11115",5,2,"11115"
"6B6X6","asynch","11115",6,2,"11115"
"6B6X6","asynch","11115",7,2,"11115"
"6B6X6","asynch","11115",8,2,"11115"
"6B6X6","asynch","11115",9,2,"11115"
"6B6X6","asynch","11115",10,2,"11115"
"6B6X6","asynch","11115",11,2,"11115"
"6B6X6","asynch","11115",12,2,"11115"
"6B6X6","asynch","11115",13,2,"11115"
"Z39WH","asynch","11115",1,0,"11115"
"Z39WH","asynch","11115",2,0,"11115"
"Z39WH","asynch","11115",3,0,"11115"
"Z39WH","asynch","11115",4,0,"11115"
"Z39WH","asynch","11115",5,1,"11115"
"Z39WH","asynch","11115",6,1,"11115"
"Z39WH","asynch","11115",7,1,"11115"
"Z39WH","asynch","11115",8,2,"11115"
"Z39WH","asynch","11115",9,2,"11115"
"Z39WH","asynch","11115",10,2,"11115"
"Z39WH","asynch","11115",11,3,"11115"
"Z39WH","asynch","11115",12,3,"11115"
"Z39WH","asynch","11115",13,3,"11115"
"XLH9B","asynch","11115",1,0,"11115"
"XLH9B","asynch","11115",2,0,"11115"
"XLH9B","asynch","11115",3,0,"11115"
"XLH9B","asynch","11115",4,0,"11115"
"XLH9B","asynch","11115",5,0,"11115"
"XLH9B","asynch","11115",6,0,"11115"
"XLH9B","asynch","11115",7,0,"11115"
"XLH9B","asynch","11115",8,0,"11115"
"XLH9B","asynch","11115",9,0,"11115"
"XLH9B","asynch","11115",10,0,"11115"
"XLH9B","asynch","11115",11,0,"11115"
"XLH9B","asynch","11115",12,0,"11115"
"XLH9B","asynch","11115",13,0,"11115"
"KPQ31","asynch","11115",1,0,"11115"
"KPQ31","asynch","11115",2,0,"11115"
"KPQ31","asynch","11115",3,0,"11115"
"KPQ31","asynch","11115",4,0,"11115"
"KPQ31","asynch","11115",5,0,"11115"
"KPQ31","asynch","11115",6,0,"11115"
"KPQ31","asynch","11115",7,0,"11115"
"KPQ31","asynch","11115",8,0,"11115"
"KPQ31","asynch","11115",9,0,"11115"
"KPQ31","asynch","11115",10,0,"11115"
"KPQ31","asynch","11115",11,0,"11115"
"KPQ31","asynch","11115",12,0,"11115"
"KPQ31","asynch","11115",13,0,"11115"
"DJ72H","asynch","11115",1,0,"11115"
"DJ72H","asynch","11115",2,0,"11115"
"DJ72H","asynch","11115",3,0,"11115"
"DJ72H","asynch","11115",4,0,"11115"
"DJ72H","asynch","11115",5,0,"11115"
"DJ72H","asynch","11115",6,0,"11115"
"DJ72H","asynch","11115",7,0,"11115"
"DJ72H","asynch","11115",8,1,"11115"
"DJ72H","asynch","11115",9,2,"11115"
"DJ72H","asynch","11115",10,3,"11115"
"DJ72H","asynch","11115",11,4,"11115"
"DJ72H","asynch","11115",12,5,"11115"
"DJ72H","asynch","11115",13,5,"11115"
"Z6CB2","asynch","11115",1,0,"11115"
"Z6CB2","asynch","11115",2,0,"11115"
"Z6CB2","asynch","11115",3,0,"11115"
"Z6CB2","asynch","11115",4,1,"11115"
"Z6CB2","asynch","11115",5,1,"11115"
"Z6CB2","asynch","11115",6,1,"11115"
"Z6CB2","asynch","11115",7,1,"11115"
"Z6CB2","asynch","11115",8,1,"11115"
"Z6CB2","asynch","11115",9,1,"11115"
"Z6CB2","asynch","11115",10,1,"11115"
"Z6CB2","asynch","11115",11,1,"11115"
"Z6CB2","asynch","11115",12,1,"11115"
"Z6CB2","asynch","11115",13,1,"11115"
"HNM67","asynch","11115",1,0,"11115"
"HNM67","asynch","11115",2,0,"11115"
"HNM67","asynch","11115",3,0,"11115"
"HNM67","asynch","11115",4,0,"11115"
"HNM67","asynch","11115",5,0,"11115"
"HNM67","asynch","11115",6,0,"11115"
"HNM67","asynch","11115",7,0,"11115"
"HNM67","asynch","11115",8,0,"11115"
"HNM67","asynch","11115",9,0,"11115"
"HNM67","asynch","11115",10,0,"11115"
"HNM67","asynch","11115",11,0,"11115"
"HNM67","asynch","11115",12,0,"11115"
"HNM67","asynch","11115",13,0,"11115"
"CNMNJ","asynch","11115",1,0,"11115"
"CNMNJ","asynch","11115",2,0,"11115"
"CNMNJ","asynch","11115",3,0,"11115"
"CNMNJ","asynch","11115",4,0,"11115"
"CNMNJ","asynch","11115",5,0,"11115"
"CNMNJ","asynch","11115",6,0,"11115"
"CNMNJ","asynch","11115",7,0,"11115"
"CNMNJ","asynch","11115",8,0,"11115"
"CNMNJ","asynch","11115",9,0,"11115"
"CNMNJ","asynch","11115",10,0,"11115"
"CNMNJ","asynch","11115",11,0,"11115"
"CNMNJ","asynch","11115",12,0,"11115"
"CNMNJ","asynch","11115",13,0,"11115"
"MJ2W9","asynch","11115",1,0,"11115"
"MJ2W9","asynch","11115",2,0,"11115"
"MJ2W9","asynch","11115",3,0,"11115"
"MJ2W9","asynch","11115",4,0,"11115"
"MJ2W9","asynch","11115",5,0,"11115"
"MJ2W9","asynch","11115",6,0,"11115"
"MJ2W9","asynch","11115",7,0,"11115"
"MJ2W9","asynch","11115",8,1,"11115"
"MJ2W9","asynch","11115",9,1,"11115"
"MJ2W9","asynch","11115",10,1,"11115"
"MJ2W9","asynch","11115",11,1,"11115"
"MJ2W9","asynch","11115",12,1,"11115"
"MJ2W9","asynch","11115",13,1,"11115"
"F37T6","asynch","11115",1,0,"11115"
"F37T6","asynch","11115",2,0,"11115"
"F37T6","asynch","11115",3,0,"11115"
"F37T6","asynch","11115",4,1,"11115"
"F37T6","asynch","11115",5,2,"11115"
"F37T6","asynch","11115",6,2,"11115"
"F37T6","asynch","11115",7,2,"11115"
"F37T6","asynch","11115",8,3,"11115"
"F37T6","asynch","11115",9,3,"11115"
"F37T6","asynch","11115",10,3,"11115"
"F37T6","asynch","11115",11,3,"11115"
"F37T6","asynch","11115",12,4,"11115"
"F37T6","asynch","11115",13,4,"11115"
"KZOE9","asynch","11115",1,0,"11115"
"KZOE9","asynch","11115",2,0,"11115"
"KZOE9","asynch","11115",3,0,"11115"
"KZOE9","asynch","11115",4,0,"11115"
"KZOE9","asynch","11115",5,0,"11115"
"KZOE9","asynch","11115",6,0,"11115"
"KZOE9","asynch","11115",7,0,"11115"
"KZOE9","asynch","11115",8,0,"11115"
"KZOE9","asynch","11115",9,0,"11115"
"KZOE9","asynch","11115",10,0,"11115"
"KZOE9","asynch","11115",11,0,"11115"
"KZOE9","asynch","11115",12,0,"11115"
"KZOE9","asynch","11115",13,0,"11115"
"9OEG6","asynch","11115",1,0,"11115"
"9OEG6","asynch","11115",2,0,"11115"
"9OEG6","asynch","11115",3,0,"11115"
"9OEG6","asynch","11115",4,0,"11115"
"9OEG6","asynch","11115",5,0,"11115"
"9OEG6","asynch","11115",6,0,"11115"
"9OEG6","asynch","11115",7,0,"11115"
"9OEG6","asynch","11115",8,0,"11115"
"9OEG6","asynch","11115",9,0,"11115"
"9OEG6","asynch","11115",10,0,"11115"
"9OEG6","asynch","11115",11,0,"11115"
"9OEG6","asynch","11115",12,0,"11115"
"9OEG6","asynch","11115",13,0,"11115"
"C8QAW","asynch","11115",1,0,"11115"
"C8QAW","asynch","11115",2,0,"11115"
"C8QAW","asynch","11115",3,0,"11115"
"C8QAW","asynch","11115",4,0,"11115"
"C8QAW","asynch","11115",5,0,"11115"
"C8QAW","asynch","11115",6,0,"11115"
"C8QAW","asynch","11115",7,0,"11115"
"C8QAW","asynch","11115",8,0,"11115"
"C8QAW","asynch","11115",9,0,"11115"
"C8QAW","asynch","11115",10,0,"11115"
"C8QAW","asynch","11115",11,0,"11115"
"C8QAW","asynch","11115",12,0,"11115"
"C8QAW","asynch","11115",13,0,"11115"
"8NURS","asynch","11115",1,0,"11115"
"8NURS","asynch","11115",2,0,"11115"
"8NURS","asynch","11115",3,0,"11115"
"8NURS","asynch","11115",4,0,"11115"
"8NURS","asynch","11115",5,1,"11115"
"8NURS","asynch","11115",6,1,"11115"
"8NURS","asynch","11115",7,1,"11115"
"8NURS","asynch","11115",8,2,"11115"
"8NURS","asynch","11115",9,2,"11115"
"8NURS","asynch","11115",10,2,"11115"
"8NURS","asynch","11115",11,2,"11115"
"8NURS","asynch","11115",12,2,"11115"
"8NURS","asynch","11115",13,2,"11115"
"KTUY1","asynch","11115",1,0,"11115"
"KTUY1","asynch","11115",2,0,"11115"
"KTUY1","asynch","11115",3,0,"11115"
"KTUY1","asynch","11115",4,0,"11115"
"KTUY1","asynch","11115",5,1,"11115"
"KTUY1","asynch","11115",6,1,"11115"
"KTUY1","asynch","11115",7,1,"11115"
"KTUY1","asynch","11115",8,1,"11115"
"KTUY1","asynch","11115",9,1,"11115"
"KTUY1","asynch","11115",10,1,"11115"
"KTUY1","asynch","11115",11,1,"11115"
"KTUY1","asynch","11115",12,1,"11115"
"KTUY1","asynch","11115",13,1,"11115"
"R1K0J","asynch","11115",1,0,"11115"
"R1K0J","asynch","11115",2,0,"11115"
"R1K0J","asynch","11115",3,0,"11115"
"R1K0J","asynch","11115",4,1,"11115"
"R1K0J","asynch","11115",5,2,"11115"
"R1K0J","asynch","11115",6,2,"11115"
"R1K0J","asynch","11115",7,2,"11115"
"R1K0J","asynch","11115",8,2,"11115"
"R1K0J","asynch","11115",9,3,"11115"
"R1K0J","asynch","11115",10,3,"11115"
"R1K0J","asynch","11115",11,4,"11115"
"R1K0J","asynch","11115",12,5,"11115"
"R1K0J","asynch","11115",13,6,"11115"
"47G4D","asynch","11115",1,0,"11115"
"47G4D","asynch","11115",2,0,"11115"
"47G4D","asynch","11115",3,0,"11115"
"47G4D","asynch","11115",4,0,"11115"
"47G4D","asynch","11115",5,0,"11115"
"47G4D","asynch","11115",6,0,"11115"
"47G4D","asynch","11115",7,0,"11115"
"47G4D","asynch","11115",8,1,"11115"
"47G4D","asynch","11115",9,1,"11115"
"47G4D","asynch","11115",10,1,"11115"
"47G4D","asynch","11115",11,1,"11115"
"47G4D","asynch","11115",12,1,"11115"
"47G4D","asynch","11115",13,1,"11115"
"FOMHO","asynch","11115",1,0,"11115"
"FOMHO","asynch","11115",2,0,"11115"
"FOMHO","asynch","11115",3,0,"11115"
"FOMHO","asynch","11115",4,0,"11115"
"FOMHO","asynch","11115",5,0,"11115"
"FOMHO","asynch","11115",6,0,"11115"
"FOMHO","asynch","11115",7,0,"11115"
"FOMHO","asynch","11115",8,0,"11115"
"FOMHO","asynch","11115",9,0,"11115"
"FOMHO","asynch","11115",10,0,"11115"
"FOMHO","asynch","11115",11,0,"11115"
"FOMHO","asynch","11115",12,0,"11115"
"FOMHO","asynch","11115",13,0,"11115"
"GXAV1","asynch","11115",1,0,"11115"
"GXAV1","asynch","11115",2,0,"11115"
"GXAV1","asynch","11115",3,0,"11115"
"GXAV1","asynch","11115",4,0,"11115"
"GXAV1","asynch","11115",5,0,"11115"
"GXAV1","asynch","11115",6,0,"11115"
"GXAV1","asynch","11115",7,0,"11115"
"GXAV1","asynch","11115",8,1,"11115"
"GXAV1","asynch","11115",9,1,"11115"
"GXAV1","asynch","11115",10,1,"11115"
"GXAV1","asynch","11115",11,1,"11115"
"GXAV1","asynch","11115",12,1,"11115"
"GXAV1","asynch","11115",13,1,"11115"
"PTMPD","asynch","11115",1,0,"11115"
"PTMPD","asynch","11115",2,0,"11115"
"PTMPD","asynch","11115",3,0,"11115"
"PTMPD","asynch","11115",4,0,"11115"
"PTMPD","asynch","11115",5,0,"11115"
"PTMPD","asynch","11115",6,0,"11115"
"PTMPD","asynch","11115",7,0,"11115"
"PTMPD","asynch","11115",8,0,"11115"
"PTMPD","asynch","11115",9,0,"11115"
"PTMPD","asynch","11115",10,0,"11115"
"PTMPD","asynch","11115",11,0,"11115"
"PTMPD","asynch","11115",12,0,"11115"
"PTMPD","asynch","11115",13,0,"11115"
"YV5WY","asynch","11115",1,0,"11115"
"YV5WY","asynch","11115",2,0,"11115"
"YV5WY","asynch","11115",3,0,"11115"
"YV5WY","asynch","11115",4,0,"11115"
"YV5WY","asynch","11115",5,0,"11115"
"YV5WY","asynch","11115",6,0,"11115"
"YV5WY","asynch","11115",7,0,"11115"
"YV5WY","asynch","11115",8,0,"11115"
"YV5WY","asynch","11115",9,0,"11115"
"YV5WY","asynch","11115",10,0,"11115"
"YV5WY","asynch","11115",11,0,"11115"
"YV5WY","asynch","11115",12,0,"11115"
"YV5WY","asynch","11115",13,0,"11115"
"LNEF7","asynch","11115",1,0,"11115"
"LNEF7","asynch","11115",2,0,"11115"
"LNEF7","asynch","11115",3,0,"11115"
"LNEF7","asynch","11115",4,1,"11115"
"LNEF7","asynch","11115",5,1,"11115"
"LNEF7","asynch","11115",6,2,"11115"
"LNEF7","asynch","11115",7,2,"11115"
"LNEF7","asynch","11115",8,3,"11115"
"LNEF7","asynch","11115",9,4,"11115"
"LNEF7","asynch","11115",10,5,"11115"
"LNEF7","asynch","11115",11,6,"11115"
"LNEF7","asynch","11115",12,7,"11115"
"LNEF7","asynch","11115",13,8,"11115"
"0A9WN","asynch","11115",1,0,"11115"
"0A9WN","asynch","11115",2,0,"11115"
"0A9WN","asynch","11115",3,0,"11115"
"0A9WN","asynch","11115",4,0,"11115"
"0A9WN","asynch","11115",5,0,"11115"
"0A9WN","asynch","11115",6,1,"11115"
"0A9WN","asynch","11115",7,1,"11115"
"0A9WN","asynch","11115",8,2,"11115"
"0A9WN","asynch","11115",9,2,"11115"
"0A9WN","asynch","11115",10,2,"11115"
"0A9WN","asynch","11115",11,3,"11115"
"0A9WN","asynch","11115",12,4,"11115"
"0A9WN","asynch","11115",13,4,"11115"
"XV09T","asynch","11115",1,0,"11115"
"XV09T","asynch","11115",2,0,"11115"
"XV09T","asynch","11115",3,0,"11115"
"XV09T","asynch","11115",4,0,"11115"
"XV09T","asynch","11115",5,1,"11115"
"XV09T","asynch","11115",6,1,"11115"
"XV09T","asynch","11115",7,1,"11115"
"XV09T","asynch","11115",8,1,"11115"
"XV09T","asynch","11115",9,1,"11115"
"XV09T","asynch","11115",10,1,"11115"
"XV09T","asynch","11115",11,1,"11115"
"XV09T","asynch","11115",12,1,"11115"
"XV09T","asynch","11115",13,1,"11115"
"9Z01R","asynch","11115",1,0,"11115"
"9Z01R","asynch","11115",2,0,"11115"
"9Z01R","asynch","11115",3,0,"11115"
"9Z01R","asynch","11115",4,0,"11115"
"9Z01R","asynch","11115",5,0,"11115"
"9Z01R","asynch","11115",6,1,"11115"
"9Z01R","asynch","11115",7,1,"11115"
"9Z01R","asynch","11115",8,1,"11115"
"9Z01R","asynch","11115",9,1,"11115"
"9Z01R","asynch","11115",10,1,"11115"
"9Z01R","asynch","11115",11,1,"11115"
"9Z01R","asynch","11115",12,1,"11115"
"9Z01R","asynch","11115",13,1,"11115"
"F6QWV","asynch","11115",1,0,"11115"
"F6QWV","asynch","11115",2,0,"11115"
"F6QWV","asynch","11115",3,0,"11115"
"F6QWV","asynch","11115",4,0,"11115"
"F6QWV","asynch","11115",5,0,"11115"
"F6QWV","asynch","11115",6,0,"11115"
"F6QWV","asynch","11115",7,0,"11115"
"F6QWV","asynch","11115",8,0,"11115"
"F6QWV","asynch","11115",9,0,"11115"
"F6QWV","asynch","11115",10,0,"11115"
"F6QWV","asynch","11115",11,0,"11115"
"F6QWV","asynch","11115",12,0,"11115"
"F6QWV","asynch","11115",13,0,"11115"
"0AXM8","asynch","11115",1,0,"11115"
"0AXM8","asynch","11115",2,0,"11115"
"0AXM8","asynch","11115",3,0,"11115"
"0AXM8","asynch","11115",4,0,"11115"
"0AXM8","asynch","11115",5,1,"11115"
"0AXM8","asynch","11115",6,1,"11115"
"0AXM8","asynch","11115",7,1,"11115"
"0AXM8","asynch","11115",8,1,"11115"
"0AXM8","asynch","11115",9,1,"11115"
"0AXM8","asynch","11115",10,1,"11115"
"0AXM8","asynch","11115",11,1,"11115"
"0AXM8","asynch","11115",12,1,"11115"
"0AXM8","asynch","11115",13,1,"11115"
"S3JZD","asynch","11115",1,0,"11115"
"S3JZD","asynch","11115",2,0,"11115"
"S3JZD","asynch","11115",3,0,"11115"
"S3JZD","asynch","11115",4,0,"11115"
"S3JZD","asynch","11115",5,0,"11115"
"S3JZD","asynch","11115",6,0,"11115"
"S3JZD","asynch","11115",7,0,"11115"
"S3JZD","asynch","11115",8,0,"11115"
"S3JZD","asynch","11115",9,0,"11115"
"S3JZD","asynch","11115",10,0,"11115"
"S3JZD","asynch","11115",11,0,"11115"
"S3JZD","asynch","11115",12,0,"11115"
"S3JZD","asynch","11115",13,0,"11115"
"XHMNM","asynch","11115",1,0,"11115"
"XHMNM","asynch","11115",2,0,"11115"
"XHMNM","asynch","11115",3,0,"11115"
"XHMNM","asynch","11115",4,1,"11115"
"XHMNM","asynch","11115",5,1,"11115"
"XHMNM","asynch","11115",6,1,"11115"
"XHMNM","asynch","11115",7,1,"11115"
"XHMNM","asynch","11115",8,1,"11115"
"XHMNM","asynch","11115",9,1,"11115"
"XHMNM","asynch","11115",10,1,"11115"
"XHMNM","asynch","11115",11,1,"11115"
"XHMNM","asynch","11115",12,1,"11115"
"XHMNM","asynch","11115",13,1,"11115"
"UV0QH","asynch","11115",1,0,"11115"
"UV0QH","asynch","11115",2,0,"11115"
"UV0QH","asynch","11115",3,0,"11115"
"UV0QH","asynch","11115",4,0,"11115"
"UV0QH","asynch","11115",5,0,"11115"
"UV0QH","asynch","11115",6,0,"11115"
"UV0QH","asynch","11115",7,0,"11115"
"UV0QH","asynch","11115",8,0,"11115"
"UV0QH","asynch","11115",9,0,"11115"
"UV0QH","asynch","11115",10,0,"11115"
"UV0QH","asynch","11115",11,0,"11115"
"UV0QH","asynch","11115",12,0,"11115"
"UV0QH","asynch","11115",13,0,"11115"
"T2MAH","asynch","11115",1,0,"11115"
"T2MAH","asynch","11115",2,0,"11115"
"T2MAH","asynch","11115",3,0,"11115"
"T2MAH","asynch","11115",4,0,"11115"
"T2MAH","asynch","11115",5,0,"11115"
"T2MAH","asynch","11115",6,0,"11115"
"T2MAH","asynch","11115",7,0,"11115"
"T2MAH","asynch","11115",8,0,"11115"
"T2MAH","asynch","11115",9,0,"11115"
"T2MAH","asynch","11115",10,0,"11115"
"T2MAH","asynch","11115",11,0,"11115"
"T2MAH","asynch","11115",12,0,"11115"
"T2MAH","asynch","11115",13,0,"11115"
"WEFE3","asynch","11115",1,0,"11115"
"WEFE3","asynch","11115",2,0,"11115"
"WEFE3","asynch","11115",3,0,"11115"
"WEFE3","asynch","11115",4,0,"11115"
"WEFE3","asynch","11115",5,0,"11115"
"WEFE3","asynch","11115",6,0,"11115"
"WEFE3","asynch","11115",7,0,"11115"
"WEFE3","asynch","11115",8,0,"11115"
"WEFE3","asynch","11115",9,0,"11115"
"WEFE3","asynch","11115",10,0,"11115"
"WEFE3","asynch","11115",11,0,"11115"
"WEFE3","asynch","11115",12,0,"11115"
"WEFE3","asynch","11115",13,0,"11115"
"6TQE3","asynch","11115",1,1,"11115"
"6TQE3","asynch","11115",2,2,"11115"
"6TQE3","asynch","11115",3,2,"11115"
"6TQE3","asynch","11115",4,2,"11115"
"6TQE3","asynch","11115",5,2,"11115"
"6TQE3","asynch","11115",6,2,"11115"
"6TQE3","asynch","11115",7,2,"11115"
"6TQE3","asynch","11115",8,2,"11115"
"6TQE3","asynch","11115",9,2,"11115"
"6TQE3","asynch","11115",10,2,"11115"
"6TQE3","asynch","11115",11,2,"11115"
"6TQE3","asynch","11115",12,2,"11115"
"6TQE3","asynch","11115",13,2,"11115"
"ES98M","asynch","11115",1,0,"11115"
"ES98M","asynch","11115",2,0,"11115"
"ES98M","asynch","11115",3,0,"11115"
"ES98M","asynch","11115",4,0,"11115"
"ES98M","asynch","11115",5,0,"11115"
"ES98M","asynch","11115",6,0,"11115"
"ES98M","asynch","11115",7,0,"11115"
"ES98M","asynch","11115",8,1,"11115"
"ES98M","asynch","11115",9,1,"11115"
"ES98M","asynch","11115",10,1,"11115"
"ES98M","asynch","11115",11,1,"11115"
"ES98M","asynch","11115",12,1,"11115"
"ES98M","asynch","11115",13,1,"11115"
"OLFCD","asynch","11115",1,0,"11115"
"OLFCD","asynch","11115",2,0,"11115"
"OLFCD","asynch","11115",3,0,"11115"
"OLFCD","asynch","11115",4,0,"11115"
"OLFCD","asynch","11115",5,1,"11115"
"OLFCD","asynch","11115",6,1,"11115"
"OLFCD","asynch","11115",7,1,"11115"
"OLFCD","asynch","11115",8,1,"11115"
"OLFCD","asynch","11115",9,1,"11115"
"OLFCD","asynch","11115",10,1,"11115"
"OLFCD","asynch","11115",11,1,"11115"
"OLFCD","asynch","11115",12,1,"11115"
"OLFCD","asynch","11115",13,1,"11115"
"KW3D0","asynch","11115",1,0,"11115"
"KW3D0","asynch","11115",2,0,"11115"
"KW3D0","asynch","11115",3,0,"11115"
"KW3D0","asynch","11115",4,0,"11115"
"KW3D0","asynch","11115",5,0,"11115"
"KW3D0","asynch","11115",6,0,"11115"
"KW3D0","asynch","11115",7,0,"11115"
"KW3D0","asynch","11115",8,0,"11115"
"KW3D0","asynch","11115",9,0,"11115"
"KW3D0","asynch","11115",10,0,"11115"
"KW3D0","asynch","11115",11,0,"11115"
"KW3D0","asynch","11115",12,0,"11115"
"KW3D0","asynch","11115",13,0,"11115"
"Y82VR","asynch","11115",1,0,"11115"
"Y82VR","asynch","11115",2,0,"11115"
"Y82VR","asynch","11115",3,0,"11115"
"Y82VR","asynch","11115",4,0,"11115"
"Y82VR","asynch","11115",5,0,"11115"
"Y82VR","asynch","11115",6,0,"11115"
"Y82VR","asynch","11115",7,0,"11115"
"Y82VR","asynch","11115",8,0,"11115"
"Y82VR","asynch","11115",9,0,"11115"
"Y82VR","asynch","11115",10,0,"11115"
"Y82VR","asynch","11115",11,0,"11115"
"Y82VR","asynch","11115",12,0,"11115"
"Y82VR","asynch","11115",13,0,"11115"
"WBJQG","asynch","11115",1,0,"11115"
"WBJQG","asynch","11115",2,0,"11115"
"WBJQG","asynch","11115",3,0,"11115"
"WBJQG","asynch","11115",4,0,"11115"
"WBJQG","asynch","11115",5,0,"11115"
"WBJQG","asynch","11115",6,0,"11115"
"WBJQG","asynch","11115",7,0,"11115"
"WBJQG","asynch","11115",8,0,"11115"
"WBJQG","asynch","11115",9,0,"11115"
"WBJQG","asynch","11115",10,0,"11115"
"WBJQG","asynch","11115",11,0,"11115"
"WBJQG","asynch","11115",12,0,"11115"
"WBJQG","asynch","11115",13,0,"11115"
"SLYYU","asynch","11115",1,0,"11115"
"SLYYU","asynch","11115",2,0,"11115"
"SLYYU","asynch","11115",3,0,"11115"
"SLYYU","asynch","11115",4,0,"11115"
"SLYYU","asynch","11115",5,0,"11115"
"SLYYU","asynch","11115",6,0,"11115"
"SLYYU","asynch","11115",7,0,"11115"
"SLYYU","asynch","11115",8,0,"11115"
"SLYYU","asynch","11115",9,0,"11115"
"SLYYU","asynch","11115",10,0,"11115"
"SLYYU","asynch","11115",11,0,"11115"
"SLYYU","asynch","11115",12,1,"11115"
"SLYYU","asynch","11115",13,1,"11115"
"4BCUB","asynch","11115",1,0,"11115"
"4BCUB","asynch","11115",2,0,"11115"
"4BCUB","asynch","11115",3,0,"11115"
"4BCUB","asynch","11115",4,0,"11115"
"4BCUB","asynch","11115",5,0,"11115"
"4BCUB","asynch","11115",6,0,"11115"
"4BCUB","asynch","11115",7,0,"11115"
"4BCUB","asynch","11115",8,0,"11115"
"4BCUB","asynch","11115",9,0,"11115"
"4BCUB","asynch","11115",10,0,"11115"
"4BCUB","asynch","11115",11,0,"11115"
"4BCUB","asynch","11115",12,0,"11115"
"4BCUB","asynch","11115",13,0,"11115"
"11NFO","asynch","11115",1,0,"11115"
"11NFO","asynch","11115",2,0,"11115"
"11NFO","asynch","11115",3,0,"11115"
"11NFO","asynch","11115",4,0,"11115"
"11NFO","asynch","11115",5,1,"11115"
"11NFO","asynch","11115",6,1,"11115"
"11NFO","asynch","11115",7,1,"11115"
"11NFO","asynch","11115",8,1,"11115"
"11NFO","asynch","11115",9,1,"11115"
"11NFO","asynch","11115",10,1,"11115"
"11NFO","asynch","11115",11,1,"11115"
"11NFO","asynch","11115",12,1,"11115"
"11NFO","asynch","11115",13,1,"11115"
"WF1M3","asynch","11115",1,0,"11115"
"WF1M3","asynch","11115",2,0,"11115"
"WF1M3","asynch","11115",3,0,"11115"
"WF1M3","asynch","11115",4,0,"11115"
"WF1M3","asynch","11115",5,0,"11115"
"WF1M3","asynch","11115",6,0,"11115"
"WF1M3","asynch","11115",7,0,"11115"
"WF1M3","asynch","11115",8,0,"11115"
"WF1M3","asynch","11115",9,0,"11115"
"WF1M3","asynch","11115",10,0,"11115"
"WF1M3","asynch","11115",11,0,"11115"
"WF1M3","asynch","11115",12,0,"11115"
"WF1M3","asynch","11115",13,0,"11115"
"MCJ0W","asynch","11115",1,0,"11115"
"MCJ0W","asynch","11115",2,0,"11115"
"MCJ0W","asynch","11115",3,0,"11115"
"MCJ0W","asynch","11115",4,0,"11115"
"MCJ0W","asynch","11115",5,0,"11115"
"MCJ0W","asynch","11115",6,0,"11115"
"MCJ0W","asynch","11115",7,0,"11115"
"MCJ0W","asynch","11115",8,0,"11115"
"MCJ0W","asynch","11115",9,0,"11115"
"MCJ0W","asynch","11115",10,0,"11115"
"MCJ0W","asynch","11115",11,0,"11115"
"MCJ0W","asynch","11115",12,0,"11115"
"MCJ0W","asynch","11115",13,0,"11115"
"XJLSB","asynch","11115",1,0,"11115"
"XJLSB","asynch","11115",2,0,"11115"
"XJLSB","asynch","11115",3,0,"11115"
"XJLSB","asynch","11115",4,0,"11115"
"XJLSB","asynch","11115",5,0,"11115"
"XJLSB","asynch","11115",6,0,"11115"
"XJLSB","asynch","11115",7,0,"11115"
"XJLSB","asynch","11115",8,0,"11115"
"XJLSB","asynch","11115",9,0,"11115"
"XJLSB","asynch","11115",10,0,"11115"
"XJLSB","asynch","11115",11,0,"11115"
"XJLSB","asynch","11115",12,0,"11115"
"XJLSB","asynch","11115",13,0,"11115"
"FFHE0","asynch","11115",1,0,"11115"
"FFHE0","asynch","11115",2,0,"11115"
"FFHE0","asynch","11115",3,0,"11115"
"FFHE0","asynch","11115",4,0,"11115"
"FFHE0","asynch","11115",5,1,"11115"
"FFHE0","asynch","11115",6,1,"11115"
"FFHE0","asynch","11115",7,1,"11115"
"FFHE0","asynch","11115",8,1,"11115"
"FFHE0","asynch","11115",9,1,"11115"
"FFHE0","asynch","11115",10,1,"11115"
"FFHE0","asynch","11115",11,1,"11115"
"FFHE0","asynch","11115",12,1,"11115"
"FFHE0","asynch","11115",13,1,"11115"
"3N5PQ","asynch","11115",1,0,"11115"
"3N5PQ","asynch","11115",2,0,"11115"
"3N5PQ","asynch","11115",3,0,"11115"
"3N5PQ","asynch","11115",4,0,"11115"
"3N5PQ","asynch","11115",5,1,"11115"
"3N5PQ","asynch","11115",6,1,"11115"
"3N5PQ","asynch","11115",7,1,"11115"
"3N5PQ","asynch","11115",8,1,"11115"
"3N5PQ","asynch","11115",9,1,"11115"
"3N5PQ","asynch","11115",10,1,"11115"
"3N5PQ","asynch","11115",11,1,"11115"
"3N5PQ","asynch","11115",12,1,"11115"
"3N5PQ","asynch","11115",13,1,"11115"
"R8SJJ","asynch","11115",1,0,"11115"
"R8SJJ","asynch","11115",2,0,"11115"
"R8SJJ","asynch","11115",3,0,"11115"
"R8SJJ","asynch","11115",4,0,"11115"
"R8SJJ","asynch","11115",5,0,"11115"
"R8SJJ","asynch","11115",6,0,"11115"
"R8SJJ","asynch","11115",7,0,"11115"
"R8SJJ","asynch","11115",8,0,"11115"
"R8SJJ","asynch","11115",9,0,"11115"
"R8SJJ","asynch","11115",10,0,"11115"
"R8SJJ","asynch","11115",11,0,"11115"
"R8SJJ","asynch","11115",12,0,"11115"
"R8SJJ","asynch","11115",13,0,"11115"
"7OBDZ","asynch","11115",1,0,"11115"
"7OBDZ","asynch","11115",2,0,"11115"
"7OBDZ","asynch","11115",3,0,"11115"
"7OBDZ","asynch","11115",4,0,"11115"
"7OBDZ","asynch","11115",5,0,"11115"
"7OBDZ","asynch","11115",6,0,"11115"
"7OBDZ","asynch","11115",7,0,"11115"
"7OBDZ","asynch","11115",8,0,"11115"
"7OBDZ","asynch","11115",9,0,"11115"
"7OBDZ","asynch","11115",10,0,"11115"
"7OBDZ","asynch","11115",11,0,"11115"
"7OBDZ","asynch","11115",12,0,"11115"
"7OBDZ","asynch","11115",13,0,"11115"
"3QQX3","asynch","11115",1,0,"11115"
"3QQX3","asynch","11115",2,0,"11115"
"3QQX3","asynch","11115",3,0,"11115"
"3QQX3","asynch","11115",4,0,"11115"
"3QQX3","asynch","11115",5,0,"11115"
"3QQX3","asynch","11115",6,0,"11115"
"3QQX3","asynch","11115",7,0,"11115"
"3QQX3","asynch","11115",8,0,"11115"
"3QQX3","asynch","11115",9,0,"11115"
"3QQX3","asynch","11115",10,0,"11115"
"3QQX3","asynch","11115",11,0,"11115"
"3QQX3","asynch","11115",12,0,"11115"
"3QQX3","asynch","11115",13,0,"11115"
"9T8HW","asynch","11115",1,0,"11115"
"9T8HW","asynch","11115",2,1,"11115"
"9T8HW","asynch","11115",3,1,"11115"
"9T8HW","asynch","11115",4,1,"11115"
"9T8HW","asynch","11115",5,2,"11115"
"9T8HW","asynch","11115",6,2,"11115"
"9T8HW","asynch","11115",7,2,"11115"
"9T8HW","asynch","11115",8,2,"11115"
"9T8HW","asynch","11115",9,2,"11115"
"9T8HW","asynch","11115",10,2,"11115"
"9T8HW","asynch","11115",11,2,"11115"
"9T8HW","asynch","11115",12,2,"11115"
"9T8HW","asynch","11115",13,3,"11115"
"NU1ZQ","asynch","11115",1,0,"11115"
"NU1ZQ","asynch","11115",2,0,"11115"
"NU1ZQ","asynch","11115",3,0,"11115"
"NU1ZQ","asynch","11115",4,0,"11115"
"NU1ZQ","asynch","11115",5,0,"11115"
"NU1ZQ","asynch","11115",6,0,"11115"
"NU1ZQ","asynch","11115",7,0,"11115"
"NU1ZQ","asynch","11115",8,0,"11115"
"NU1ZQ","asynch","11115",9,0,"11115"
"NU1ZQ","asynch","11115",10,0,"11115"
"NU1ZQ","asynch","11115",11,0,"11115"
"NU1ZQ","asynch","11115",12,0,"11115"
"NU1ZQ","asynch","11115",13,0,"11115"
"64VZS","asynch","11115",1,1,"11115"
"64VZS","asynch","11115",2,2,"11115"
"64VZS","asynch","11115",3,3,"11115"
"64VZS","asynch","11115",4,4,"11115"
"64VZS","asynch","11115",5,5,"11115"
"64VZS","asynch","11115",6,6,"11115"
"64VZS","asynch","11115",7,7,"11115"
"64VZS","asynch","11115",8,8,"11115"
"64VZS","asynch","11115",9,9,"11115"
"64VZS","asynch","11115",10,10,"11115"
"64VZS","asynch","11115",11,11,"11115"
"64VZS","asynch","11115",12,12,"11115"
"64VZS","asynch","11115",13,13,"11115"
"3SG1K","asynch","11115",1,1,"11115"
"3SG1K","asynch","11115",2,2,"11115"
"3SG1K","asynch","11115",3,3,"11115"
"3SG1K","asynch","11115",4,4,"11115"
"3SG1K","asynch","11115",5,5,"11115"
"3SG1K","asynch","11115",6,6,"11115"
"3SG1K","asynch","11115",7,7,"11115"
"3SG1K","asynch","11115",8,8,"11115"
"3SG1K","asynch","11115",9,8,"11115"
"3SG1K","asynch","11115",10,9,"11115"
"3SG1K","asynch","11115",11,10,"11115"
"3SG1K","asynch","11115",12,11,"11115"
"3SG1K","asynch","11115",13,12,"11115"
"OW65D","asynch","11115",1,0,"11115"
"OW65D","asynch","11115",2,0,"11115"
"OW65D","asynch","11115",3,0,"11115"
"OW65D","asynch","11115",4,0,"11115"
"OW65D","asynch","11115",5,0,"11115"
"OW65D","asynch","11115",6,0,"11115"
"OW65D","asynch","11115",7,0,"11115"
"OW65D","asynch","11115",8,0,"11115"
"OW65D","asynch","11115",9,0,"11115"
"OW65D","asynch","11115",10,0,"11115"
"OW65D","asynch","11115",11,0,"11115"
"OW65D","asynch","11115",12,0,"11115"
"OW65D","asynch","11115",13,0,"11115"
"3H75M","asynch","11115",1,0,"11115"
"3H75M","asynch","11115",2,0,"11115"
"3H75M","asynch","11115",3,0,"11115"
"3H75M","asynch","11115",4,0,"11115"
"3H75M","asynch","11115",5,0,"11115"
"3H75M","asynch","11115",6,0,"11115"
"3H75M","asynch","11115",7,0,"11115"
"3H75M","asynch","11115",8,0,"11115"
"3H75M","asynch","11115",9,1,"11115"
"3H75M","asynch","11115",10,2,"11115"
"3H75M","asynch","11115",11,2,"11115"
"3H75M","asynch","11115",12,2,"11115"
"3H75M","asynch","11115",13,2,"11115"
"B8HA2","asynch","11115",1,0,"11115"
"B8HA2","asynch","11115",2,0,"11115"
"B8HA2","asynch","11115",3,0,"11115"
"B8HA2","asynch","11115",4,0,"11115"
"B8HA2","asynch","11115",5,0,"11115"
"B8HA2","asynch","11115",6,0,"11115"
"B8HA2","asynch","11115",7,0,"11115"
"B8HA2","asynch","11115",8,0,"11115"
"B8HA2","asynch","11115",9,0,"11115"
"B8HA2","asynch","11115",10,0,"11115"
"B8HA2","asynch","11115",11,0,"11115"
"B8HA2","asynch","11115",12,0,"11115"
"B8HA2","asynch","11115",13,0,"11115"
"GYGOR","asynch","11115",1,0,"11115"
"GYGOR","asynch","11115",2,0,"11115"
"GYGOR","asynch","11115",3,0,"11115"
"GYGOR","asynch","11115",4,0,"11115"
"GYGOR","asynch","11115",5,0,"11115"
"GYGOR","asynch","11115",6,0,"11115"
"GYGOR","asynch","11115",7,0,"11115"
"GYGOR","asynch","11115",8,0,"11115"
"GYGOR","asynch","11115",9,0,"11115"
"GYGOR","asynch","11115",10,0,"11115"
"GYGOR","asynch","11115",11,0,"11115"
"GYGOR","asynch","11115",12,0,"11115"
"GYGOR","asynch","11115",13,0,"11115"
"7SV52","asynch","11115",1,0,"11115"
"7SV52","asynch","11115",2,0,"11115"
"7SV52","asynch","11115",3,0,"11115"
"7SV52","asynch","11115",4,0,"11115"
"7SV52","asynch","11115",5,1,"11115"
"7SV52","asynch","11115",6,1,"11115"
"7SV52","asynch","11115",7,1,"11115"
"7SV52","asynch","11115",8,1,"11115"
"7SV52","asynch","11115",9,1,"11115"
"7SV52","asynch","11115",10,1,"11115"
"7SV52","asynch","11115",11,1,"11115"
"7SV52","asynch","11115",12,1,"11115"
"7SV52","asynch","11115",13,1,"11115"
"S4EK0","asynch","11115",1,0,"11115"
"S4EK0","asynch","11115",2,0,"11115"
"S4EK0","asynch","11115",3,0,"11115"
"S4EK0","asynch","11115",4,0,"11115"
"S4EK0","asynch","11115",5,0,"11115"
"S4EK0","asynch","11115",6,0,"11115"
"S4EK0","asynch","11115",7,0,"11115"
"S4EK0","asynch","11115",8,0,"11115"
"S4EK0","asynch","11115",9,0,"11115"
"S4EK0","asynch","11115",10,0,"11115"
"S4EK0","asynch","11115",11,0,"11115"
"S4EK0","asynch","11115",12,0,"11115"
"S4EK0","asynch","11115",13,0,"11115"
"KQBZN","asynch","11115",1,0,"11115"
"KQBZN","asynch","11115",2,0,"11115"
"KQBZN","asynch","11115",3,0,"11115"
"KQBZN","asynch","11115",4,0,"11115"
"KQBZN","asynch","11115",5,0,"11115"
"KQBZN","asynch","11115",6,0,"11115"
"KQBZN","asynch","11115",7,0,"11115"
"KQBZN","asynch","11115",8,0,"11115"
"KQBZN","asynch","11115",9,0,"11115"
"KQBZN","asynch","11115",10,0,"11115"
"KQBZN","asynch","11115",11,0,"11115"
"KQBZN","asynch","11115",12,0,"11115"
"KQBZN","asynch","11115",13,0,"11115"
"WEG15","asynch","11115",1,0,"11115"
"WEG15","asynch","11115",2,0,"11115"
"WEG15","asynch","11115",3,0,"11115"
"WEG15","asynch","11115",4,0,"11115"
"WEG15","asynch","11115",5,1,"11115"
"WEG15","asynch","11115",6,1,"11115"
"WEG15","asynch","11115",7,1,"11115"
"WEG15","asynch","11115",8,1,"11115"
"WEG15","asynch","11115",9,1,"11115"
"WEG15","asynch","11115",10,1,"11115"
"WEG15","asynch","11115",11,1,"11115"
"WEG15","asynch","11115",12,1,"11115"
"WEG15","asynch","11115",13,1,"11115"
"6XY80","asynch","11115",1,0,"11115"
"6XY80","asynch","11115",2,0,"11115"
"6XY80","asynch","11115",3,0,"11115"
"6XY80","asynch","11115",4,0,"11115"
"6XY80","asynch","11115",5,1,"11115"
"6XY80","asynch","11115",6,1,"11115"
"6XY80","asynch","11115",7,1,"11115"
"6XY80","asynch","11115",8,1,"11115"
"6XY80","asynch","11115",9,1,"11115"
"6XY80","asynch","11115",10,1,"11115"
"6XY80","asynch","11115",11,1,"11115"
"6XY80","asynch","11115",12,1,"11115"
"6XY80","asynch","11115",13,2,"11115"
"RD6JR","asynch","11115",1,0,"11115"
"RD6JR","asynch","11115",2,0,"11115"
"RD6JR","asynch","11115",3,0,"11115"
"RD6JR","asynch","11115",4,0,"11115"
"RD6JR","asynch","11115",5,0,"11115"
"RD6JR","asynch","11115",6,0,"11115"
"RD6JR","asynch","11115",7,0,"11115"
"RD6JR","asynch","11115",8,0,"11115"
"RD6JR","asynch","11115",9,0,"11115"
"RD6JR","asynch","11115",10,0,"11115"
"RD6JR","asynch","11115",11,0,"11115"
"RD6JR","asynch","11115",12,0,"11115"
"RD6JR","asynch","11115",13,0,"11115"
"OFP8T","asynch","11115",1,0,"11115"
"OFP8T","asynch","11115",2,0,"11115"
"OFP8T","asynch","11115",3,0,"11115"
"OFP8T","asynch","11115",4,0,"11115"
"OFP8T","asynch","11115",5,0,"11115"
"OFP8T","asynch","11115",6,0,"11115"
"OFP8T","asynch","11115",7,0,"11115"
"OFP8T","asynch","11115",8,0,"11115"
"OFP8T","asynch","11115",9,0,"11115"
"OFP8T","asynch","11115",10,0,"11115"
"OFP8T","asynch","11115",11,0,"11115"
"OFP8T","asynch","11115",12,0,"11115"
"OFP8T","asynch","11115",13,0,"11115"
"MXPYU","asynch","11115",1,0,"11115"
"MXPYU","asynch","11115",2,0,"11115"
"MXPYU","asynch","11115",3,0,"11115"
"MXPYU","asynch","11115",4,0,"11115"
"MXPYU","asynch","11115",5,0,"11115"
"MXPYU","asynch","11115",6,0,"11115"
"MXPYU","asynch","11115",7,0,"11115"
"MXPYU","asynch","11115",8,0,"11115"
"MXPYU","asynch","11115",9,0,"11115"
"MXPYU","asynch","11115",10,0,"11115"
"MXPYU","asynch","11115",11,0,"11115"
"MXPYU","asynch","11115",12,0,"11115"
"MXPYU","asynch","11115",13,0,"11115"
"TMVAO","asynch","11115",1,0,"11115"
"TMVAO","asynch","11115",2,0,"11115"
"TMVAO","asynch","11115",3,0,"11115"
"TMVAO","asynch","11115",4,0,"11115"
"TMVAO","asynch","11115",5,0,"11115"
"TMVAO","asynch","11115",6,0,"11115"
"TMVAO","asynch","11115",7,0,"11115"
"TMVAO","asynch","11115",8,0,"11115"
"TMVAO","asynch","11115",9,0,"11115"
"TMVAO","asynch","11115",10,0,"11115"
"TMVAO","asynch","11115",11,0,"11115"
"TMVAO","asynch","11115",12,0,"11115"
"TMVAO","asynch","11115",13,0,"11115"
"1JPFK","asynch","11115",1,0,"11115"
"1JPFK","asynch","11115",2,1,"11115"
"1JPFK","asynch","11115",3,2,"11115"
"1JPFK","asynch","11115",4,3,"11115"
"1JPFK","asynch","11115",5,4,"11115"
"1JPFK","asynch","11115",6,5,"11115"
"1JPFK","asynch","11115",7,6,"11115"
"1JPFK","asynch","11115",8,7,"11115"
"1JPFK","asynch","11115",9,8,"11115"
"1JPFK","asynch","11115",10,9,"11115"
"1JPFK","asynch","11115",11,10,"11115"
"1JPFK","asynch","11115",12,11,"11115"
"1JPFK","asynch","11115",13,12,"11115"
"Q10C6","asynch","11115",1,0,"11115"
"Q10C6","asynch","11115",2,0,"11115"
"Q10C6","asynch","11115",3,0,"11115"
"Q10C6","asynch","11115",4,0,"11115"
"Q10C6","asynch","11115",5,1,"11115"
"Q10C6","asynch","11115",6,1,"11115"
"Q10C6","asynch","11115",7,1,"11115"
"Q10C6","asynch","11115",8,2,"11115"
"Q10C6","asynch","11115",9,2,"11115"
"Q10C6","asynch","11115",10,2,"11115"
"Q10C6","asynch","11115",11,2,"11115"
"Q10C6","asynch","11115",12,2,"11115"
"Q10C6","asynch","11115",13,2,"11115"
"GQX64","asynch","11115",1,0,"11115"
"GQX64","asynch","11115",2,0,"11115"
"GQX64","asynch","11115",3,0,"11115"
"GQX64","asynch","11115",4,0,"11115"
"GQX64","asynch","11115",5,0,"11115"
"GQX64","asynch","11115",6,0,"11115"
"GQX64","asynch","11115",7,0,"11115"
"GQX64","asynch","11115",8,0,"11115"
"GQX64","asynch","11115",9,0,"11115"
"GQX64","asynch","11115",10,0,"11115"
"GQX64","asynch","11115",11,0,"11115"
"GQX64","asynch","11115",12,0,"11115"
"GQX64","asynch","11115",13,0,"11115"
"NOXYV","asynch","11115",1,0,"11115"
"NOXYV","asynch","11115",2,0,"11115"
"NOXYV","asynch","11115",3,0,"11115"
"NOXYV","asynch","11115",4,0,"11115"
"NOXYV","asynch","11115",5,0,"11115"
"NOXYV","asynch","11115",6,0,"11115"
"NOXYV","asynch","11115",7,0,"11115"
"NOXYV","asynch","11115",8,0,"11115"
"NOXYV","asynch","11115",9,0,"11115"
"NOXYV","asynch","11115",10,0,"11115"
"NOXYV","asynch","11115",11,0,"11115"
"NOXYV","asynch","11115",12,1,"11115"
"NOXYV","asynch","11115",13,1,"11115"
"O9K5K","asynch","11115",1,0,"11115"
"O9K5K","asynch","11115",2,0,"11115"
"O9K5K","asynch","11115",3,0,"11115"
"O9K5K","asynch","11115",4,0,"11115"
"O9K5K","asynch","11115",5,1,"11115"
"O9K5K","asynch","11115",6,1,"11115"
"O9K5K","asynch","11115",7,1,"11115"
"O9K5K","asynch","11115",8,1,"11115"
"O9K5K","asynch","11115",9,1,"11115"
"O9K5K","asynch","11115",10,1,"11115"
"O9K5K","asynch","11115",11,1,"11115"
"O9K5K","asynch","11115",12,1,"11115"
"O9K5K","asynch","11115",13,2,"11115"
"9PH05","asynch","11115",1,0,"11115"
"9PH05","asynch","11115",2,0,"11115"
"9PH05","asynch","11115",3,0,"11115"
"9PH05","asynch","11115",4,0,"11115"
"9PH05","asynch","11115",5,0,"11115"
"9PH05","asynch","11115",6,0,"11115"
"9PH05","asynch","11115",7,0,"11115"
"9PH05","asynch","11115",8,0,"11115"
"9PH05","asynch","11115",9,0,"11115"
"9PH05","asynch","11115",10,0,"11115"
"9PH05","asynch","11115",11,0,"11115"
"9PH05","asynch","11115",12,0,"11115"
"9PH05","asynch","11115",13,0,"11115"
