"","subject","condition","term","mode","gender","age","language","schoolyear","country","effort","difficulty","confidence","enjoyment","other","disability","totaltime_m","violations","browser","width","height","pretty_condition","pretty_mode","s_TRI","s_ORTH","s_TVERSKY","s_SATISFICE","s_REF","s_ABS","s_NABS","s_SCALED","DV_percent_NABS","rt_m","item_avg_rt","item_min_rt","item_max_rt","item_n_TRI","item_n_ORTH","item_n_TV","item_n_SAT","item_n_OTHER","item_n_POS","item_n_NEG","item_n_NEUTRAL","item_q1_NABS","item_q1_SCALED","item_q1_interpretation","item_q1_rt","item_q5_NABS","item_q5_SCALED","item_q5_interpretation","item_q5_rt","item_q7_NABS","item_q7_interpretation","item_q7_rt","item_q15_NABS","item_q15_interpretation","item_q15_rt","item_scaffold_NABS","item_scaffold_SCALED","item_scaffold_rt","item_test_NABS","item_test_SCALED","item_test_rt","item_q1_state","OSPAN.weighted","OSPAN.math_acc","OSPAN.order_acc","z_ospan","ospan_split"
"1","02DBM","121","fall21","asynch","Male",19,"English","First","USA","NULL","NULL","NULL","NULL","NULL","NULL",17.1542,"NULL","NULL","NULL","NULL","impasse","online-replication",13,-0.208823529411765,7.50641025641026,0.697802197802198,0,13,13,13,1,14.0414333333333,64.8066153846154,16.104,273.493,13,0,0,0,0,0,0,0,1,1,"Triangular",273.493,1,1,"Triangular",24.343,1,"Triangular",53.318,1,"Triangular",29.652,5,5,7.38545,8,8,6.65598333333333,"tri-like",28,1,0.933333333333333,1.20653885974128,"high-memory"
"2","0EMZW","121","fall21","asynch","Male",18,"English","First","United States of America","NULL","NULL","NULL","NULL","NULL","NULL",8.06588333333333,"NULL","NULL","NULL","NULL","impasse","online-replication",13,-0.208823529411765,7.50641025641026,0.697802197802198,0,13,13,13,1,3.77121666666667,17.4056153846154,6.33,36.201,13,0,0,0,0,0,0,0,1,1,"Triangular",36.201,1,1,"Triangular",24.547,1,"Triangular",28.63,1,"Triangular",13.474,5,5,1.79901666666667,8,8,1.9722,"tri-like",22.2068965517241,0.96551724137931,0.766666666666667,0.422735856919377,"high-memory"
"3","0F1A8","111","fall21","asynch","Female",21,"Other","Fourth","Iraq","NULL","NULL","NULL","NULL","NULL","NULL",13.58045,"NULL","NULL","NULL","NULL","control","online-replication",-0.522594072594073,9.78974358974359,-0.664350355526826,0,0,0,0,-11,0,10.0521333333333,46.3944615384615,5.662,118.934,0,10,0,0,3,0,2,1,0,-1,"Orthogonal",48.286,0,-0.5,"?",118.934,0,"Orthogonal",15.187,0,"Orthogonal",64.121,0,-4.5,5.26808333333333,0,-6.5,4.78405,"orth-like",23.2758620689655,0.931034482758621,0.833333333333333,0.567366172916277,"high-memory"
"4","0LCME","121","fall21","asynch","Male",21,"English","Fourth","USA","NULL","NULL","NULL","NULL","NULL","NULL",10.31845,"NULL","NULL","NULL","NULL","impasse","online-replication",-0.263585434173669,8,-0.497899159663866,-0.0769230769230769,0,0,0,-8.5,0,7.40471666666667,34.1756153846154,6.458,136.179,0,8,0,0,5,0,1,4,0,0,"blank",30.34,0,0,"blank",45.126,0,"Orthogonal",32.994,0,"Orthogonal",45.994,0,-0.5,2.10931666666667,0,-8,5.2954,"unknown",20.2758620689655,0.96551724137931,0.7,0.161468189312081,"low-memory"
"5","0YVPY","121","fall21","asynch","Female",20,"English","Third","USA","NULL","NULL","NULL","NULL","NULL","NULL",11.9586833333333,"NULL","NULL","NULL","NULL","impasse","online-replication",3.02434012066365,0.299019607843137,2.65816365007541,0.114468864468864,0,4,4,-1.5,0.307692307692308,5.82913333333333,26.9036923076923,2.148,111.597,4,1,0,1,7,0,7,0,1,1,"Triangular",54.865,1,1,"Triangular",77.392,0,"Orthogonal",36.243,0,"?",3.13,4,3,4.56255,0,-4.5,1.26658333333333,"tri-like",19.8620689655172,0.827586206896552,0.8,0.105482260539085,"low-memory"
"6","1JW7Y","121","fall21","asynch","Female",18,"Spanish","First","Mexico","NULL","NULL","NULL","NULL","NULL","NULL",18.5217833333333,"NULL","NULL","NULL","NULL","impasse","online-replication",-0.101039646627882,0.979166666666667,0.672659448394743,0.538461538461538,0,0,0,-5,0,15.5765833333333,71.8919230769231,8.908,169.615,1,1,1,1,9,1,9,0,0,-1,"Satisfice",8.908,0,-0.5,"?",73.394,0,"Triangular",123.021,0,"?",34.21,0,-2,6.74013333333333,0,-3,8.83645,"orth-like",26.0689655172414,0.96551724137931,0.9,0.945271192133982,"high-memory"
"7","1QMGP","121","fall21","asynch","Female",20,"English","Third","US","NULL","NULL","NULL","NULL","NULL","NULL",9.783,"NULL","NULL","NULL","NULL","impasse","online-replication",-0.289285714285714,4.86666666666667,-0.581932773109244,2,0,0,0,-7.5,0,6.874,31.7261538461538,3.505,97.109,0,5,0,2,6,0,1,5,0,-1,"Satisfice",22.277,0,0,"blank",36.449,0,"Orthogonal",16.808,0,"?",57.936,0,-2,2.23831666666667,0,-5.5,4.63568333333333,"orth-like",12.1034482758621,0.931034482758621,0.433333333333333,-0.944253903954517,"low-memory"
"8","1SY41","121","fall21","asynch","Female",21,"English","Fourth","United States","NULL","NULL","NULL","NULL","NULL","NULL",20.7524333333333,"NULL","NULL","NULL","NULL","impasse","online-replication",13,-0.208823529411765,7.50641025641026,0.697802197802198,0,13,13,13,1,11.17565,51.5799230769231,10.349,180.359,13,0,0,0,0,0,0,0,1,1,"Triangular",180.359,1,1,"Triangular",91.223,1,"Triangular",34.994,1,"Triangular",111.081,5,5,6.01858333333333,8,8,5.15706666666667,"tri-like",16,1,0.533333333333333,-0.417053074675507,"low-memory"
"9","240Y4","121","fall21","asynch","Female",21,"Other","Third","South Korea","NULL","NULL","NULL","NULL","NULL","NULL",111.016266666667,"NULL","NULL","NULL","NULL","impasse","online-replication",0.721991488903254,5.87083333333333,-0.599332040508511,-0.230769230769231,0,1,1,-7,0.0769230769230769,5.31231666666667,24.5183846153846,5.856,55.383,1,6,0,0,6,0,4,2,0,0,"blank",41.14,1,1,"Triangular",19.82,0,"Orthogonal",27.24,0,"Orthogonal",29.737,1,0,1.66375,0,-7,3.64856666666667,"unknown",11,1,0.366666666666667,-1.09354971401583,"low-memory"
"10","3PADQ","111","fall21","asynch","Female",22,"Other","Fourth","USA","NULL","NULL","NULL","NULL","NULL","NULL",21.9320166666667,"NULL","NULL","NULL","NULL","control","online-replication",-0.510584268672504,9.27724358974359,0.294925662572721,0,0,0,0,-10,0,15.8831333333333,73.3067692307692,13.639,193.304,0,9,1,0,3,1,3,0,0,-1,"Orthogonal",31.01,0,-0.5,"?",193.304,0,"Orthogonal",93.822,0,"Orthogonal",142.898,0,-3,6.3334,0,-7,9.54973333333333,"orth-like",23.3103448275862,0.896551724137931,0.866666666666667,0.572031666980695,"high-memory"
"11","3SYRX","121","fall21","asynch","Female",21,"English","Fourth","USA","NULL","NULL","NULL","NULL","NULL","NULL",7.54665,"NULL","NULL","NULL","NULL","impasse","online-replication",13,-0.208823529411765,7.50641025641026,0.697802197802198,0,13,13,13,1,4.4079,20.3441538461538,7.164,71.128,13,0,0,0,0,0,0,0,1,1,"Triangular",35.344,1,1,"Triangular",13.684,1,"Triangular",38.99,1,"Triangular",12.949,5,5,1.42683333333333,8,8,2.98106666666667,"tri-like",24.2068965517241,0.931034482758621,0.866666666666667,0.693334512655508,"high-memory"
"12","431GR","111","fall21","asynch","Female",18,"English","First","United States","NULL","NULL","NULL","NULL","NULL","NULL",9.29108333333333,"NULL","NULL","NULL","NULL","control","online-replication",11.7666666666667,-0.802413273001508,7.33216783216783,0,0,11,11,11.5,0.846153846153846,4.86775,22.4665384615385,7.681,73.987,12,0,0,0,1,0,1,0,1,1,"Triangular",73.987,1,1,"Triangular",15.118,1,"Triangular",32.776,1,"Triangular",16.396,4,3.5,2.17696666666667,7,8,2.69078333333333,"tri-like",21.2413793103448,0.96551724137931,0.733333333333333,0.292102023115729,"high-memory"
"13","57C0V","121","fall21","asynch","Female",20,"Spanish","Third","usa","NULL","NULL","NULL","NULL","NULL","NULL",20.4693,"NULL","NULL","NULL","NULL","impasse","online-replication",0.798914565826331,7,-0.512322236586942,1.5,0,1,1,-7,0.0769230769230769,11.90745,54.9574615384615,16.537,132.02,1,7,0,1,4,0,0,4,0,0,"blank",28.553,0,0,"blank",85.633,0,"Orthogonal",29.916,0,"Orthogonal",37.445,1,0,4.02111666666667,0,-7,7.88633333333333,"unknown",19,1,0.633333333333333,-0.0111550910713105,"low-memory"
"14","57KJC","121","fall21","asynch","Male",22,"Spanish","Fourth","USA","NULL","NULL","NULL","NULL","NULL","NULL",8.4557,"NULL","NULL","NULL","NULL","impasse","online-replication",12.9285714285714,-0.208823529411765,7.50641025641026,0.626373626373626,0,12,12,12.5,0.923076923076923,5.66525,26.1473076923077,9.662,56.166,12,0,1,0,0,1,0,0,0,0.5,"Tversky",27.72,1,1,"Triangular",37.973,1,"Triangular",56.166,1,"Triangular",10.679,4,4.5,2.52621666666667,8,8,3.13903333333333,"tri-like",22.2068965517241,0.96551724137931,0.766666666666667,0.422735856919377,"high-memory"
"15","5P3XF","121","fall21","asynch","Female",20,"Spanish","Second","Ecuador","NULL","NULL","NULL","NULL","NULL","NULL",8.77106666666667,"NULL","NULL","NULL","NULL","impasse","online-replication",10.7333333333333,-0.842156862745098,7.50641025641026,0.697802197802198,0,11,11,10,0.846153846153846,5.96161666666667,27.5151538461538,6.296,118.073,11,0,0,0,2,0,2,0,1,1,"Triangular",8.526,1,1,"Triangular",118.073,1,"Triangular",24.553,1,"Triangular",105.296,5,5,2.6333,6,5,3.32831666666667,"tri-like",17.0344827586207,0.896551724137931,0.633333333333333,-0.277088252743024,"low-memory"
"16","5TMTW","121","fall21","asynch","Male",19,"English","Third","United States of America","NULL","NULL","NULL","NULL","NULL","NULL",12.3727166666667,"NULL","NULL","NULL","NULL","impasse","online-replication",-0.715050635638871,8,-0.942954104718811,4,0,0,0,-12,0,8.35865,38.5783846153846,6.231,87.621,0,8,0,4,1,0,0,1,0,-1,"Satisfice",59.061,0,0,"blank",87.621,0,"Orthogonal",22.316,0,"Orthogonal",40.702,0,-4,5.04833333333333,0,-8,3.31031666666667,"orth-like",28,0.96551724137931,0.966666666666667,1.20653885974128,"high-memory"
"17","60VNG","121","fall21","asynch","Female",28,"English","Third","USA","NULL","NULL","NULL","NULL","NULL","NULL",10.4892833333333,"NULL","NULL","NULL","NULL","impasse","online-replication",-0.272514005602241,5.37450980392157,-0.510504201680672,1.5,0,0,0,-8.5,0,6.12781666666667,28.2822307692308,8.778,55.465,0,5,0,2,6,0,3,3,0,-1,"Satisfice",33.011,0,0,"blank",55.465,0,"Orthogonal",16.916,0,"?",29.354,0,-2,2.60765,0,-6.5,3.52016666666667,"orth-like",10.7586206896552,0.896551724137931,0.4,-1.12620817246674,"low-memory"
"18","694WT","111","fall21","asynch","Female",20,"Mandarin or Cantonese","Third","Taiwan","NULL","NULL","NULL","NULL","NULL","NULL",29.49675,"NULL","NULL","NULL","NULL","control","online-replication",-0.385584268672504,9.83974358974359,0.412572721396251,0,0,0,0,-10.5,0,22.9039333333333,105.710461538462,9.797,289.179,0,10,1,0,2,1,2,0,0,-1,"Orthogonal",27.273,0,-0.5,"?",289.179,0,"Orthogonal",41.031,0,"Orthogonal",74.222,0,-3,12.4552,0,-7.5,10.4487333333333,"orth-like",13.0344827586207,0.931034482758621,0.466666666666667,-0.818285564215286,"low-memory"
"19","6VLV8","121","fall21","asynch","Female",19,"English","Second","united states","NULL","NULL","NULL","NULL","NULL","NULL",9.54406666666667,"NULL","NULL","NULL","NULL","impasse","online-replication",-0.794675177763413,5.93333333333333,-0.0159987071751778,0.346153846153846,0,0,0,-7.5,0,6.88726666666667,31.7873846153846,3.894,80.911,0,6,1,1,5,1,2,3,0,0,"blank",36.933,0,0.5,"Tversky",56.859,0,"Orthogonal",20.992,0,"?",3.894,0,-1,3.27095,0,-6.5,3.61631666666667,"unknown",6.82758620689655,0.758620689655172,0.3,-1.65807449581018,"low-memory"
"20","776UX","111","fall21","asynch","Female",20,"English","Third","United states","NULL","NULL","NULL","NULL","NULL","NULL",27.4013666666667,"NULL","NULL","NULL","NULL","control","online-replication",-0.702250935339171,10.6166666666667,0.850072721396251,0,0,0,0,-10.5,0,15.7556166666667,72.7182307692308,19.909,200.762,0,10,1,0,2,1,2,0,0,-1,"Orthogonal",19.909,0,-1,"Orthogonal",200.762,0,"Orthogonal",31.338,0,"Tversky",53.76,0,-5,7.24698333333333,0,-5.5,8.50863333333333,"orth-like",22,1,0.733333333333333,0.394742892532886,"high-memory"
"21","77SKE","111","fall21","asynch","Female",20,"English","Second","United States","NULL","NULL","NULL","NULL","NULL","NULL",11.85675,"NULL","NULL","NULL","NULL","control","online-replication",0.865148332060097,6.76057692307692,0.782320620555915,0,0,2,2,-7.5,0.153846153846154,7.99233333333333,36.8876923076923,8.24,111.589,2,8,0,0,3,0,3,0,1,1,"Triangular",54.848,0,-0.5,"?",52.277,0,"Orthogonal",14.839,0,"Orthogonal",41.574,2,-0.5,4.50051666666667,0,-7,3.49181666666667,"tri-like",23,1,0.766666666666667,0.530042220400951,"high-memory"
"22","7BV0L","111","fall21","asynch","Male",21,"English","Fourth","USA","NULL","NULL","NULL","NULL","NULL","NULL",12.59305,"NULL","NULL","NULL","NULL","control","online-replication",-0.514750935339171,11.3708333333333,-0.146250808015514,0,0,0,0,-12,0,9.22263333333333,42.566,8.678,175.719,0,11,0,0,2,0,2,0,0,-1,"Orthogonal",22.101,0,-1,"Orthogonal",74.202,0,"Orthogonal",29.318,0,"Orthogonal",31.81,0,-5,3.42503333333333,0,-7,5.7976,"orth-like",28.9655172413793,0.96551724137931,1,1.33717269354493,"high-memory"
"23","7DJGJ","121","fall21","asynch","Female",20,"Other","Third","india","NULL","NULL","NULL","NULL","NULL","NULL",7.85746666666667,"NULL","NULL","NULL","NULL","impasse","online-replication",-0.024116569704805,1.11200980392157,2.66806722689076,0.0384615384615384,0,0,0,-3,0,3.62181666666667,16.7160769230769,0.003,40.599,1,2,3,1,6,3,5,1,0,-1,"Satisfice",40.599,0,1,"Triangular",36.232,0,"Orthogonal",21.499,0,"?",12.394,0,0.5,1.97586666666667,0,-3.5,1.64595,"orth-like",9.6551724137931,0.96551724137931,0.333333333333333,-1.27550398252806,"low-memory"
"24","7METL","111","fall21","asynch","Female",19,"English","Second","India","NULL","NULL","NULL","NULL","NULL","NULL",5.50298333333333,"NULL","NULL","NULL","NULL","control","online-replication",-0.543160026248262,8.08365384615385,-0.741273432449903,0,0,0,0,-10.5,0,2.40061666666667,11.0797692307692,5.054,18.739,0,8,0,0,5,0,5,0,0,-1,"Orthogonal",7.257,0,-0.5,"?",11.208,0,"Orthogonal",15.368,0,"?",18.739,0,-4.5,0.848716666666667,0,-6,1.5519,"orth-like",12.551724137931,0.96551724137931,0.433333333333333,-0.883602481117117,"low-memory"
"25","8BB1M","111","fall21","asynch","Female",18,"English","First","USA","NULL","NULL","NULL","NULL","NULL","NULL",11.8747833333333,"NULL","NULL","NULL","NULL","control","online-replication",-1.01475093533917,10.3564102564103,-0.723173884938591,0,0,0,0,-12,0,8.37281666666667,38.6437692307692,7.776,116.994,0,11,0,0,2,0,2,0,0,-1,"Orthogonal",29.439,0,-0.5,"?",69.747,0,"Orthogonal",22.385,0,"Orthogonal",28.008,0,-4.5,3.06541666666667,0,-7.5,5.3074,"orth-like",14.8965517241379,0.931034482758621,0.533333333333333,-0.566348884736825,"low-memory"
"26","8DL90","121","fall21","asynch","Female",22,"English","Third","Japan","NULL","NULL","NULL","NULL","NULL","NULL",2.90885,"NULL","NULL","NULL","NULL","impasse","online-replication",6.6077380952381,-0.646323529411765,5.38141025641026,0.697802197802198,0,7,7,5,0.538461538461538,1.31688333333333,6.07792307692308,1.402,16.301,7,0,1,0,5,1,5,0,1,1,"Triangular",5.379,1,1,"Triangular",5.301,1,"Triangular",16.301,1,"Triangular",7.25,4,4.5,0.614233333333333,3,0.5,0.70265,"tri-like",6.27586206896552,0.896551724137931,0.233333333333333,-1.73272240084083,"low-memory"
"27","8MT4O","121","fall21","asynch","Female",19,"English","Second","United States","NULL","NULL","NULL","NULL","NULL","NULL",8.62973333333333,"NULL","NULL","NULL","NULL","impasse","online-replication",-1.10958845076492,4.11200980392157,-0.133645765998707,-0.230769230769231,0,0,0,-7,0,4.68205,21.6094615384615,8.361,40.741,0,5,1,0,7,1,5,2,0,0,"blank",32.442,0,0.5,"Tversky",31.368,0,"Orthogonal",18.394,0,"Orthogonal",28.256,0,-0.5,1.8487,0,-6.5,2.83335,"unknown",17.3793103448276,0.96551724137931,0.6,-0.230433312098863,"low-memory"
"28","8V8HJ","111","fall21","asynch","Female",19,"Spanish","Second","U.S.A","NULL","NULL","NULL","NULL","NULL","NULL",11.4741,"NULL","NULL","NULL","NULL","control","online-replication",-0.752846173434409,8.60416666666667,1.84482062055591,0,0,0,0,-9,0,7.98016666666667,36.8315384615385,8.124,93.837,0,9,2,0,2,2,2,0,0,-1,"Orthogonal",36.623,0,-1,"Orthogonal",51.685,0,"Orthogonal",20.279,0,"Orthogonal",45.236,0,-3,3.46346666666667,0,-6,4.5167,"orth-like",21.4137931034483,0.931034482758621,0.766666666666667,0.315429493437816,"high-memory"
"29","96GEP","121","fall21","asynch","Female",20,"Other","Second","Iraq","NULL","NULL","NULL","NULL","NULL","NULL",14.1287833333333,"NULL","NULL","NULL","NULL","impasse","online-replication",11.2952380952381,0.791176470588235,6.10164835164835,1.26923076923077,0,10,10,9.5,0.769230769230769,10.2820833333333,47.4557692307692,7.113,82.214,11,0,0,1,1,0,1,0,0,-1,"Satisfice",28.269,1,1,"Triangular",82.214,1,"Triangular",41.904,0,"Triangular",75.311,4,3,3.84946666666667,6,6.5,6.43261666666667,"orth-like",16.4137931034483,0.96551724137931,0.566666666666667,-0.361067145902511,"low-memory"
"30","98R7E","111","fall21","asynch","Female",20,"Spanish","Third","United States of America","NULL","NULL","NULL","NULL","NULL","NULL",12.8169333333333,"NULL","NULL","NULL","NULL","control","online-replication",12.9333333333333,-0.602413273001508,8.08974358974359,0,0,12,12,13,0.923076923076923,5.14233333333333,23.7338461538462,6.654,65.962,13,0,0,0,0,0,0,0,1,1,"Triangular",34.264,1,1,"Triangular",22.122,1,"Triangular",41.083,1,"Triangular",17.538,5,5,1.76708333333333,7,8,3.37525,"tri-like",13.448275862069,0.896551724137931,0.5,-0.76229963544229,"low-memory"
"31","98VDX","121","fall21","asynch","Female",18,"English","First","United States","NULL","NULL","NULL","NULL","NULL","NULL",12.6098166666667,"NULL","NULL","NULL","NULL","impasse","online-replication",1.64047619047619,6.94117647058824,0.329239388062917,2.42307692307692,0,2,2,-8,0.153846153846154,9.94386666666667,45.8947692307692,6.042,84.142,2,7,0,3,1,0,0,1,0,-1,"Satisfice",24.047,1,1,"Triangular",43.29,0,"Orthogonal",16.757,0,"Orthogonal",84.142,1,-2,4.01698333333333,1,-6,5.92688333333333,"orth-like",13.0344827586207,0.931034482758621,0.466666666666667,-0.818285564215286,"low-memory"
"32","9EYZ0","121","fall21","asynch","Female",20,"English","Third","U.S.","NULL","NULL","NULL","NULL","NULL","NULL",13.0657166666667,"NULL","NULL","NULL","NULL","impasse","online-replication",11.7994047619048,0.349509803921569,7.50641025641026,0.626373626373626,0,10,10,10.5,0.769230769230769,7.12235,32.8723846153846,9.052,62.026,11,1,1,0,0,1,0,0,0,0.5,"Tversky",27.496,1,1,"Triangular",44.461,1,"Triangular",62.026,1,"Triangular",58.626,4,4.5,2.7442,6,6,4.37815,"tri-like",25.1034482758621,0.896551724137931,0.933333333333333,0.814637358330335,"high-memory"
"33","9S5Z0","111","fall21","asynch","Male",23,"Other","Fourth","USA","NULL","NULL","NULL","NULL","NULL","NULL",23.40185,"NULL","NULL","NULL","NULL","control","online-replication",-0.648084268672504,11.8041666666667,-0.146250808015514,0,0,0,0,-12.5,0,16.6867333333333,77.0156923076923,11.599,262.081,0,12,0,0,1,0,1,0,0,-1,"Orthogonal",44.119,0,-1,"Orthogonal",87.521,0,"Orthogonal",32.503,0,"Orthogonal",262.081,0,-5,3.19853333333333,0,-7.5,13.4882,"orth-like",2.17241379310345,0.724137931034483,0.1,-2.28791619450634,"low-memory"
"34","A9JCU","111","fall21","asynch","Male",18,"English","Second","USA","NULL","NULL","NULL","NULL","NULL","NULL",10.7825,"NULL","NULL","NULL","NULL","control","online-replication",0.169072594072594,8.77724358974359,-0.587427278603749,0,0,0,0,-9,0,7.61801666666667,35.1600769230769,5.359,84.91,1,9,0,0,3,0,2,1,0,-1,"Orthogonal",18.744,0,-0.5,"?",84.91,0,"Orthogonal",8.251,0,"Orthogonal",78.79,0,-4,2.56351666666667,0,-5,5.0545,"orth-like",23.2758620689655,0.931034482758621,0.833333333333333,0.567366172916277,"high-memory"
"35","ACEXT","121","fall21","asynch","Female",22,"English","Fourth","United States\nUnited States","NULL","NULL","NULL","NULL","NULL","NULL",15.7999166666667,"NULL","NULL","NULL","NULL","impasse","online-replication",1.25521978021978,-0.0166666666666666,1.00938644688645,-0.302197802197802,0,1,1,-1.5,0.0769230769230769,13.3353833333333,61.5479230769231,5.936,233.249,2,0,1,0,10,1,8,2,0,-0.5,"?",137.973,0,-0.5,"?",30.207,0,"Triangular",57.951,0,"Tversky",36.733,0,-2,8.29373333333333,1,0.5,5.04165,"unknown",30,1,1,1.47713751547741,"high-memory"
"36","ALN2P","121","fall21","asynch","Male",23,"English","Fourth","USA","NULL","NULL","NULL","NULL","NULL","NULL",10.2366333333333,"NULL","NULL","NULL","NULL","impasse","online-replication",-0.00833333333333332,6,-0.25,0,0,0,0,-6,0,6.6853,30.8552307692308,6.33,88.685,0,6,0,0,7,0,0,7,0,0,"blank",24.853,0,0,"blank",24.118,0,"Orthogonal",88.685,0,"blank",6.33,0,0,1.8941,0,-6,4.7912,"unknown",5.55172413793103,0.793103448275862,0.233333333333333,-1.83069777619357,"low-memory"
"37","ARCSZ","121","fall21","asynch","Male",20,"Mandarin or Cantonese","Third","us\nus","NULL","NULL","NULL","NULL","NULL","NULL",12.5807666666667,"NULL","NULL","NULL","NULL","impasse","online-replication",0.526890756302521,6.86666666666667,0.34733893557423,1.35164835164835,0,1,1,-7,0.0769230769230769,7.64428333333333,35.2813076923077,3.826,99.553,1,7,1,1,3,1,1,2,0,0.5,"Tversky",48.753,1,1,"Triangular",22.387,0,"Orthogonal",14.261,0,"Orthogonal",68.353,1,0.5,2.10571666666667,0,-7.5,5.53856666666667,"tri-like",24.8275862068966,0.827586206896552,1,0.777313405815009,"high-memory"
"38","AU0MW","121","fall21","asynch","Male",20,"Other","Third","United Arab Emirates","NULL","NULL","NULL","NULL","NULL","NULL",7.97011666666667,"NULL","NULL","NULL","NULL","impasse","online-replication",-0.192156862745098,8,-0.426470588235294,0,0,0,0,-8,0,5.80115,26.7745384615385,6.7,56.284,0,8,0,0,5,0,0,5,0,0,"blank",22.305,0,0,"blank",49.189,0,"Orthogonal",16.476,0,"Orthogonal",39.816,0,0,2.6575,0,-8,3.14365,"unknown",27.9310344827586,0.931034482758621,1,1.19720787161244,"high-memory"
"39","B44PE","121","fall21","asynch","Male",20,"Mandarin or Cantonese","Third","USA","NULL","NULL","NULL","NULL","NULL","NULL",10.2414833333333,"NULL","NULL","NULL","NULL","impasse","online-replication",11.8619047619048,-0.208823529411765,7.50641025641026,0.626373626373626,0,11,11,11,0.846153846153846,5.77706666666667,26.6633846153846,6.472,75.289,11,0,1,0,1,1,1,0,0,0.5,"Tversky",44.23,1,1,"Triangular",9.652,1,"Triangular",75.289,1,"Triangular",20.31,4,4.5,2.34705,7,6.5,3.43001666666667,"tri-like",11.1034482758621,0.793103448275862,0.466666666666667,-1.07955323182258,"low-memory"
"40","BK0TH","111","fall21","asynch","Male",20,"Mandarin or Cantonese","Second","China","NULL","NULL","NULL","NULL","NULL","NULL",10.3078666666667,"NULL","NULL","NULL","NULL","control","online-replication",-0.514750935339171,13,-0.146250808015514,0,0,0,0,-13,0,6.70368333333333,30.9400769230769,6.663,53.918,0,13,0,0,0,0,0,0,0,-1,"Orthogonal",46.408,0,-1,"Orthogonal",51.285,0,"Orthogonal",18.7,0,"Orthogonal",42.128,0,-5,2.8618,0,-8,3.84188333333333,"orth-like",30,1,1,1.47713751547741,"high-memory"
"41","BR500","121","fall21","asynch","Female",21,"English","Fourth","USA","NULL","NULL","NULL","NULL","NULL","NULL",8.0677,"NULL","NULL","NULL","NULL","impasse","online-replication",-0.0629901960784314,7,-0.367647058823529,0,0,0,0,-7.5,0,6.05475,27.945,5.222,105.714,0,7,0,0,6,0,1,5,0,0,"blank",25.127,0,0,"blank",105.714,0,"Orthogonal",10.459,0,"Orthogonal",27.968,0,0,3.84506666666667,0,-7.5,2.20968333333333,"unknown",23.2758620689655,0.931034482758621,0.833333333333333,0.567366172916277,"high-memory"
"42","BYKF0","111","fall21","asynch","Female",20,"Other","Second","turkey","NULL","NULL","NULL","NULL","NULL","NULL",11.4661,"NULL","NULL","NULL","NULL","control","online-replication",0.426425535249065,11.7873303167421,-0.858920491273433,0,0,0,0,-11,0,8.4443,38.9736923076923,10.235,117.958,1,12,0,0,0,0,0,0,0,-1,"Orthogonal",21.479,0,1,"Triangular",117.958,0,"Orthogonal",17.476,0,"Orthogonal",45.974,0,-3,3.80313333333333,0,-8,4.64116666666667,"orth-like",25.8620689655172,0.862068965517241,1,0.917278227747478,"high-memory"
"43","CHP0K","121","fall21","asynch","Female",26,"English","Third","United States of America","NULL","NULL","NULL","NULL","NULL","NULL",11.5368333333333,"NULL","NULL","NULL","NULL","impasse","online-replication",10.817673992674,1.29117647058824,6.93498168498169,-0.21978021978022,0,8,8,7,0.615384615384615,6.96993333333333,32.1689230769231,13.023,104.923,8,1,2,0,2,2,2,0,0,0.5,"Tversky",30.704,1,1,"Triangular",13.249,0,"Orthogonal",19.137,1,"Triangular",22.284,2,2.5,3.25186666666667,6,4.5,3.71806666666667,"tri-like",19.551724137931,0.931034482758621,0.7,0.0634928139593416,"low-memory"
"44","CLV1E","121","fall21","asynch","Female",20,"Spanish","Third","United States","NULL","NULL","NULL","NULL","NULL","NULL",18.5461666666667,"NULL","NULL","NULL","NULL","impasse","online-replication",9.2032967032967,-0.142156862745098,4.9532967032967,2.84615384615385,0,8,8,8,0.615384615384615,14.2133,65.5998461538462,10.261,235.834,10,0,0,2,1,0,0,1,0,-1,"Satisfice",40.366,0,-1,"Satisfice",235.834,1,"Triangular",79.109,0,"Triangular",37.467,1,0,8.9312,7,8,5.2821,"orth-like",11.1379310344828,0.655172413793103,0.566666666666667,-1.07488773775816,"low-memory"
"45","CN995","121","fall21","asynch","Male",18,"English","First","United States","NULL","NULL","NULL","NULL","NULL","NULL",13.19825,"NULL","NULL","NULL","NULL","impasse","online-replication",10.7032967032967,-0.208823529411765,6.35805860805861,-0.527472527472527,0,10,10,9.5,0.769230769230769,5.85975,27.045,8.115,125.115,10,0,1,0,2,1,2,0,0,0.5,"Tversky",19.992,1,1,"Triangular",27.203,1,"Triangular",18.801,1,"Triangular",11.358,2,1.5,2.39788333333333,8,8,3.46186666666667,"tri-like",25,1,0.833333333333333,0.800640876137082,"high-memory"
"46","DGJQ3","111","fall21","asynch","Female",21,"English","Fourth","United States\nUnited States","NULL","NULL","NULL","NULL","NULL","NULL",4.81588333333333,"NULL","NULL","NULL","NULL","control","online-replication",3.19748168498168,0.0725867269984917,5.80175339366516,0,0,3,3,2.5,0.230769230769231,2.70636666666667,12.4909230769231,4.14,23.244,3,1,5,0,4,5,4,0,0,0.5,"Tversky",21.534,1,1,"Triangular",14.485,0,"Tversky",19.731,0,"?",4.14,2,3.5,1.13791666666667,1,-1,1.56845,"tri-like",0.724137931034483,0.724137931034483,0.0333333333333333,-2.48386694521182,"low-memory"
"47","DMUWM","111","fall21","asynch","Female",24,"Mandarin or Cantonese","Fourth","China","NULL","NULL","NULL","NULL","NULL","NULL",20.466,"NULL","NULL","NULL","NULL","control","online-replication",-0.315508511096746,7.17307692307692,0.111977483301013,0,0,0,0,-10,0,8.8578,40.8821538461538,5.763,212.91,0,8,0,0,5,0,4,1,0,-1,"Orthogonal",19.741,0,-0.5,"?",27.605,0,"Orthogonal",15.176,0,"Orthogonal",29.174,0,-3.5,1.58661666666667,0,-6.5,7.27118333333333,"orth-like",21.4137931034483,0.931034482758621,0.766666666666667,0.315429493437816,"high-memory"
"48","E6KMK","111","fall21","asynch","Female",25,"Spanish","Fifth","Mexico","NULL","NULL","NULL","NULL","NULL","NULL",25.9779666666667,"NULL","NULL","NULL","NULL","control","online-replication",-0.760421931010166,8.51698717948718,0.0323206205559147,0,0,0,0,-10,0,16.1721333333333,74.6406153846154,13.342,166.658,0,9,1,0,3,1,3,0,0,-1,"Orthogonal",24.356,0,0.5,"Tversky",104.877,0,"Orthogonal",17.27,0,"Orthogonal",166.658,0,-2.5,4.292,0,-7.5,11.8801333333333,"orth-like",20.2758620689655,0.96551724137931,0.7,0.161468189312081,"low-memory"
"49","E9SDE","121","fall21","asynch","Female",19,"English","Second","United States\nUnited States","NULL","NULL","NULL","NULL","NULL","NULL",13.3792333333333,"NULL","NULL","NULL","NULL","impasse","online-replication",1.19363553113553,3.17867647058824,1.33305860805861,0.262820512820513,0,1,1,-4.5,0.0769230769230769,10.7186666666667,49.4707692307692,4.275,222.162,1,3,1,1,7,1,4,3,0,0,"blank",78.251,0,-0.5,"?",222.162,0,"Tversky",29.961,0,"?",38.651,0,-2,6.18116666666667,1,-2.5,4.5375,"unknown",24,0.827586206896552,0.966666666666667,0.665341548269017,"high-memory"
"50","EA6YH","111","fall21","asynch","Female",20,"English","Third","USA","NULL","NULL","NULL","NULL","NULL","NULL",14.35875,"NULL","NULL","NULL","NULL","control","online-replication",-1.18493173493173,6.98365384615385,-0.242189183365654,0,0,0,0,-9,0,9.57145,44.1759230769231,9.837,103.325,0,8,1,0,4,1,3,1,0,-1,"Orthogonal",19.506,0,0.5,"Tversky",54.768,0,"Orthogonal",52.411,0,"Orthogonal",99,0,-3,2.9237,0,-6,6.64775,"orth-like",14.3448275862069,0.896551724137931,0.533333333333333,-0.640996789767477,"low-memory"
"51","EMKFA","121","fall21","asynch","Female",22,"Spanish","Fifth","U.S.","NULL","NULL","NULL","NULL","NULL","NULL",11.0659833333333,"NULL","NULL","NULL","NULL","impasse","online-replication",5.39271978021978,1.41200980392157,7.52083333333333,-0.379120879120879,0,6,6,4.5,0.461538461538462,6.18191666666667,28.5319230769231,10.914,70.405,6,2,3,0,2,3,2,0,0,0.5,"Tversky",70.405,1,1,"Triangular",32.444,1,"Triangular",36.589,1,"Triangular",21.993,2,3.5,3.2208,4,1,2.96111666666667,"tri-like",21.4137931034483,0.931034482758621,0.766666666666667,0.315429493437816,"high-memory"
"52","EZ7J5","111","fall21","asynch","Male",25,"English","Fifth","United States","NULL","NULL","NULL","NULL","NULL","NULL",9.73481666666667,"NULL","NULL","NULL","NULL","control","online-replication",5.93081501831502,3.73092006033183,3.1782967032967,0,0,6,6,2,0.461538461538462,6.02593333333333,27.812,7.414,85.111,7,4,0,0,2,0,2,0,0,-1,"Orthogonal",11.937,1,1,"Triangular",26.226,0,"Orthogonal",28.22,0,"Triangular",85.111,1,-2,1.23538333333333,5,4,4.79055,"orth-like",19.551724137931,0.931034482758621,0.7,0.0634928139593416,"low-memory"
"53","F4XPD","111","fall21","asynch","Male",20,"English","Third","United States","NULL","NULL","NULL","NULL","NULL","NULL",9.4601,"NULL","NULL","NULL","NULL","control","online-replication",-0.514750935339171,11.9230769230769,-0.723173884938591,0,0,0,0,-12.5,0,6.7033,30.9383076923077,8.382,77.545,0,12,0,0,1,0,1,0,0,-1,"Orthogonal",22.785,0,-0.5,"?",36.383,0,"Orthogonal",20.3,0,"Orthogonal",51.818,0,-4.5,2.64626666666667,0,-8,4.05703333333333,"orth-like",16.4137931034483,0.96551724137931,0.566666666666667,-0.361067145902511,"low-memory"
"54","F86ZM","111","fall21","asynch","Female",19,"Mandarin or Cantonese","Second","China","NULL","NULL","NULL","NULL","NULL","NULL",12.3259333333333,"NULL","NULL","NULL","NULL","control","online-replication",-0.530089763177998,6.42307692307692,-0.170760611937083,0,0,0,0,-9,0,9.06973333333333,41.8603076923077,7.42,123.912,0,7,1,0,5,1,5,0,0,-0.5,"?",123.912,0,0.5,"Tversky",58.11,0,"Orthogonal",15.55,0,"?",61.328,0,-1.5,5.94053333333333,0,-7.5,3.1292,"unknown",27.0344827586207,0.96551724137931,0.933333333333333,1.07590502593763,"high-memory"
"55","FDRWD","111","fall21","asynch","Male",19,"English","Second","United States","NULL","NULL","NULL","NULL","NULL","NULL",15.3750833333333,"NULL","NULL","NULL","NULL","control","online-replication",-0.514750935339171,13,-0.146250808015514,0,0,0,0,-13,0,9.48938333333333,43.7971538461538,4.091,119.319,0,13,0,0,0,0,0,0,0,-1,"Orthogonal",25.574,0,-1,"Orthogonal",119.319,0,"Orthogonal",35.244,0,"Orthogonal",53.814,0,-5,4.60185,0,-8,4.88753333333333,"orth-like",30,1,1,1.47713751547741,"high-memory"
"56","GB4TH","111","fall21","asynch","Female",21,"English","Fourth","USA","NULL","NULL","NULL","NULL","NULL","NULL",7.30663333333333,"NULL","NULL","NULL","NULL","control","online-replication",4.36831501831502,3.81842006033183,2.74496336996337,0,0,5,5,0,0.384615384615385,5.01026666666667,23.1243076923077,3.427,52.41,5,4,1,0,3,1,3,0,0,-1,"Orthogonal",13.189,1,1,"Triangular",52.41,1,"Triangular",15.031,1,"Triangular",20.103,1,-1,2.63121666666667,4,1,2.37905,"orth-like",24.8275862068966,0.827586206896552,1,0.777313405815009,"high-memory"
"57","GY85V","111","fall21","asynch","Male",21,"English","Fourth","US","NULL","NULL","NULL","NULL","NULL","NULL",13.9180166666667,"NULL","NULL","NULL","NULL","control","online-replication",-0.669512840101075,11.9166666666667,0.282320620555915,0,0,0,0,-11.5,0,10.2472833333333,47.2951538461538,7.247,340.486,0,12,1,0,0,1,0,0,0,-1,"Orthogonal",18.237,0,-1,"Orthogonal",340.486,0,"Orthogonal",20.98,0,"Orthogonal",39.667,0,-3.5,6.98565,0,-8,3.26163333333333,"orth-like",29,1,0.966666666666667,1.34183818760934,"high-memory"
"58","HCGNQ","121","fall21","asynch","Female",20,"Other","Third","US","NULL","NULL","NULL","NULL","NULL","NULL",11.4038333333333,"NULL","NULL","NULL","NULL","impasse","online-replication",1.00312702003878,2.72450980392157,0.982293686705451,1.46153846153846,0,0,0,-1.5,0,8.6731,40.0296923076923,3.112,306.86,3,3,2,1,4,2,3,1,0,0,"blank",71.604,0,0.5,"Tversky",8.265,0,"Orthogonal",23.552,0,"Triangular",9.544,0,0,7.3326,0,-1.5,1.3405,"unknown",23,1,0.766666666666667,0.530042220400951,"high-memory"
"59","HUNJ8","121","fall21","asynch","Female",21,"English","Fourth","United States","NULL","NULL","NULL","NULL","NULL","NULL",8.48418333333333,"NULL","NULL","NULL","NULL","impasse","online-replication",-0.825490196078431,7.36666666666667,-0.426470588235294,0,0,0,0,-8,0,5.73885,26.487,10.215,57.243,0,8,0,0,5,0,0,5,0,0,"blank",37.785,0,0,"blank",40.226,0,"Orthogonal",18.203,0,"Orthogonal",41.496,0,0,2.21845,0,-8,3.5204,"unknown",27,1,0.9,1.07123953187321,"high-memory"
"60","K3AE8","121","fall21","asynch","Male",18,"English","First","United States of America","NULL","NULL","NULL","NULL","NULL","NULL",21.1893,"NULL","NULL","NULL","NULL","impasse","online-replication",-0.192156862745098,8,-0.426470588235294,0,0,0,0,-8,0,7.2711,33.5589230769231,3.829,93.539,0,8,0,0,5,0,0,5,0,0,"blank",46.331,0,0,"blank",93.539,0,"Orthogonal",14.899,0,"Orthogonal",25.421,0,0,4.37571666666667,0,-8,2.89538333333333,"unknown",13.2413793103448,0.827586206896552,0.533333333333333,-0.790292599828795,"low-memory"
"61","K5PDZ","111","fall21","asynch","Other",20,"English","Third","United States","NULL","NULL","NULL","NULL","NULL","NULL",8.45565,"NULL","NULL","NULL","NULL","control","online-replication",13,-0.535746606334842,8.08974358974359,0,0,13,13,13,1,4.81651666666667,22.2300769230769,8.816,46.655,13,0,0,0,0,0,0,0,1,1,"Triangular",29.374,1,1,"Triangular",19.156,1,"Triangular",33.051,1,"Triangular",21.528,5,5,1.6424,8,8,3.17411666666667,"tri-like",20.2758620689655,0.96551724137931,0.7,0.161468189312081,"low-memory"
"62","K7HM9","111","fall21","asynch","Male",18,"English","First","United States","NULL","NULL","NULL","NULL","NULL","NULL",34.0028166666667,"NULL","NULL","NULL","NULL","control","online-replication",13,-0.535746606334842,8.08974358974359,0,0,13,13,13,1,8.34025,38.4934615384615,10.886,112.274,13,0,0,0,0,0,0,0,1,1,"Triangular",112.274,1,1,"Triangular",33.797,1,"Triangular",93.326,1,"Triangular",19.969,5,5,3.33906666666667,8,8,5.00118333333333,"tri-like",18.9655172413793,0.862068965517241,0.733333333333333,-0.0158205851357281,"low-memory"
"63","K7HSV","121","fall21","asynch","Female",21,"English","Third","United Sates","NULL","NULL","NULL","NULL","NULL","NULL",9.23895,"NULL","NULL","NULL","NULL","impasse","online-replication",1.04807692307692,3.4375,1.72916666666667,-0.153846153846154,0,1,1,-1.5,0.0769230769230769,5.976,27.5815384615385,7.955,44.416,1,3,2,0,7,2,1,6,0,0,"blank",44.416,1,1,"Triangular",26.666,0,"Orthogonal",39.943,0,"blank",19.337,1,1.5,3.25923333333333,0,-3,2.71676666666667,"unknown",4.31034482758621,0.862068965517241,0.166666666666667,-1.99865556251255,"low-memory"
"64","K9UQH","121","fall21","asynch","Female",18,"Other","Second","India","NULL","NULL","NULL","NULL","NULL","NULL",33.5936333333333,"NULL","NULL","NULL","NULL","impasse","online-replication",-0.192156862745098,8,-0.426470588235294,0,0,0,0,-8,0,20.5164,94.6910769230769,21.837,243.196,0,8,0,0,5,0,0,5,0,0,"blank",70.677,0,0,"blank",179.562,0,"Orthogonal",60.394,0,"Orthogonal",100.164,0,0,10.8024666666667,0,-8,9.71393333333333,"unknown",24,1,0.8,0.665341548269017,"high-memory"
"65","KEMWH","111","fall21","asynch","Female",20,"Other","Third","Iran","NULL","NULL","NULL","NULL","NULL","NULL",8.23086666666667,"NULL","NULL","NULL","NULL","control","online-replication",0.63865815556992,9.22724358974359,-0.664350355526826,0,0,1,1,-9.5,0.0769230769230769,5.67618333333333,26.1977692307692,7.589,49.89,1,9,0,0,3,0,3,0,0,-1,"Orthogonal",14.798,1,1,"Triangular",45.835,0,"Orthogonal",32.079,0,"?",26.02,1,-3,2.39631666666667,0,-6.5,3.27986666666667,"orth-like",13.0344827586207,0.931034482758621,0.466666666666667,-0.818285564215286,"low-memory"
"66","KNH2B","111","fall21","asynch","Female",19,"English","Second","United States","NULL","NULL","NULL","NULL","NULL","NULL",15.5118666666667,"NULL","NULL","NULL","NULL","control","online-replication",-0.514750935339171,13,-0.146250808015514,0,0,0,0,-13,0,7.89425,36.435,7.078,74.212,0,13,0,0,0,0,0,0,0,-1,"Orthogonal",11.377,0,-1,"Orthogonal",74.212,0,"Orthogonal",19.578,0,"Orthogonal",63.735,0,-5,2.77843333333333,0,-8,5.11581666666667,"orth-like",30,1,1,1.47713751547741,"high-memory"
"67","KPZTN","121","fall21","asynch","Female",21,"English","Fourth","China","NULL","NULL","NULL","NULL","NULL","NULL",5.30746666666667,"NULL","NULL","NULL","NULL","impasse","online-replication",1.99639625080802,2.41200980392157,1.05472958414135,0.692307692307692,0,2,2,-3,0.153846153846154,3.08838333333333,14.2540769230769,4.059,37.427,3,3,1,1,5,1,5,0,0,-1,"Satisfice",37.427,1,1,"Triangular",24.347,0,"Orthogonal",15.12,1,"Triangular",7.385,1,-0.5,1.53326666666667,1,-2.5,1.55511666666667,"orth-like",8.37931034482759,0.931034482758621,0.3,-1.44812726291145,"low-memory"
"68","KT7ZF","121","fall21","asynch","Female",30,"Other","Fourth","Somalia","NULL","NULL","NULL","NULL","NULL","NULL",10.7872,"NULL","NULL","NULL","NULL","impasse","online-replication",0.319545895281189,3.0906862745098,0.383373734109028,2.03846153846154,0,0,0,-5,0,6.42536666666667,29.6555384615385,8.399,118.577,3,5,1,3,1,1,1,0,0,-1,"Satisfice",37.974,0,1,"Triangular",17.033,0,"Orthogonal",39.976,0,"Triangular",17.13,0,-2.5,2.0615,0,-2.5,4.36386666666667,"orth-like",2.06896551724138,0.517241379310345,0.133333333333333,-2.30191267669959,"low-memory"
"69","KXRFL","111","fall21","asynch","Male",21,"English","Fourth","United States of America","NULL","NULL","NULL","NULL","NULL","NULL",17.2675833333333,"NULL","NULL","NULL","NULL","control","online-replication",0.933301012712777,10.2564102564103,-0.366031027795734,0,0,1,1,-10,0.0769230769230769,10.1794166666667,46.9819230769231,12.459,87.451,1,10,0,0,2,0,2,0,0,-1,"Orthogonal",12.459,1,1,"Triangular",49.605,0,"Orthogonal",30.824,0,"Orthogonal",87.451,1,-2,3.4933,0,-8,6.68611666666667,"orth-like",17.6896551724138,0.931034482758621,0.633333333333333,-0.188443865519119,"low-memory"
"70","LNVKO","111","fall21","asynch","Male",20,"English","Third","USA","NULL","NULL","NULL","NULL","NULL","NULL",8.52238333333333,"NULL","NULL","NULL","NULL","control","online-replication",13,-0.535746606334842,8.08974358974359,0,0,13,13,13,1,3.8638,17.8329230769231,8.028,49.893,13,0,0,0,0,0,0,0,1,1,"Triangular",24.45,1,1,"Triangular",14.406,1,"Triangular",28.034,1,"Triangular",13.428,5,5,1.35276666666667,8,8,2.51103333333333,"tri-like",23.1724137931034,0.96551724137931,0.8,0.553369690723025,"high-memory"
"71","LPY8N","111","fall21","asynch","Female",19,"English","Second","United States","NULL","NULL","NULL","NULL","NULL","NULL",10.41,"NULL","NULL","NULL","NULL","control","online-replication",-1.08141760200584,12.4333333333333,-0.146250808015514,0,0,0,0,-13,0,6.89741666666667,31.8342307692308,5.64,98.198,0,13,0,0,0,0,0,0,0,-1,"Orthogonal",20.672,0,-1,"Orthogonal",98.198,0,"Orthogonal",16.072,0,"Orthogonal",28.24,0,-5,3.5505,0,-8,3.34691666666667,"orth-like",26.0689655172414,0.931034482758621,0.933333333333333,0.945271192133982,"high-memory"
"72","LS93R","121","fall21","asynch","Female",21,"Other","Fourth","usa","NULL","NULL","NULL","NULL","NULL","NULL",6.09273333333333,"NULL","NULL","NULL","NULL","impasse","online-replication",-0.910531135531136,4.5,1.35805860805861,0.0384615384615384,0,0,0,-5.5,0,3.88786666666667,17.944,1.477,32.565,0,5,2,1,5,2,1,4,0,0,"blank",18.227,0,-0.5,"?",23.867,0,"Orthogonal",29.551,0,"blank",1.477,0,-0.5,1.7992,0,-5,2.08866666666667,"unknown",9.48275862068966,0.862068965517241,0.366666666666667,-1.29883145285014,"low-memory"
"73","M9WY5","111","fall21","asynch","Female",20,"English","Third","USA","NULL","NULL","NULL","NULL","NULL","NULL",16.5263166666667,"NULL","NULL","NULL","NULL","control","online-replication",0.485249064660829,11.8461538461538,-0.800096961861668,0,0,0,0,-11,0,12.44285,57.4285384615385,7.497,218.599,1,12,0,0,0,0,0,0,0,-1,"Orthogonal",24.01,0,1,"Triangular",107.023,0,"Orthogonal",13.27,0,"Orthogonal",92.233,0,-3,4.1817,0,-8,8.26115,"orth-like",11.6551724137931,0.896551724137931,0.433333333333333,-1.00490532679193,"low-memory"
"74","MAJW8","121","fall21","asynch","Female",19,"English","Second","US","NULL","NULL","NULL","NULL","NULL","NULL",9.459,"NULL","NULL","NULL","NULL","impasse","online-replication",13,-0.208823529411765,7.50641025641026,0.697802197802198,0,13,13,13,1,5.66403333333333,26.1416923076923,7.551,136.302,13,0,0,0,0,0,0,0,1,1,"Triangular",52.894,1,1,"Triangular",13.307,1,"Triangular",28.496,1,"Triangular",17.261,5,5,1.66705,8,8,3.99698333333333,"tri-like",27.0344827586207,0.96551724137931,0.933333333333333,1.07590502593763,"high-memory"
"75","MM806","121","fall21","asynch","Female",18,"English","First","USA","NULL","NULL","NULL","NULL","NULL","NULL",7.72316666666667,"NULL","NULL","NULL","NULL","impasse","online-replication",-0.399332040508511,7.37450980392157,-0.640056022408964,0.423076923076923,0,0,0,-9,0,5.17845,23.9005384615385,4.772,86.963,0,7,0,1,5,0,2,3,0,0,"blank",86.963,0,-0.5,"?",42.929,0,"Orthogonal",12.688,0,"Orthogonal",27.943,0,-1.5,3.24711666666667,0,-7.5,1.93133333333333,"unknown",24.1379310344828,0.96551724137931,0.833333333333333,0.684003524526687,"high-memory"
"76","N34B6","111","fall21","asynch","Female",20,"English","Third","usa","NULL","NULL","NULL","NULL","NULL","NULL",14.21545,"NULL","NULL","NULL","NULL","control","online-replication",12.9333333333333,-0.602413273001508,8.08974358974359,0,0,12,12,13,0.923076923076923,8.69906666666667,40.1495384615385,8.048,138.925,13,0,0,0,0,0,0,0,1,1,"Triangular",138.925,1,1,"Triangular",13.364,1,"Triangular",48.353,1,"Triangular",11.763,5,5,5.007,7,8,3.69206666666667,"tri-like",21.2413793103448,0.96551724137931,0.733333333333333,0.292102023115729,"high-memory"
"77","N36VM","121","fall21","asynch","Female",20,"English","Third","United States","NULL","NULL","NULL","NULL","NULL","NULL",13.7385666666667,"NULL","NULL","NULL","NULL","impasse","online-replication",-1.3412734324499,5.7453431372549,-0.365330747683689,1.69230769230769,0,0,0,-10,0,9.5086,43.8858461538462,6.717,134.616,0,7,1,2,3,1,3,0,0,-1,"Satisfice",37.988,0,0.5,"Tversky",47.77,0,"Orthogonal",18.975,0,"Orthogonal",46.579,0,-2.5,3.24401666666667,0,-7.5,6.26458333333333,"orth-like",19.7241379310345,0.896551724137931,0.733333333333333,0.0868202842814291,"low-memory"
"78","N5NRY","111","fall21","asynch","Female",21,"English","Fourth","United States","NULL","NULL","NULL","NULL","NULL","NULL",11.3245833333333,"NULL","NULL","NULL","NULL","control","online-replication",10.5730769230769,2.43092006033183,6.44139194139194,0,0,10,10,7.5,0.769230769230769,5.72461666666667,26.4213076923077,8.162,85.281,10,2,0,0,1,0,1,0,0,-1,"Orthogonal",85.281,1,1,"Triangular",17.371,1,"Triangular",47.224,1,"Triangular",12.613,3,1,2.92035,7,6.5,2.80426666666667,"orth-like",24.1379310344828,0.96551724137931,0.833333333333333,0.684003524526687,"high-memory"
"79","N8PCJ","121","fall21","asynch","Other",20,"Spanish","Third","The United States","NULL","NULL","NULL","NULL","NULL","NULL",28.4551333333333,"NULL","NULL","NULL","NULL","impasse","online-replication",-0.325673346261582,6.36666666666667,0.115653953889248,2.15384615384615,0,0,0,-10,0,22.2285833333333,102.593461538462,5.757,339.354,0,7,1,2,3,1,3,0,0,-1,"Satisfice",96.4,0,0.5,"Tversky",339.354,0,"Orthogonal",72.432,0,"Orthogonal",28.699,0,-2.5,12.96385,0,-7.5,9.26473333333333,"orth-like",6.62068965517241,0.827586206896552,0.266666666666667,-1.68606746019667,"low-memory"
"80","NH0FO","121","fall21","asynch","Female",21,"English","Fourth","USA","NULL","NULL","NULL","NULL","NULL","NULL",10.7888,"NULL","NULL","NULL","NULL","impasse","online-replication",13,-0.208823529411765,7.50641025641026,0.697802197802198,0,13,13,13,1,6.48951666666667,29.9516153846154,8.615,146.88,13,0,0,0,0,0,0,0,1,1,"Triangular",146.88,1,1,"Triangular",27.607,1,"Triangular",33.467,1,"Triangular",24.373,5,5,3.74905,8,8,2.74046666666667,"tri-like",27.9310344827586,0.931034482758621,1,1.19720787161244,"high-memory"
"81","NV47T","121","fall21","asynch","Male",21,"English","Fourth","US","NULL","NULL","NULL","NULL","NULL","NULL",17.5563166666667,"NULL","NULL","NULL","NULL","impasse","online-replication",0.387082525317819,6.82352941176471,-0.924154277095454,4,0,1,1,-9.5,0.0769230769230769,13.2602666666667,61.2012307692308,9.074,159.148,1,7,0,3,2,0,1,1,0,-1,"Satisfice",47.78,0,-1,"Satisfice",67.887,0,"Orthogonal",37.721,0,"Orthogonal",99.708,1,-2,5.01413333333333,0,-7.5,8.24613333333333,"orth-like",28,1,0.933333333333333,1.20653885974128,"high-memory"
"82","OE3DT","121","fall21","asynch","Female",20,"English","Third","USA","NULL","NULL","NULL","NULL","NULL","NULL",14.4448166666667,"NULL","NULL","NULL","NULL","impasse","online-replication",7.48663003663004,-0.775490196078431,7.51190476190476,-0.461538461538462,0,8,8,9,0.615384615384615,8.19436666666667,37.8201538461539,7.093,103.757,8,0,3,0,2,3,1,1,0,0,"blank",43.03,1,1,"Triangular",44.43,1,"Triangular",18.26,1,"Triangular",26.006,1,2.5,4.07006666666667,7,6.5,4.1243,"unknown",12,1,0.4,-0.958250386147769,"low-memory"
"83","OFOB1","111","fall21","asynch","Female",18,"English","First","USA","NULL","NULL","NULL","NULL","NULL","NULL",12.4905,"NULL","NULL","NULL","NULL","control","online-replication",4.18990592740593,3.63700980392157,2.59271978021978,0,0,5,5,-1,0.384615384615385,7.32465,33.8060769230769,10.208,80.54,5,4,0,0,4,0,4,0,0,-0.5,"?",13.885,0,-1,"Orthogonal",53.452,0,"Orthogonal",21.576,1,"Triangular",16.044,0,-3.5,3.61386666666667,5,2.5,3.71078333333333,"unknown",11,1,0.366666666666667,-1.09354971401583,"low-memory"
"84","OHLRP","111","fall21","asynch","Female",24,"English","Third","us","NULL","NULL","NULL","NULL","NULL","NULL",8.16703333333333,"NULL","NULL","NULL","NULL","control","online-replication",-0.78489133415604,-0.146493212669683,2.14040616246499,0,0,0,0,-1,0,5.42428333333333,25.0351538461538,2.27,112.682,1,1,3,0,8,3,5,3,0,-0.5,"?",18.466,0,-0.5,"?",14.684,0,"Triangular",36.519,0,"?",15.972,0,0,1.17188333333333,0,-1,4.2524,"unknown",21,1,0.7,0.25944356466482,"high-memory"
"85","OUCFL","121","fall21","asynch","Female",21,"English","Fourth","United States\nUnited States","NULL","NULL","NULL","NULL","NULL","NULL",10.9448833333333,"NULL","NULL","NULL","NULL","impasse","online-replication",8.14587912087912,-0.208823529411765,6.38348416289593,0.241758241758242,0,5,5,6.5,0.384615384615385,7.24341666666667,33.4311538461538,14.251,57.815,7,1,3,0,2,3,2,0,0,0.5,"Tversky",27.662,0,1,"Triangular",32.402,1,"Triangular",45.093,0,"Orthogonal",28.629,1,4,3.23151666666667,4,2.5,4.0119,"tri-like",7,1,0.233333333333333,-1.6347470254881,"low-memory"
"86","P83KE","121","fall21","asynch","Female",21,"English","Fourth","United States of America","NULL","NULL","NULL","NULL","NULL","NULL",13.0009,"NULL","NULL","NULL","NULL","impasse","online-replication",-0.129656862745098,7,-0.363970588235294,0,1,0,0,-7,0,9.68846666666667,44.716,10.322,136.231,0,7,0,0,6,0,0,6,0,0,"blank",27.376,0,0,"reference",136.231,0,"Orthogonal",25.167,0,"Orthogonal",44.826,0,0,5.10706666666667,0,-7,4.5814,"unknown",18.8275862068966,0.896551724137931,0.7,-0.0344825613933841,"low-memory"
"87","PFFEV","111","fall21","asynch","Female",19,"Other","Third","France","NULL","NULL","NULL","NULL","NULL","NULL",17.2959333333333,"NULL","NULL","NULL","NULL","control","online-replication",-0.535584268672504,11.4,0.187082525317819,0,0,0,0,-12.5,0,12.6217666666667,58.2543076923077,13.526,140.712,0,12,0,0,1,0,1,0,0,-1,"Orthogonal",35.324,0,-1,"Orthogonal",101.336,0,"Orthogonal",20.306,0,"Orthogonal",59.076,0,-4.5,5.31195,0,-8,7.30981666666667,"orth-like",21,1,0.7,0.25944356466482,"high-memory"
"88","PJYUH","121","fall21","asynch","Female",20,"English","Fourth","United States of America","NULL","NULL","NULL","NULL","NULL","NULL",10.5829,"NULL","NULL","NULL","NULL","impasse","online-replication",13,-0.208823529411765,7.50641025641026,0.697802197802198,0,13,13,13,1,5.34073333333333,24.6495384615385,5.506,73.081,13,0,0,0,0,0,0,0,1,1,"Triangular",69.582,1,1,"Triangular",11.915,1,"Triangular",40.154,1,"Triangular",10.883,5,5,2.24071666666667,8,8,3.10001666666667,"tri-like",27,1,0.9,1.07123953187321,"high-memory"
"89","PQA54","111","fall21","asynch","Female",21,"Spanish","Fourth","United States","NULL","NULL","NULL","NULL","NULL","NULL",15.4638333333333,"NULL","NULL","NULL","NULL","control","online-replication",-0.598084268672504,10.8230769230769,-0.389840551605257,0,0,0,0,-12,0,9.82163333333333,45.3306153846154,19.278,189.458,0,11,0,0,2,0,2,0,0,-1,"Orthogonal",19.278,0,-0.5,"?",189.458,0,"Orthogonal",21.292,0,"Orthogonal",50.864,0,-4,5.66786666666667,0,-8,4.15376666666667,"orth-like",20.2758620689655,0.96551724137931,0.7,0.161468189312081,"low-memory"
"90","PRA08","121","fall21","asynch","Male",20,"English","Third","U.S","NULL","NULL","NULL","NULL","NULL","NULL",12.0215666666667,"NULL","NULL","NULL","NULL","impasse","online-replication",-0.263585434173669,6.9375,-0.497899159663866,0.5,1,0,0,-8.5,0,5.7431,26.5066153846154,5.762,66.385,0,7,0,1,5,0,1,4,0,0,"blank",23.744,0,0,"blank",41.398,0,"Orthogonal",17.223,0,"Orthogonal",45.977,0,-1,2.27428333333333,0,-7.5,3.46881666666667,"unknown",19.8275862068966,0.862068965517241,0.766666666666667,0.100816766474681,"low-memory"
"91","PY424","111","fall21","asynch","Female",20,"English","Third","united states of america","NULL","NULL","NULL","NULL","NULL","NULL",12.0660166666667,"NULL","NULL","NULL","NULL","control","online-replication",0.492824822236587,10.8230769230769,-0.389840551605257,0,0,1,1,-10.5,0.0769230769230769,6.39525,29.5165384615385,6.234,94.926,1,11,0,0,1,0,1,0,0,-1,"Orthogonal",25.508,1,1,"Triangular",24.851,0,"Orthogonal",17.754,0,"Orthogonal",42.149,1,-2.5,2.86743333333333,0,-8,3.52781666666667,"orth-like",17.3793103448276,0.96551724137931,0.6,-0.230433312098863,"low-memory"
"92","Q7A44","121","fall21","asynch","Male",21,"English","Third","United States of America","NULL","NULL","NULL","NULL","NULL","NULL",16.3914166666667,"NULL","NULL","NULL","NULL","impasse","online-replication",13,-0.208823529411765,7.50641025641026,0.697802197802198,0,13,13,13,1,4.16826666666667,19.2381538461538,5.28,86.642,13,0,0,0,0,0,0,0,1,1,"Triangular",86.642,1,1,"Triangular",16.058,1,"Triangular",23.34,1,"Triangular",8.924,5,5,2.09361666666667,8,8,2.07465,"tri-like",27.9310344827586,0.931034482758621,1,1.19720787161244,"high-memory"
"93","QADB9","111","fall21","asynch","Female",18,"Other","First","Philippines","NULL","NULL","NULL","NULL","NULL","NULL",19.4511666666667,"NULL","NULL","NULL","NULL","control","online-replication",-0.586179506767742,9.68974358974359,-0.717679379444085,0,0,0,0,-11.5,0,11.9460166666667,55.1354615384615,9.039,204.844,0,10,0,0,3,0,3,0,0,-1,"Orthogonal",204.844,0,-0.5,"?",111.53,0,"Orthogonal",19.671,0,"Orthogonal",24.423,0,-4,6.16303333333333,0,-7.5,5.78298333333333,"orth-like",11.1724137931034,0.931034482758621,0.4,-1.07022224369376,"low-memory"
"94","QNNZZ","121","fall21","asynch","Male",20,"Mandarin or Cantonese","Third","Hong Kong","NULL","NULL","NULL","NULL","NULL","NULL",14.3799666666667,"NULL","NULL","NULL","NULL","impasse","online-replication",1.42872225813402,8,2.84825468648998,-0.532967032967033,0,2,2,-5.5,0.153846153846154,10.77485,49.7300769230769,8.807,211.931,2,8,2,0,1,2,1,0,1,1,"Triangular",69.552,0,0.5,"Tversky",211.931,0,"Orthogonal",16.262,0,"Orthogonal",18.302,2,2.5,7.3953,0,-8,3.37955,"tri-like",27.0344827586207,0.96551724137931,0.933333333333333,1.07590502593763,"high-memory"
"95","QOR74","121","fall21","asynch","Male",18,"English","First","India\nIndia","NULL","NULL","NULL","NULL","NULL","NULL",12.5671666666667,"NULL","NULL","NULL","NULL","impasse","online-replication",0.56590174531351,6.4375,2.39793417366947,1.76923076923077,1,1,1,-6.5,0.0769230769230769,9.29138333333333,42.8833076923077,7.517,78.765,1,6,2,2,2,2,1,1,0,-1,"Satisfice",11.62,0,-1,"Satisfice",27.431,0,"Orthogonal",25.036,0,"Orthogonal",63.912,1,-0.5,4.39275,0,-6,4.89863333333333,"orth-like",20,1,0.666666666666667,0.124144236796755,"low-memory"
"96","QVWU9","121","fall21","asynch","Female",21,"English","Fourth","US","NULL","NULL","NULL","NULL","NULL","NULL",6.38293333333333,"NULL","NULL","NULL","NULL","impasse","online-replication",-0.270375457875458,1.28333333333333,1.25231631113984,1.69230769230769,0,1,1,-4,0.0769230769230769,3.56695,16.4628461538462,1.907,28.135,1,2,2,2,6,2,4,2,0,-1,"Satisfice",15.477,1,1,"Triangular",25.692,0,"blank",1.907,0,"?",25.535,1,-1,1.70428333333333,0,-3,1.86266666666667,"orth-like",19.7241379310345,0.896551724137931,0.733333333333333,0.0868202842814291,"low-memory"
"97","QXNXR","121","fall21","asynch","Female",19,"English","Second","United States","NULL","NULL","NULL","NULL","NULL","NULL",14.4391666666667,"NULL","NULL","NULL","NULL","impasse","online-replication",13,-0.208823529411765,7.50641025641026,0.697802197802198,0,13,13,13,1,7.62888333333333,35.2102307692308,11.064,125.686,13,0,0,0,0,0,0,0,1,1,"Triangular",74.267,1,1,"Triangular",27.282,1,"Triangular",45.635,1,"Triangular",33.337,5,5,2.75031666666667,8,8,4.87856666666667,"tri-like",26,1,0.866666666666667,0.935940204005148,"high-memory"
"98","S0WU7","121","fall21","asynch","Female",22,"English","Fifth","USA","NULL","NULL","NULL","NULL","NULL","NULL",14.7344,"NULL","NULL","NULL","NULL","impasse","online-replication",8.94615384615385,0.157843137254902,7.08974358974359,1.6978021978022,0,9,9,7.5,0.692307692307692,9.9158,45.7652307692308,6.924,128.716,10,1,0,1,1,0,1,0,1,1,"Triangular",56.54,0,-1,"Satisfice",122.627,1,"Triangular",47.439,0,"Triangular",55.961,4,3,5.83173333333333,5,4.5,4.08406666666667,"tri-like",21.5172413793103,0.827586206896552,0.866666666666667,0.329425975631055,"high-memory"
"99","S8NY4","111","fall21","asynch","Male",22,"Other","Fourth","China","NULL","NULL","NULL","NULL","NULL","NULL",10.8955333333333,"NULL","NULL","NULL","NULL","control","online-replication",0.38865815556992,7.98974358974359,0.639221073044602,0,0,1,1,-8.5,0.0769230769230769,7.66623333333333,35.3826153846154,12.135,95.332,1,9,1,0,2,1,2,0,0,-1,"Orthogonal",44.561,1,1,"Triangular",20.084,0,"Orthogonal",27.449,0,"?",47.97,1,-1.5,2.34398333333333,0,-7,5.32225,"orth-like",19.551724137931,0.931034482758621,0.7,0.0634928139593416,"low-memory"
"100","SG6TQ","111","fall21","asynch","Male",21,"Other","Third","Vietnam","NULL","NULL","NULL","NULL","NULL","NULL",10.1454666666667,"NULL","NULL","NULL","NULL","control","online-replication",1.04699148890325,4.77724358974359,1.45697317388494,0,0,2,2,-5.5,0.153846153846154,7.73601666666667,35.7046923076923,8.324,110.789,2,6,1,0,4,1,4,0,0,-1,"Orthogonal",62.578,1,1,"Triangular",13.317,0,"Orthogonal",27.307,1,"Triangular",13.809,1,-2,2.98015,1,-3.5,4.75586666666667,"orth-like",23.1724137931034,0.96551724137931,0.8,0.553369690723025,"high-memory"
"101","SGTQJ","111","fall21","asynch","Female",20,"English","Third","USA","NULL","NULL","NULL","NULL","NULL","NULL",7.77763333333333,"NULL","NULL","NULL","NULL","control","online-replication",-0.514750935339171,13,-0.146250808015514,0,0,0,0,-13,0,5.53008333333333,25.5234615384615,3.292,63.989,0,13,0,0,0,0,0,0,0,-1,"Orthogonal",54.902,0,-1,"Orthogonal",32.095,0,"Orthogonal",9.352,0,"Orthogonal",27.96,0,-5,2.2267,0,-8,3.30338333333333,"orth-like",26,0.896551724137931,0.966666666666667,0.935940204005148,"high-memory"
"102","STJP3","111","fall21","asynch","Male",21,"English","Fourth","USA","NULL","NULL","NULL","NULL","NULL","NULL",9.24343333333333,"NULL","NULL","NULL","NULL","control","online-replication",-0.514750935339171,13,-0.146250808015514,0,0,0,0,-13,0,6.46876666666667,29.8558461538462,5.435,90.977,0,13,0,0,0,0,0,0,0,-1,"Orthogonal",32.404,0,-1,"Orthogonal",90.977,0,"Orthogonal",16.137,0,"Orthogonal",36.316,0,-5,3.37258333333333,0,-8,3.09618333333333,"orth-like",18.3448275862069,0.96551724137931,0.633333333333333,-0.099799478295215,"low-memory"
"103","SV1K5","111","fall21","asynch","Male",21,"English","Third","United States","NULL","NULL","NULL","NULL","NULL","NULL",9.34288333333333,"NULL","NULL","NULL","NULL","control","online-replication",-0.514750935339171,13,-0.146250808015514,0,0,0,0,-13,0,6.55046666666667,30.2329230769231,10.337,72.391,0,13,0,0,0,0,0,0,0,-1,"Orthogonal",14.688,0,-1,"Orthogonal",53.012,0,"Orthogonal",36.954,0,"Orthogonal",41.152,0,-5,2.32955,0,-8,4.22091666666667,"orth-like",30,1,1,1.47713751547741,"high-memory"
"104","TBQB2","121","fall21","asynch","Male",20,"English","Third","United States of America","NULL","NULL","NULL","NULL","NULL","NULL",7.39743333333333,"NULL","NULL","NULL","NULL","impasse","online-replication",11,-0.208823529411765,5.50641025641026,0.846153846153846,1,8,11,11,0.846153846153846,3.71255,17.1348461538462,5.919,44.792,11,0,0,0,2,0,0,2,0,0,"blank",38.943,1,1,"Triangular",18.069,1,"Triangular",13.506,1,"Triangular",6.609,3,3,2.19066666666667,8,8,1.52188333333333,"unknown",23.2758620689655,0.862068965517241,0.9,0.567366172916277,"high-memory"
"105","TD0NU","111","fall21","asynch","Female",21,"English","Fourth","United States","NULL","NULL","NULL","NULL","NULL","NULL",9.74518333333333,"NULL","NULL","NULL","NULL","control","online-replication",-0.452250935339171,11.4230769230769,-0.664350355526826,0,0,0,0,-12.5,0,6.34816666666667,29.2992307692308,5.295,58.943,0,12,0,0,1,0,1,0,0,-1,"Orthogonal",25.579,0,-0.5,"?",58.943,0,"Orthogonal",16.887,0,"Orthogonal",37.96,0,-4.5,2.73041666666667,0,-8,3.61775,"orth-like",25.1379310344828,0.931034482758621,0.9,0.819302852394752,"high-memory"
"106","U820R","111","fall21","asynch","Female",20,"English","Third","USA","NULL","NULL","NULL","NULL","NULL","NULL",13.89985,"NULL","NULL","NULL","NULL","control","online-replication",-0.581417602005837,10.7897435897436,-0.723173884938591,0,0,0,0,-12,0,10.6979833333333,49.3753076923077,6.942,196.651,0,11,0,0,2,0,2,0,0,-1,"Orthogonal",18.22,0,-0.5,"?",196.651,0,"Orthogonal",24.05,0,"Orthogonal",40.486,0,-4.5,5.3165,0,-7.5,5.38148333333333,"orth-like",10.6206896551724,0.96551724137931,0.366666666666667,-1.14487014872441,"low-memory"
"107","UH8DS","121","fall21","asynch","Female",20,"English","Third","U.S","NULL","NULL","NULL","NULL","NULL","NULL",9.41911666666667,"NULL","NULL","NULL","NULL","impasse","online-replication",-0.263585434173669,8,-0.497899159663866,0.5,0,0,0,-9,0,7.61445,35.1436153846154,7.185,66.966,0,8,0,1,4,0,0,4,0,0,"blank",32.952,0,0,"blank",66.966,0,"Orthogonal",13.388,0,"Orthogonal",46.371,0,-1,3.34345,0,-8,4.271,"unknown",23.1724137931034,0.96551724137931,0.8,0.553369690723025,"high-memory"
"108","UN6MT","111","fall21","asynch","Male",21,"English","Third","United States of America","NULL","NULL","NULL","NULL","NULL","NULL",10.73695,"NULL","NULL","NULL","NULL","control","online-replication",-0.514750935339171,13,-0.146250808015514,0,0,0,0,-13,0,6.48341666666667,29.9234615384615,10.888,77.237,0,13,0,0,0,0,0,0,0,-1,"Orthogonal",16.793,0,-1,"Orthogonal",77.237,0,"Orthogonal",20.101,0,"Orthogonal",28.597,0,-5,2.93508333333333,0,-8,3.54833333333333,"orth-like",19.551724137931,0.931034482758621,0.7,0.0634928139593416,"low-memory"
"109","UO0XA","121","fall21","asynch","Male",19,"Mandarin or Cantonese","First","Japan","NULL","NULL","NULL","NULL","NULL","NULL",9.00578333333333,"NULL","NULL","NULL","NULL","impasse","online-replication",1.65949148890325,7.94117647058824,0.341844430079724,-0.230769230769231,0,1,1,-7.5,0.0769230769230769,6.64458333333333,30.6673076923077,6.887,60.088,1,7,0,0,5,0,3,2,0,0,"blank",15.705,1,1,"Triangular",45.308,0,"Orthogonal",19.585,0,"Orthogonal",60.088,1,0,2.3114,0,-7.5,4.33318333333333,"unknown",23.1724137931034,0.96551724137931,0.8,0.553369690723025,"high-memory"
"110","UQTQ6","111","fall21","asynch","Female",21,"English","Fourth","USA","NULL","NULL","NULL","NULL","NULL","NULL",9.58145,"NULL","NULL","NULL","NULL","control","online-replication",-0.518917602005837,11.3666666666667,-0.0874272786037492,0,0,0,0,-12.5,0,7.38095,34.0659230769231,9.649,67.892,0,12,0,0,1,0,1,0,0,-1,"Orthogonal",49.661,0,-1,"Orthogonal",67.892,0,"Orthogonal",26.966,0,"Orthogonal",30.934,0,-5,3.35213333333333,0,-7.5,4.02881666666667,"orth-like",26,1,0.866666666666667,0.935940204005148,"high-memory"
"111","VP6G3","121","fall21","asynch","Male",21,"Mandarin or Cantonese","Fourth","China","NULL","NULL","NULL","NULL","NULL","NULL",6.65241666666667,"NULL","NULL","NULL","NULL","impasse","online-replication",0.320415858651153,4.06102941176471,1.90973389355742,0.692307692307692,0,1,1,-6,0.0769230769230769,4.22636666666667,19.5063076923077,7.539,44.035,1,5,2,1,4,2,4,0,0,-1,"Satisfice",7.941,1,1,"Triangular",44.035,0,"Orthogonal",20.181,0,"Orthogonal",24.137,1,0.5,1.41385,0,-6.5,2.81251666666667,"orth-like",4.82758620689655,0.96551724137931,0.166666666666667,-1.92867315154631,"low-memory"
"112","VRHYF","111","fall21","asynch","Male",19,"English","Second","United States of America","NULL","NULL","NULL","NULL","NULL","NULL",5.3667,"NULL","NULL","NULL","NULL","control","online-replication",-0.514750935339171,13,-0.146250808015514,0,0,0,0,-13,0,3.82626666666667,17.6596923076923,4.836,61.103,0,13,0,0,0,0,0,0,0,-1,"Orthogonal",4.836,0,-1,"Orthogonal",61.103,0,"Orthogonal",10.126,0,"Orthogonal",16.473,0,-5,1.87243333333333,0,-8,1.95383333333333,"orth-like",25,1,0.833333333333333,0.800640876137082,"high-memory"
"113","W8QQ3","121","fall21","asynch","Female",18,"English","First","United States","NULL","NULL","NULL","NULL","NULL","NULL",7.02868333333333,"NULL","NULL","NULL","NULL","impasse","online-replication",13,-0.208823529411765,7.50641025641026,0.697802197802198,0,13,13,13,1,4.19916666666667,19.3807692307692,7.991,56.379,13,0,0,0,0,0,0,0,1,1,"Triangular",40.306,1,1,"Triangular",26.364,1,"Triangular",24.778,1,"Triangular",13.413,5,5,1.67538333333333,8,8,2.52378333333333,"tri-like",26,0.896551724137931,0.966666666666667,0.935940204005148,"high-memory"
"114","WB4HC","111","fall21","asynch","Male",18,"Mandarin or Cantonese","First","United States","NULL","NULL","NULL","NULL","NULL","NULL",20.8847333333333,"NULL","NULL","NULL","NULL","control","online-replication",0.0852490646608294,11.4666666666667,-0.146250808015514,0,0,0,0,-12.5,0,17.6285,81.3623076923077,6.716,361.601,0,12,0,0,1,0,1,0,0,-1,"Orthogonal",22.353,0,-1,"Orthogonal",141.905,0,"Orthogonal",31.816,0,"Orthogonal",206.243,0,-5,5.07653333333333,0,-7.5,12.5519666666667,"orth-like",22.3448275862069,0.931034482758621,0.8,0.441397833177047,"high-memory"
"115","WRHPM","121","fall21","asynch","Male",22,"English","Fourth","USA","NULL","NULL","NULL","NULL","NULL","NULL",7.805,"NULL","NULL","NULL","NULL","impasse","online-replication",11.8666666666667,-0.279656862745098,6.50641025641026,0.697802197802198,0,11,11,12,0.846153846153846,3.83853333333333,17.7163076923077,6.399,63.218,12,0,0,0,1,0,0,1,1,1,"Triangular",63.218,1,1,"Triangular",10.43,1,"Triangular",24.791,1,"Triangular",10.841,5,5,1.6418,6,7,2.19673333333333,"tri-like",14.8965517241379,0.931034482758621,0.533333333333333,-0.566348884736825,"low-memory"
"116","WWMDF","111","fall21","asynch","Male",25,"English","Third","\nUnited States","NULL","NULL","NULL","NULL","NULL","NULL",13.97255,"NULL","NULL","NULL","NULL","control","online-replication",-0.514750935339171,13,-0.146250808015514,0,0,0,0,-13,0,8.08678333333333,37.3236153846154,11.497,115.158,0,13,0,0,0,0,0,0,0,-1,"Orthogonal",20.634,0,-1,"Orthogonal",115.158,0,"Orthogonal",19.612,0,"Orthogonal",46.472,0,-5,3.50508333333333,0,-8,4.5817,"orth-like",18.8275862068966,0.896551724137931,0.7,-0.0344825613933841,"low-memory"
"117","WYZCU","111","fall21","asynch","Male",31,"Other","Fourth","United States","NULL","NULL","NULL","NULL","NULL","NULL",8.0204,"NULL","NULL","NULL","NULL","control","online-replication",1.54639625080802,7.46057692307692,0.323044602456367,0,0,2,2,-7.5,0.153846153846154,4.24473333333333,19.5910769230769,3.883,59.829,2,8,0,0,3,0,3,0,0,-1,"Orthogonal",19.882,1,1,"Triangular",9.825,0,"Orthogonal",17.387,1,"Triangular",16.019,1,-2,1.11155,1,-5.5,3.13318333333333,"orth-like",26.0689655172414,0.96551724137931,0.9,0.945271192133982,"high-memory"
"118","X8P7E","111","fall21","asynch","Male",20,"English","Third","USA","NULL","NULL","NULL","NULL","NULL","NULL",8.35585,"NULL","NULL","NULL","NULL","control","online-replication",0.710086726998492,9.92307692307692,-0.589245313510019,0,0,1,1,-9,0.0769230769230769,5.86028333333333,27.0474615384615,7.483,56.461,1,10,0,0,2,0,0,2,0,-1,"Orthogonal",14.227,1,1,"Triangular",29.618,0,"Orthogonal",30.509,0,"Orthogonal",52.607,1,-2,1.32518333333333,0,-7,4.5351,"orth-like",13,1,0.433333333333333,-0.822951058279703,"low-memory"
"119","XCK4Q","111","fall21","asynch","Female",21,"English","Fourth","US","NULL","NULL","NULL","NULL","NULL","NULL",8.58988333333333,"NULL","NULL","NULL","NULL","control","online-replication",0.768910256410256,8.29391025641026,-0.537774725274725,0,0,1,1,-7.5,0.0769230769230769,5.73055,26.4486923076923,5.252,52.292,1,8,0,0,4,0,1,3,0,-1,"Orthogonal",24.894,1,1,"Triangular",39.577,0,"Orthogonal",30.45,0,"blank",31.868,1,-2,2.28588333333333,0,-5.5,3.44466666666667,"orth-like",13.9655172413793,0.931034482758621,0.5,-0.692317224476055,"low-memory"
"120","XG38D","111","fall21","asynch","Female",20,"English","Third","United States","NULL","NULL","NULL","NULL","NULL","NULL",10.69075,"NULL","NULL","NULL","NULL","control","online-replication",-0.393427405927406,10.4375,-0.0286037491919845,0,0,0,0,-11.5,0,6.94008333333333,32.0311538461538,6.691,78.49,0,11,0,0,2,0,1,1,0,-1,"Orthogonal",8.605,0,-1,"Orthogonal",78.49,0,"Orthogonal",26.791,0,"Orthogonal",63.181,0,-5,3.20811666666667,0,-6.5,3.73196666666667,"orth-like",21.4137931034483,0.931034482758621,0.766666666666667,0.315429493437816,"high-memory"
"121","XKX1V","121","fall21","asynch","Female",22,"English","Fourth","Philippines","NULL","NULL","NULL","NULL","NULL","NULL",10.7724833333333,"NULL","NULL","NULL","NULL","impasse","online-replication",1.05889625080802,4.8,0.950562917474682,0.153846153846154,0,1,1,-5,0.0769230769230769,7.33085,33.8346923076923,5.332,88.466,1,5,1,0,6,1,3,3,0,0,"blank",22.161,1,1,"Triangular",18.593,0,"Orthogonal",37.991,0,"blank",52.666,1,0.5,1.7227,0,-5.5,5.60815,"unknown",25.1379310344828,0.931034482758621,0.9,0.819302852394752,"high-memory"
"122","XOZJ7","111","fall21","asynch","Female",22,"Other","Fifth","Morocco","NULL","NULL","NULL","NULL","NULL","NULL",7.70293333333333,"NULL","NULL","NULL","NULL","control","online-replication",0.773239260739261,4.04807692307692,1.92605311355311,0,0,1,1,-3.5,0.0769230769230769,5.25251666666667,24.2423846153846,2.455,55.702,2,5,1,0,5,1,2,3,0,-1,"Orthogonal",31.853,0,-0.5,"?",50.592,0,"Orthogonal",31.018,0,"blank",2.455,0,-2.5,2.3363,1,-1,2.91621666666667,"orth-like",0,0.896551724137931,0,-2.58184232056455,"low-memory"
"123","XV7KZ","111","fall21","asynch","Female",20,"English","Third","United States of America","NULL","NULL","NULL","NULL","NULL","NULL",8.55011666666667,"NULL","NULL","NULL","NULL","control","online-replication",-0.952250935339171,11.4333333333333,-0.0874272786037492,0,0,0,0,-12.5,0,6.58313333333333,30.3836923076923,3.92,134.256,0,12,0,0,1,0,1,0,0,-1,"Orthogonal",64.18,0,-1,"Orthogonal",42.801,0,"Orthogonal",134.256,0,"?",8.555,0,-5,2.82435,0,-7.5,3.75878333333333,"orth-like",18.3448275862069,0.96551724137931,0.633333333333333,-0.099799478295215,"low-memory"
"124","Y0MZ6","111","fall21","asynch","Female",27,"English","Fourth","Vietnam","NULL","NULL","NULL","NULL","NULL","NULL",13.4351666666667,"NULL","NULL","NULL","NULL","control","online-replication",1.11782482223659,9.76057692307692,-0.389840551605257,0,0,1,1,-8.5,0.0769230769230769,8.67851666666667,40.0546923076923,5.159,95.498,2,10,0,0,1,0,1,0,0,-1,"Orthogonal",20.696,1,1,"Triangular",81.696,0,"Orthogonal",21.376,0,"Orthogonal",58.274,1,-2.5,4.0313,0,-6,4.64721666666667,"orth-like",23,1,0.766666666666667,0.530042220400951,"high-memory"
"125","Y7EP3","121","fall21","asynch","Female",21,"Spanish","Fourth","north America","NULL","NULL","NULL","NULL","NULL","NULL",10.1717833333333,"NULL","NULL","NULL","NULL","impasse","online-replication",-0.200032320620556,2.5453431372549,0.488135638870933,1.76923076923077,0,1,1,-7,0.0769230769230769,6.49108333333333,29.9588461538462,13.217,60.442,1,4,1,2,5,1,5,0,0,-1,"Satisfice",44.64,1,1,"Triangular",60.442,0,"Orthogonal",22.555,0,"Orthogonal",24.831,1,-2,2.81328333333333,0,-5,3.6778,"orth-like",18.8275862068966,0.896551724137931,0.7,-0.0344825613933841,"low-memory"
"126","YAFMA","121","fall21","asynch","Female",20,"English","Third","United States","NULL","NULL","NULL","NULL","NULL","NULL",3.84163333333333,"NULL","NULL","NULL","NULL","impasse","online-replication",-0.947193492781728,0.553676470588235,-0.747683688860159,2.42307692307692,0,0,0,-9,0,1.89826666666667,8.76123076923077,1.375,21.39,0,1,0,4,8,0,8,0,0,-1,"Satisfice",12.557,0,-0.5,"?",3.298,0,"Orthogonal",20.22,0,"?",3.293,0,-4.5,0.936716666666667,0,-4.5,0.96155,"orth-like",0,0.517241379310345,0,-2.58184232056455,"low-memory"
"127","YAZM5","121","fall21","asynch","Female",19,"Spanish","Second","United States of America","NULL","NULL","NULL","NULL","NULL","NULL",19.4685333333333,"NULL","NULL","NULL","NULL","impasse","online-replication",11.8666666666667,-0.342156862745098,6.50641025641026,0.769230769230769,0,11,11,12,0.846153846153846,14.2273833333333,65.6648461538462,9.682,316.628,12,0,0,0,1,0,0,1,0,0,"blank",46.473,1,1,"Triangular",93.152,1,"Triangular",80.325,1,"Triangular",316.628,4,4,4.29996666666667,7,8,9.92741666666667,"unknown",23.3103448275862,0.896551724137931,0.866666666666667,0.572031666980695,"high-memory"
"128","YJN2B","121","fall21","asynch","Female",21,"Other","Third","US","NULL","NULL","NULL","NULL","NULL","NULL",10.3882,"NULL","NULL","NULL","NULL","impasse","online-replication",-0.129656862745098,7.5,-0.367647058823529,0,0,0,0,-8,0,7.72855,35.6702307692308,0.004,103.732,0,8,0,0,5,0,0,5,0,0,"blank",32.685,0,0,"blank",103.732,0,"Orthogonal",67.805,0,"Orthogonal",34.919,0,0,2.85291666666667,0,-8,4.87563333333333,"unknown",19.7241379310345,0.896551724137931,0.733333333333333,0.0868202842814291,"low-memory"
"129","YK2A6","111","fall21","asynch","Female",20,"English","Third","usa\n","NULL","NULL","NULL","NULL","NULL","NULL",5.93431666666667,"NULL","NULL","NULL","NULL","control","online-replication",-0.240018315018315,10,-0.46978021978022,0,0,0,0,-10,0,3.98358333333333,18.3857692307692,1.301,38.443,0,10,0,0,3,0,0,3,0,-1,"Orthogonal",7.7,0,0,"blank",25.095,0,"Orthogonal",12.929,0,"blank",1.301,0,-4,1.60143333333333,0,-6,2.38215,"orth-like",18.2068965517241,0.827586206896552,0.733333333333333,-0.118461454552885,"low-memory"
"130","YUWCZ","111","fall21","asynch","Female",22,"Spanish","Fourth","United States","NULL","NULL","NULL","NULL","NULL","NULL",13.9005166666667,"NULL","NULL","NULL","NULL","control","online-replication",11.3564102564103,-0.552413273001508,7.75641025641026,0,0,10,10,11,0.769230769230769,9.12776666666667,42.1281538461538,10.093,130.423,11,0,1,0,1,1,1,0,0,0.5,"Tversky",37.027,1,1,"Triangular",83.842,1,"Triangular",55.1,0,"Triangular",130.423,4,4.5,3.55995,6,6.5,5.56781666666667,"tri-like",20.4827586206897,0.931034482758621,0.733333333333333,0.189461153698586,"high-memory"
"131","Z461O","111","fall21","asynch","Female",21,"English","Fourth","United States","NULL","NULL","NULL","NULL","NULL","NULL",10.9450333333333,"NULL","NULL","NULL","NULL","control","online-replication",-0.518917602005837,9.72307692307692,-0.664350355526826,0,0,0,0,-11.5,0,8.41195,38.8243846153846,5.15,139.716,0,10,0,0,3,0,3,0,0,-1,"Orthogonal",15.264,0,-0.5,"?",17.463,0,"Orthogonal",17.561,0,"?",135.272,0,-4.5,1.76391666666667,0,-7,6.64803333333333,"orth-like",1.31034482758621,0.655172413793103,0.0666666666666667,-2.40455354611674,"low-memory"
"132","ZL796","111","fall21","asynch","Female",19,"English","Second","USA","NULL","NULL","NULL","NULL","NULL","NULL",11.5413833333333,"NULL","NULL","NULL","NULL","control","online-replication",-0.514750935339171,11.3564102564103,-0.419602456367162,0,0,0,0,-12.5,0,8.00308333333333,36.9373076923077,7.669,101.069,0,12,0,0,1,0,1,0,0,-1,"Orthogonal",28.18,0,-0.5,"?",101.069,0,"Orthogonal",41.754,0,"Orthogonal",36.087,0,-4.5,3.48956666666667,0,-8,4.51351666666667,"orth-like",26.0689655172414,0.96551724137931,0.9,0.945271192133982,"high-memory"
"133","ZZNSP","111","fall21","asynch","Male",25,"English","Fourth","US","NULL","NULL","NULL","NULL","NULL","NULL",18.91005,"NULL","NULL","NULL","NULL","control","online-replication",-0.514750935339171,13,-0.146250808015514,0,0,0,0,-13,0,9.75956666666667,45.0441538461538,8.757,225.982,0,13,0,0,0,0,0,0,0,-1,"Orthogonal",17.762,0,-1,"Orthogonal",34.508,0,"Orthogonal",21.656,0,"Orthogonal",225.982,0,-5,2.79313333333333,0,-8,6.96643333333333,"orth-like",12.1034482758621,0.931034482758621,0.433333333333333,-0.944253903954517,"low-memory"
