"subject","condition","pretty_condition","term","mode","gender","age","language","schoolyear","country","effort","difficulty","confidence","enjoyment","other","disability","totaltime_m","violations","browser","width","height","s_TRI","s_ORTH","s_TVERSKY","s_SATISFICE","s_REF","s_ABS","s_NABS","s_SCALED","DV_percent_NABS","rt_m","item_avg_rt","item_min_rt","item_max_rt","item_n_TRI","item_n_ORTH","item_n_TV","item_n_SAT","item_n_OTHER","item_n_POS","item_n_NEG","item_n_NEUTRAL","item_q1_NABS","item_q1_SCALED","item_q1_interpretation","item_q1_rt","item_q5_NABS","item_q5_SCALED","item_q5_interpretation","item_q5_rt","item_q7_NABS","item_q7_interpretation","item_q7_rt","item_q15_NABS","item_q15_interpretation","item_q15_rt","item_scaffold_NABS","item_scaffold_SCALED","item_scaffold_rt","item_test_NABS","item_test_SCALED","item_test_rt"
"0A9WN","11115","point-click","winter22","asynch","Female",20,"X-Other","Third","USA","I tried my best on most questions",5,2,3,"","no",21.2460666666667,2,"chrome",1440,821,3.58081501831502,3.98700980392157,2.65889625080802,0,0,0,4,-1.5,0.307692307692308,8.12738333333333,37.511,2.438,125.204,4,4,0,0,5,0,3,2,0,-1,"Orthogonal",101.699,0,0,"blank",44.607,1,"Triangular",125.204,0,"?",9.32,0,-4,264.869,4,2.5,222.774
"0AXM8","11115","point-click","winter22","asynch","Female",21,"English","Third","United States","I tried my best on most questions",5,2,2,"","",13.1043333333333,1,"chrome",1600,761,-0.0202704158586511,4.33508672699849,0.7188779357897,0,0,0,1,-6,0.0769230769230769,8.93058333333333,41.2180769230769,5.082,126.223,1,5,1,0,6,1,5,1,0,-1,"Orthogonal",24.516,1,1,"Triangular",30.53,0,"Orthogonal",19.577,0,"blank",74.992,1,-2,108.014,0,-4,427.821
"0S724","11115","point-click","winter22","asynch","Female",19,"English","First","United States","I tried my best on each question",3,3,3,"","",7.67065,1,"chrome",1440,731,0.988553113553114,5.22724358974359,0.0485347985347985,0,0,0,2,-6,0.153846153846154,5.02048333333333,23.1714615384615,5.042,47.42,2,6,0,0,5,0,4,1,0,-1,"Orthogonal",25.008,1,1,"Triangular",21.984,0,"Orthogonal",28.723,1,"Triangular",18.334,1,-2.5,152.053,1,-3.5,149.176
"11NFO","11115","point-click","winter22","asynch","Female",19,"English","First","kenya","I tried my best on most questions",3,2,5,"","",14.61165,1,"chrome",1414,698,0.585086726998492,8.78974358974359,-0.148068842921784,0,0,0,1,-7,0.0769230769230769,9.84575,45.4419230769231,7.602,105.576,1,8,1,0,3,1,1,2,0,-1,"Orthogonal",22.167,1,1,"Triangular",29.433,0,"Tversky",55.558,0,"frenzy",96.231,1,-1,127.841,0,-6,462.904
"1JPFK","11115","point-click","winter22","asynch","Other-Not Listed",20,"English","Third","United States of America","I tried my best on each question",3,2,4,"N/A","N/A",11.4479,1,"chrome",1280,720,12.9230769230769,-0.619079939668175,8.08974358974359,0,0,0,12,12.5,0.923076923076923,6.26663333333333,28.9229230769231,12.258,82.658,12,0,1,0,0,1,0,0,0,0.5,"Tversky",82.658,1,1,"Triangular",17.003,1,"Triangular",27.774,1,"Triangular",20.724,4,4.5,213.029,8,8,162.969
"2W0WT","11115","point-click","winter22","asynch","Female",21,"Spanish","Third","USA","I tried my best on each question",3,2,4,"","",8.77831666666667,3,"chrome",1536,905,0.16365815556992,7.84807692307692,-0.452340551605257,0,0,0,1,-9,0.0769230769230769,5.14355,23.7394615384615,8.551,48.719,1,8,0,0,4,0,4,0,0,-1,"Orthogonal",20.552,1,1,"Triangular",26.67,0,"Orthogonal",14.03,0,"Orthogonal",48.719,1,-2,90,0,-7,218.613
"2ZH12","11115","point-click","winter22","asynch","Female",18,"Spanish","First","United States","I tried my best on most questions",3,3,4,"","",14.9749833333333,1,"chrome",1475,757,0.70733016983017,5.06282051282051,0.105540293040293,0,0,0,1,-6.5,0.0769230769230769,9.06396666666667,41.8336923076923,9.977,103.992,1,5,0,0,7,0,5,2,0,-1,"Orthogonal",57.812,0,-0.5,"?",29.168,0,"Orthogonal",67.496,1,"Triangular",17.627,0,-3,223.09,1,-3.5,320.748
"31386","11115","point-click","winter22","asynch","Male",21,"English","Fourth","United States","I tried my best on each question",4,3,5,"","no",12.4850833333333,1,"chrome",1440,789,8.72664835164835,2.63092006033183,3.98438644688645,0,0,0,8,7,0.615384615384615,7.74648333333333,35.753,9.329,72.774,10,3,0,0,0,0,0,0,0,-1,"Orthogonal",57.919,1,1,"Triangular",70.167,0,"Triangular",51.39,0,"Triangular",45.024,2,-1,244.847,6,8,219.942
"3H75M","11115","point-click","winter22","asynch","Male",18,"Mandarin","First","China","I tried my best on each question",5,1,3,"","",7.60953333333333,1,"chrome",1440,725,0.957900432900433,-0.643589743589744,4.10374919198449,0,0,0,2,1,0.153846153846154,4.17968333333333,19.2908461538462,7.224,39.436,2,1,4,0,6,4,4,2,0,0,"blank",18.349,0,-0.5,"?",15.861,0,"Tversky",24.214,0,"frenzy",33.138,0,0,81.876,2,1,168.905
"3N5PQ","11115","point-click","winter22","asynch","Male",18,"English","First","United States","I tried my best on each question",3,4,4,"It was an interesting experience, it is nice to see how graphs can be demonstrated and also interpreted. ","N/A",9.92216666666667,1,"chrome",1440,796,0.57615815556992,11.9230769230769,-0.723173884938591,0,0,0,1,-11,0.0769230769230769,6.33443333333333,29.2358461538462,6.833,87.088,1,12,0,0,0,0,0,0,0,-1,"Orthogonal",12.82,1,1,"Triangular",87.088,0,"Orthogonal",15.485,0,"Orthogonal",48.889,1,-3,180.418,0,-8,199.648
"3QQX3","11115","point-click","winter22","asynch","Male",19,"English","Second","US","I tried my best on most questions",4,2,2,"I originally thought I should follow slanted lines to find the start times (in opposition to straight up), but half way through the questions led me to believe that it should be straight above the lines.","",15.2533333333333,1,"chrome",1440,821,1.24715382656559,6.16057692307692,1.59617343440873,0,0,0,0,-8,0,9.69135,44.7293076923077,6.581,102.035,0,7,2,0,4,2,4,0,0,0.5,"Tversky",45.031,0,-0.5,"?",100.523,0,"Orthogonal",102.035,0,"Orthogonal",62.568,0,-0.5,228.551,0,-7.5,352.93
"3SG1K","11115","point-click","winter22","asynch","Female",20,"Mandarin","Third","China","I tried my best on each question",3,4,5,"","",9.51946666666667,1,"chrome",1440,820,11.875,0.589253393665158,8.08974358974359,0,0,0,12,11,0.923076923076923,6.4584,29.808,6.409,83.417,12,1,0,0,0,0,0,0,1,1,"Triangular",78.703,1,1,"Triangular",51.092,1,"Triangular",29.702,1,"Triangular",15.125,5,5,188.263,7,6,199.241
"3TPYE","11115","point-click","winter22","asynch","Female",21,"English","Third","United States","I tried my best on most questions",4,3,1,"","",8.93703333333333,2,"chrome",1440,821,8.76831501831502,3.71425339366516,4.36996336996337,0,0,0,9,5,0.692307692307692,5.2818,24.3775384615385,6.25,91.21,9,4,0,0,0,0,0,0,0,-1,"Orthogonal",29.797,1,1,"Triangular",91.21,1,"Triangular",48.028,1,"Triangular",15.347,1,-3,151.636,8,8,165.272
"47G4D","11115","point-click","winter22","asynch","Female",21,"English","Fourth","United States","I tried my best on most questions",3,3,4,""," NO",6.7302,2,"chrome",1440,733,0.63865815556992,10.9375,0.416249191984486,0,0,0,1,-10,0.0769230769230769,4.51601666666667,20.8431538461538,8.194,76.363,1,11,0,0,1,0,0,1,0,-1,"Orthogonal",76.363,0,0,"blank",37.111,0,"Orthogonal",11.458,0,"Orthogonal",15.245,0,-4,149.151,1,-6,121.81
"4BCUB","11115","point-click","winter22","asynch","Female",20,"X-Other","Third","United States","I tried my best on each question",2,4,1,"Nothing.","No.",24.31175,1,"chrome",1440,821,-0.42384184443008,12,-0.646250808015514,0,0,0,0,-12,0,18.7428166666667,86.5053076923077,5.665,646.386,0,12,0,0,1,0,0,1,0,-1,"Orthogonal",22.785,0,0,"blank",646.386,0,"Orthogonal",12.659,0,"Orthogonal",86.766,0,-4,819.984,0,-8,304.585
"4XWJ9","11115","point-click","winter22","asynch","Female",21,"Mandarin","Third","China","I tried my best on each question",3,3,3,"","",11.2240333333333,3,"chrome",1368,801,-0.0216513878278584,2.71842006033182,2.85007272139625,0,0,0,1,-4.5,0.0769230769230769,4.71358333333333,21.755,5.197,42.896,1,4,2,0,6,2,5,1,0,0,"blank",15.154,0,-0.5,"?",15.273,0,"Orthogonal",17.236,1,"Triangular",23.381,0,-1,95.096,1,-3.5,187.719
"520AG","11115","point-click","winter22","asynch","Female",21,"Mandarin","Fourth","USA","I tried my best on each question",3,4,3,"","",24.6500666666667,1,"chrome",1536,881,-0.598084268672504,11.9,0.187082525317819,0,0,0,0,-12.5,0,18.3862833333333,84.8597692307692,6.532,289.058,0,12,0,0,1,0,1,0,0,-1,"Orthogonal",9.502,0,-1,"Orthogonal",234.791,0,"Orthogonal",46.643,0,"Orthogonal",97.528,0,-4.5,392.635,0,-8,710.542
"5CNJR","11115","point-click","winter22","asynch","Female",22,"English","Fifth","United States","I tried my best on each question",2,4,5,"","",8.74393333333333,2,"chrome",1383,711,9.92307692307692,0.614253393665158,7.09523809523809,0,0,0,10,8.5,0.769230769230769,4.84343333333333,22.3543076923077,7.384,72.557,10,1,0,0,2,0,1,1,0,-1,"Orthogonal",15.427,0,-0.5,"?",72.557,1,"Triangular",26.555,1,"Triangular",9.825,3,1.5,148.589,7,7,142.017
"61XQA","11115","point-click","winter22","asynch","Male",20,"English","Second","United States","I tried my best on most questions",2,3,3,"","",10.33445,1,"chrome",1440,788,-0.618265068265068,9.78365384615385,-0.812702003878474,0,0,0,0,-11,0,7.40383333333333,34.1715384615385,5.322,111.154,0,10,0,0,3,0,2,1,0,-1,"Orthogonal",18.158,0,-0.5,"?",61.088,0,"Orthogonal",14.191,0,"Orthogonal",75.047,0,-4.5,148.321,0,-6.5,295.909
"64VZS","11115","point-click","winter22","asynch","Female",21,"Mandarin","Fourth","China","I tried my best on each question",2,5,5,"","None",12.9173166666667,1,"chrome",1440,703,13,-0.535746606334842,8.08974358974359,0,0,0,13,13,1,3.75931666666667,17.3506923076923,6.853,51.356,13,0,0,0,0,0,0,0,1,1,"Triangular",35.115,1,1,"Triangular",14.36,1,"Triangular",27.002,1,"Triangular",9.226,5,5,88.904,8,8,136.655
"6B6X6","11115","point-click","winter22","asynch","Male",24,"Cantonese","Third","USA","I tried my best on each question",5,1,5,"The task is interesting but the graph got me so confused reading it so i had to guess most of the time on how the graph works.","",6.91948333333333,1,"chrome",2560,1321,1.63865815556992,6.64391025641026,0.639221073044602,0,0,0,2,-7.5,0.153846153846154,4.05803333333333,18.7293846153846,4.441,52.616,2,8,0,0,3,0,3,0,0,-1,"Orthogonal",16.337,1,1,"Triangular",16.214,0,"Orthogonal",10.101,0,"Orthogonal",26.791,2,-0.5,111.209,0,-7,132.273
"6FM91","11115","point-click","winter22","asynch","Female",19,"English","Second","United States","I tried my best on each question",4,2,5,"","",11.52305,1,"chrome",1440,821,1.56425339366516,8.77307692307692,0.848254686489981,0,0,0,2,-7,0.153846153846154,8.3966,38.7535384615385,10.789,82.104,2,9,1,0,1,1,1,0,0,-1,"Orthogonal",15.599,1,1,"Triangular",68.853,0,"Orthogonal",25.292,0,"?",82.104,2,0.5,177.976,0,-7.5,325.82
"6Q1UC","11115","point-click","winter22","asynch","Female",20,"English","Second","United States","I tried my best on each question",3,4,4,"The graph was cool to look at!","n/a",11.2317,1,"chrome",1440,723,-0.514750935339171,13,-0.146250808015514,0,0,0,0,-13,0,6.44585,29.7500769230769,6.084,98.432,0,13,0,0,0,0,0,0,0,-1,"Orthogonal",18.152,0,-1,"Orthogonal",98.432,0,"Orthogonal",19.946,0,"Orthogonal",35.21,0,-5,180.246,0,-8,206.505
"6TQE3","11115","point-click","winter22","asynch","Female",21,"Mandarin","Second","China","I tried my best on each question",4,2,4,"I think the graph is a bit confusing for me.","",5.69321666666667,1,"chrome",1440,789,1.05800547491724,0.0892533936651584,2.10900129282482,0,0,0,2,-2,0.153846153846154,2.68798333333333,12.4060769230769,2.784,24.221,2,1,2,0,8,2,8,0,1,1,"Triangular",13.836,0,-0.5,"?",24.221,0,"Tversky",15.757,0,"?",4.501,2,1.5,65.538,0,-3.5,95.741
"6XY80","11115","point-click","winter22","asynch","Female",22,"Spanish","Fourth","USA","I tried my best on each question",3,3,3,"Have a practice graph example to show us how you want us to answer. ","N/A",9.94838333333333,1,"chrome",1440,821,1.18141025641026,3.91057692307692,1.60164835164835,0,0,0,2,-4,0.153846153846154,6.82933333333333,31.52,10.072,132.042,2,5,1,0,5,1,3,2,0,-1,"Orthogonal",30.733,1,1,"Triangular",20.472,0,"Orthogonal",132.042,1,"Triangular",17.032,1,0,125.708,1,-4,284.052
"7OBDZ","11115","point-click","winter22","asynch","Female",20,"Spanish","Third","United States","I tried my best on each question",3,3,3,"","no",12.49575,1,"chrome",1440,764,-0.514750935339171,13,-0.146250808015514,0,0,0,0,-13,0,8.54746666666667,39.4498461538462,6.706,97.661,0,13,0,0,0,0,0,0,0,-1,"Orthogonal",26.757,0,-1,"Orthogonal",97.661,0,"Orthogonal",17.489,0,"Orthogonal",85.484,0,-5,201.196,0,-8,311.652
"7SV52","11115","point-click","winter22","asynch","Male",18,"English","First","United States","I tried my best on most questions",3,3,2,"I was confused at the beginning so most of my first answers are wrong.","No.",13.0848333333333,1.5,"chrome",1440,821,1.55532482223659,9.15641025641026,0.252316311139841,0,0,0,1,-8.5,0.0769230769230769,8.24051666666667,38.0331538461538,4.641,111.332,2,10,0,0,1,0,1,0,0,-1,"Orthogonal",22.345,1,1,"Triangular",9.938,0,"Orthogonal",17.886,0,"Orthogonal",44.874,1,-0.5,117.977,0,-8,376.454
"8NURS","11115","point-click","winter22","asynch","Male",19,"English","Second","US","I tried my best on each question",3,5,5,"n/a","",5.94463333333333,2,"chrome",1920,969,1.81771978021978,5.69391025641026,0.451721073044602,0,0,0,2,-4.5,0.153846153846154,3.9493,18.2275384615385,4.981,39.896,2,6,0,0,5,0,1,4,0,-1,"Orthogonal",9.127,1,1,"Triangular",39.896,0,"blank",27.693,0,"Orthogonal",32.415,1,-1.5,75.23,1,-3,161.728
"9DK63","11115","point-click","winter22","asynch","Female",21,"X-Other","Third","Mongolia","I tried my best on each question",2,4,3,"","no ",11.5772166666667,1,"chrome",1440,789,-0.452250935339171,12.5,-0.0874272786037492,0,0,0,0,-13,0,7.45565,34.4106923076923,5.087,121.45,0,13,0,0,0,0,0,0,0,-1,"Orthogonal",28.217,0,-1,"Orthogonal",88.458,0,"Orthogonal",42.863,0,"Orthogonal",121.45,0,-5,155.772,0,-8,291.567
"9OEG6","11115","point-click","winter22","asynch","Male",18,"Mandarin","First","China","I tried my best on each question",4,4,3,"N/A","No",6.85385,1,"chrome",1920,929,-0.452250935339171,12.5,-0.0874272786037492,0,0,0,0,-13,0,3.7119,17.1318461538462,3.467,46.607,0,13,0,0,0,0,0,0,0,-1,"Orthogonal",14.164,0,-1,"Orthogonal",46.607,0,"Orthogonal",9.482,0,"Orthogonal",16.421,0,-5,121.293,0,-8,101.421
"9PH05","11115","point-click","winter22","asynch","Male",19,"English","Second","USA","I tried my best on each question",4,2,3,"","No",12.40915,2,"chrome",1858,977,-1.29500303617951,5.1531862745098,0.702663757810817,0,0,0,0,-8.5,0,7.58203333333333,34.994,7.342,79.014,0,6,1,0,6,1,6,0,0,-1,"Orthogonal",19.222,0,-1,"Orthogonal",45.267,0,"?",36.511,0,"?",67.624,0,-4,108.352,0,-4.5,346.57
"9T8HW","11115","point-click","winter22","asynch","Female",18,"X-Other","First","Burma","I tried my best on each question",3,4,4,"","none",9.62376666666667,1,"chrome",1153,742,2.25164835164835,1.79391025641026,2.32188644688645,0,0,0,3,-0.5,0.230769230769231,5.3844,24.8510769230769,11.636,61.841,3,3,2,0,5,2,3,2,0,-1,"Orthogonal",43.16,1,1,"Triangular",14.33,0,"Orthogonal",61.841,1,"Triangular",12.795,2,1,105.614,1,-1.5,217.45
"9Z01R","11115","point-click","winter22","asynch","Male",20,"English","Third","United States","I tried my best on most questions",4,3,2,"","No",16.7931833333333,2.5,"chrome",1440,703,0.850162337662338,1.76891025641026,1.04555860805861,0,0,0,1,-4.5,0.0769230769230769,8.95553333333333,41.3332307692308,12.856,108.09,1,2,0,0,10,0,7,3,0,-0.5,"?",108.09,0,-0.5,"?",44.145,1,"Triangular",31.908,0,"blank",12.856,0,-3,297.944,1,-1.5,239.388
"ADRO0","11115","point-click","winter22","asynch","Female",20,"English","Third","United States of America","I tried my best on each question",3,4,4,"N/A","No",21.2346333333333,2,"chrome",1440,776,-0.514750935339171,13,-0.146250808015514,0,0,0,0,-13,0,16.0267666666667,73.9696923076923,13.349,191.163,0,13,0,0,0,0,0,0,0,-1,"Orthogonal",19.313,0,-1,"Orthogonal",191.163,0,"Orthogonal",34.979,0,"Orthogonal",126.915,0,-5,449.366,0,-8,512.24
"AEEBQ","11115","point-click","winter22","asynch","Female",20,"Spanish","Third","United States of America","I tried my best on each question",3,4,2,"","N/A",15.341,1,"chrome",1440,821,-0.523679506767742,11.4230769230769,-0.735778926955398,0,0,0,0,-12.5,0,9.07085,41.8654615384615,12.142,135.911,0,12,0,0,1,0,1,0,0,-1,"Orthogonal",19.049,0,-0.5,"?",74.253,0,"Orthogonal",40.819,0,"Orthogonal",36.025,0,-4.5,205.466,0,-8,338.785
"B8HA2","11115","point-click","winter22","asynch","Female",21,"English","Third","United States","I tried my best on each question",4,4,4,"","",17.1005,2,"chrome",1201,707,0.110249064660829,11.9375,-0.146250808015514,0,0,0,0,-11,0,13.2237333333333,61.0326153846154,5.163,339.106,1,12,0,0,0,0,0,0,0,-1,"Orthogonal",27.099,0,-1,"Orthogonal",164.407,0,"Orthogonal",18.968,0,"Orthogonal",339.106,0,-5,273.708,0,-6,519.716
"BCPEC","11115","point-click","winter22","asynch","Female",36,"English","Fourth","Philippines","I tried my best on each question",5,3,5,"I think these questions are enough.","No",11.4041666666667,1,"chrome",1280,721,-1.08141760200584,6.51057692307692,2.61817226890756,0,0,0,0,-7.5,0,7.55756666666667,34.8810769230769,13.718,90.579,0,8,3,0,2,3,2,0,0,-1,"Orthogonal",22.967,0,-0.5,"?",29.232,0,"Tversky",29.288,0,"Orthogonal",29.88,0,-3,169.223,0,-4.5,284.231
"C8QAW","11115","point-click","winter22","asynch","Male",19,"English","First","United States","I tried my best on each question",3,4,4,"The diamond shape of the graph was more confusing than helpful","no",12.0754833333333,1,"chrome",1600,892,-0.514750935339171,11.3666666666667,-0.146250808015514,0,0,0,0,-12,0,7.2778,33.5898461538462,5.782,120.539,0,11,0,0,2,0,2,0,0,-1,"Orthogonal",30.519,0,-1,"Orthogonal",120.539,0,"Orthogonal",25.651,0,"Orthogonal",57.651,0,-5,232.242,0,-7,204.426
"CNMNJ","11115","point-click","winter22","asynch","Male",20,"English","Second","USA","I tried my best on most questions",1,4,2,"","",9.33348333333333,1,"chrome",1536,714,-0.443322363910599,12,-0.0748222365869425,0,0,0,0,-12,0,5.51121666666667,25.4363846153846,0.128,74.565,0,12,0,0,1,0,0,1,0,-1,"Orthogonal",12.84,0,-1,"Orthogonal",74.565,0,"Orthogonal",24.078,0,"Orthogonal",38.508,0,-4,103.193,0,-8,227.48
"D6P9K","11115","point-click","winter22","asynch","Female",19,"English","Second","United States","I tried my best on each question",4,3,5,"At first I didnt understand how to read the graph so my first answers were probably wrong, but after a certain question I understood that I was supposed to be reading the graph a different way then how I was","",10.2759666666667,3,"chrome",1140,696,8.75641025641026,1.09758672699849,5.77472527472527,0,0,0,9,6.5,0.692307692307692,4.77385,22.0331538461538,6.636,65.211,9,2,0,0,2,0,1,1,0,-1,"Orthogonal",53.923,1,1,"Triangular",12.473,1,"Triangular",28.792,1,"Triangular",12.45,2,-0.5,115.107,7,7,171.324
"DJ72H","11115","point-click","winter22","asynch","Male",21,"English","Fourth","United States","I tried my best on each question",3,3,4,"","",6.68038333333333,1,"chrome",1915,872,4.49748168498169,2.86425339366516,2.92972958414135,0,0,0,5,-0.5,0.384615384615385,3.85761666666667,17.8043846153846,6.444,37.845,5,3,0,0,5,0,5,0,0,-1,"Orthogonal",17.385,0,-0.5,"?",30.206,0,"Orthogonal",12.382,0,"?",20.468,0,-3.5,111.252,5,3,120.205
"ES98M","11115","point-click","winter22","asynch","Female",20,"English","Second","US","I tried my best on most questions",4,2,3,"","no",6.89286666666667,1,"chrome",1440,821,0.593582397994163,7.77083333333333,1.30840605472958,0,0,0,1,-7.5,0.0769230769230769,4.59173333333333,21.1926153846154,4.044,50.075,2,8,0,0,3,0,3,0,0,-1,"Orthogonal",9.258,0,-1,"Orthogonal",50.075,0,"Orthogonal",14.171,0,"?",16.864,0,-4,116.413,1,-3.5,159.091
"EUUV1","11115","point-click","winter22","asynch","Male",20,"English","Third","USA","I tried my best on each question",3,4,1,"","",4.7344,1,"chrome",2560,1307,0.567229584141349,8.68974358974359,-0.735778926955398,0,0,0,1,-9,0.0769230769230769,3.1421,14.502,0.128,33.29,1,9,0,0,3,0,2,1,0,-1,"Orthogonal",6.865,1,1,"Triangular",24.027,0,"Orthogonal",6.616,0,"Orthogonal",33.29,1,-1.5,47.881,0,-7.5,140.645
"F37T6","11115","point-click","winter22","asynch","Male",21,"Mandarin","Fourth","USA","I tried my best on each question",4,3,4,"It was confusing at first, which I think I got some questions wrong at first.","",8.34758333333333,1,"chrome",2560,1280,3.24391025641026,4.41842006033183,2.92055860805861,0,0,0,4,-2,0.307692307692308,5.3897,24.8755384615385,5.756,50.575,4,5,0,0,4,0,2,2,0,-1,"Orthogonal",31.267,1,1,"Triangular",49.734,0,"Orthogonal",22.674,0,"blank",25.235,2,-0.5,149.708,2,-1.5,173.674
"F6QWV","11115","point-click","winter22","asynch","Female",19,"English","Second","America","I tried my best on each question",3,4,2,"","",7.26366666666667,1,"chrome",1440,821,-1.08141760200584,8.72724358974359,-0.723173884938591,0,0,0,0,-11.5,0,3.73295,17.229,4.806,36.119,0,10,0,0,3,0,3,0,0,-1,"Orthogonal",13.829,0,-0.5,"?",27.922,0,"Orthogonal",12.864,0,"Orthogonal",16.484,0,-4.5,84.468,0,-7,139.509
"F6V09","11115","point-click","winter22","asynch","Female",24,"Spanish","Fourth","USA","I tried my best on each question",3,4,4,"being able to zoom in would be a plus when you're cursing around the graph","",9.48796666666667,1,"chrome",1360,703,-0.452250935339171,10.3564102564103,-0.664350355526826,0,0,0,0,-12,0,6.96331666666667,32.1383846153846,5.152,85.881,0,11,0,0,2,0,2,0,0,-1,"Orthogonal",23.351,0,-0.5,"?",85.881,0,"Orthogonal",12.8,0,"Orthogonal",60.587,0,-4.5,214.371,0,-7.5,203.428
"F91EW","11115","point-click","winter22","asynch","Male",23,"English","Fifth","United States","I tried my best on most questions",4,3,2,"","",11.6435666666667,2,"chrome",1280,720,-0.42384184443008,12,-0.646250808015514,0,0,0,0,-12,0,7.28371666666667,33.6171538461538,6.694,109.111,0,12,0,0,1,0,0,1,0,-1,"Orthogonal",29.589,0,0,"blank",109.111,0,"Orthogonal",23.363,0,"Orthogonal",66.227,0,-4,200.18,0,-8,236.843
"FFHE0","11115","point-click","winter22","asynch","Other-Not Listed",19,"Spanish","Second","Mexico","I tried my best on most questions",4,3,5,"","",8.9307,1,"chrome",1440,789,0.354729584141349,8.52307692307692,-0.461269123033829,0,0,0,1,-9.5,0.0769230769230769,6.79638333333333,31.3679230769231,4.757,97.417,1,9,0,0,3,0,3,0,0,-1,"Orthogonal",18.718,1,1,"Triangular",14.736,0,"Orthogonal",16.395,0,"Orthogonal",55.862,1,-2,89.182,0,-7.5,318.601
"FOMHO","11115","point-click","winter22","asynch","Female",20,"Spanish","Second","USA","I tried my best on each question",3,3,2,"n/a","n/a",9.63741666666667,1,"chrome",1440,789,-0.514750935339171,10.3605769230769,-0.723173884938591,0,0,0,0,-12,0,6.37828333333333,29.4382307692308,6.281,61.658,0,11,0,0,2,0,2,0,0,-1,"Orthogonal",19.237,0,-0.5,"?",61.658,0,"Orthogonal",15.627,0,"Orthogonal",13.814,0,-4.5,173.675,0,-7.5,209.022
"GNP7O","11115","point-click","winter22","asynch","Female",21,"English","Third","United States","I tried my best on most questions",4,3,4,"The break questions are super confusing and its hard to focus with the diamonds on the graph","NOPE",7.07843333333333,1,"chrome",1440,821,-0.952250935339171,10.9411764705882,-0.0874272786037492,0,0,0,0,-12.5,0,4.34266666666667,20.0430769230769,8.346,39.407,0,12,0,0,1,0,1,0,0,-1,"Orthogonal",14.559,0,-1,"Orthogonal",39.407,0,"Orthogonal",19.028,0,"Orthogonal",18.917,0,-5,129.748,0,-7.5,130.812
"GQX64","11115","point-click","winter22","asynch","Female",20,"Mandarin","Second","china ","I tried my best on most questions",1,3,1,"","",7.64733333333333,1,"chrome",1440,720,-0.518917602005837,10.3666666666667,-0.0874272786037492,0,0,0,0,-12,0,4.90986666666667,22.6609230769231,8.259,40.227,0,11,0,0,2,0,2,0,0,-1,"Orthogonal",20.724,0,-1,"Orthogonal",40.227,0,"Orthogonal",8.582,0,"Orthogonal",32.909,0,-4.5,127.227,0,-7.5,167.365
"GXAV1","11115","point-click","winter22","asynch","Male",21,"English","Third","USA","I tried my best on each question",2,5,2,"","",6.48005,2,"chrome",1920,969,1.26365815556992,8.24166666666667,0.416249191984486,0,0,0,1,-7,0.0769230769230769,4.33755,20.0194615384615,4.417,63.103,2,8,0,0,3,0,2,1,0,-1,"Orthogonal",15.668,0,0,"blank",63.103,0,"Orthogonal",12.656,0,"Orthogonal",28.608,0,-4,118.003,1,-3,142.25
"GYGOR","11115","point-click","winter22","asynch","Female",19,"English","Second","United States","I tried my best on each question",4,2,5,"N/A","N/A",9.87671666666667,2,"chrome",1536,754,-0.677088597676833,9.61698717948718,-0.860536522301228,0,0,0,0,-11.5,0,7.03045,32.4482307692308,9.323,85.089,0,10,0,0,3,0,3,0,0,-1,"Orthogonal",19.534,0,-0.5,"?",40.603,0,"Orthogonal",19.382,0,"Orthogonal",85.089,0,-4,146.251,0,-7.5,275.576
"H1PJT","11115","point-click","winter22","asynch","Female",21,"X-Other","Third","Chinese","I tried my best on each question",2,4,4,"","",11.6036666666667,3,"chrome",1536,707,12.5,-0.469079939668175,7.75641025641026,0,0,0,12,13,0.923076923076923,5.7027,26.3201538461538,5.721,76.654,13,0,0,0,0,0,0,0,1,1,"Triangular",76.654,1,1,"Triangular",29.953,1,"Triangular",17.959,0,"Triangular",15.945,5,5,212.405,7,8,129.757
"HNM67","11115","point-click","winter22","asynch","Male",26,"Spanish","Fourth","United States of America","I tried my best on each question",5,3,2,"","",12.2191,1,"chrome",1536,722,-0.436446886446886,8.77083333333333,0.403644149967679,0,0,0,0,-9,0,7.01721666666667,32.3871538461538,9.081,68.75,0,9,1,0,3,1,1,2,0,-1,"Orthogonal",29.622,0,0,"blank",28.174,0,"Orthogonal",30.408,0,"Orthogonal",68.569,0,-3.5,162.096,0,-5.5,258.937
"J3FYJ","11115","point-click","winter22","asynch","Female",29,"English","Fourth","United States","I tried my best on most questions",4,3,1,"The mental math required while looking at the graph was difficult without the use of anything external like pen and paper.","No",13.44885,1,"chrome",1536,792,-0.57384184443008,8.06474358974359,-0.733260611937082,0,0,0,0,-11,0,8.38075,38.6803846153846,9.788,142.653,0,9,0,0,4,0,4,0,0,-1,"Orthogonal",28.057,0,-0.5,"?",26.67,0,"Orthogonal",22.761,0,"Orthogonal",27.396,0,-4,299.311,0,-7,203.534
"K4OUL","11115","point-click","winter22","asynch","Female",20,"English","Third","USA","I tried my best on each question",2,2,3,"For half of the questions I was reading the chart wrong and thought the start was wherever the points were and the end was wherever the line reached the x axis. Until the last 2 or so questions I realized the start was the bottom left point of the triangle and the point was the middle of the shift. I think explaining the graph a bit more might be beneficial so you can get better results to the task. ","No. ",16.3308333333333,1,"chrome",1440,821,4.35300116550117,4.91842006033183,3.58722527472527,0,0,0,5,-1,0.384615384615385,8.14381666666667,37.5868461538462,6.928,142.88,5,5,0,0,3,0,2,1,0,-1,"Orthogonal",35.812,0,-0.5,"?",142.88,0,"Orthogonal",22.67,1,"Triangular",23.512,1,-2,251.758,4,1,236.871
"K83ZA","11115","point-click","winter22","asynch","Female",18,"Spanish","First","United States","I tried my best on each question",2,4,3,"","",14.9615666666667,3,"chrome",1440,821,-0.860094072594073,11.0333333333333,-0.0286037491919845,0,0,0,0,-11.5,0,8.72455,40.2671538461538,7.431,140.032,0,11,0,0,2,0,1,1,0,-1,"Orthogonal",23.21,0,-1,"Orthogonal",97.22,0,"Orthogonal",15.115,0,"Orthogonal",140.032,0,-5,180.456,0,-6.5,343.017
"KPQ31","11115","point-click","winter22","asynch","Male",20,"English","Third","US","I tried my best on each question",4,2,2,"","",10.6783666666667,1,"chrome",1440,821,-0.514750935339171,13,-0.146250808015514,0,0,0,0,-13,0,7.0068,32.3390769230769,5.754,79.335,0,13,0,0,0,0,0,0,0,-1,"Orthogonal",79.335,0,-1,"Orthogonal",45.793,0,"Orthogonal",16.199,0,"Orthogonal",35.414,0,-5,215.932,0,-8,204.476
"KQBZN","11115","point-click","winter22","asynch","Male",19,"English","Second","USA","I tried my best on most questions",2,4,1,"","",26.5053666666667,1,"chrome",2048,1042,-0.514750935339171,13,-0.146250808015514,0,0,0,0,-13,0,6.35981666666667,29.353,5.399,97.643,0,13,0,0,0,0,0,0,0,-1,"Orthogonal",15.534,0,-1,"Orthogonal",62.218,0,"Orthogonal",16.203,0,"Orthogonal",97.643,0,-5,134.217,0,-8,247.372
"KTUY1","11115","point-click","winter22","asynch","Female",20,"X-Other","Second","U.S.","I tried my best on each question",3,3,3,"","No",5.57523333333333,1,"chrome",1711,1186,0.579834626158156,8.67626319758673,-0.723173884938591,0,0,0,1,-9.5,0.0769230769230769,3.14335,14.5077692307692,7.598,22.146,1,9,0,0,3,0,3,0,0,-1,"Orthogonal",9.278,1,1,"Triangular",20.547,0,"Orthogonal",17.061,0,"Orthogonal",17.938,1,-3,69.976,0,-6.5,118.625
"KW3D0","11115","point-click","winter22","asynch","Female",19,"Mandarin","First","China","I tried my best on each question",4,3,2,"","",10.1381,1,"chrome",1440,789,-0.581417602005837,11.8666666666667,-0.146250808015514,0,0,0,0,-12.5,0,5.35535,24.717,4.759,78.341,0,12,0,0,1,0,1,0,0,-1,"Orthogonal",15.141,0,-1,"Orthogonal",53.792,0,"Orthogonal",15.647,0,"Orthogonal",20.794,0,-5,102.106,0,-7.5,219.215
"KZOE9","11115","point-click","winter22","asynch","Male",21,"Korean","Third","U.S.","I tried my best on each question",3,3,1,"","no",15.3657,1.5,"chrome",1440,821,-0.514750935339171,13,-0.146250808015514,0,0,0,0,-13,0,11.3947,52.5909230769231,6.317,114.212,0,13,0,0,0,0,0,0,0,-1,"Orthogonal",106.773,0,-1,"Orthogonal",114.212,0,"Orthogonal",14.269,0,"Orthogonal",81.561,0,-5,339.242,0,-8,344.44
"LNEF7","11115","point-click","winter22","asynch","Female",20,"English","Third","United States","I tried my best on each question",4,3,3,"I think I got better at it along the way.","ADHD",8.01355,1,"chrome",1440,695,7.25944055944056,1.23348416289593,5.54395604395604,0,0,0,8,4.5,0.615384615384615,4.893,22.5830769230769,4.748,59.432,8,2,0,0,3,0,3,0,0,-1,"Orthogonal",23.301,0,-0.5,"frenzy",44.878,1,"Triangular",50.085,1,"Triangular",59.432,1,-2,114.224,7,6.5,179.356
"LOGAL","11115","point-click","winter22","asynch","Male",18,"English","First","United States","I tried my best on each question",2,5,5,"","None",11.0259,3,"chrome",1633,887,-0.452250935339171,12.5,-0.146250808015514,0,0,0,0,-13,0,6.38265,29.4583846153846,7.406,113.08,0,13,0,0,0,0,0,0,0,-1,"Orthogonal",17.54,0,-1,"Orthogonal",113.08,0,"Orthogonal",32.147,0,"Orthogonal",25.114,0,-5,165.121,0,-8,217.838
"LV82T","11115","point-click","winter22","asynch","Male",27,"Spanish","Fifth","USA","I tried my best on each question",3,4,4,"It would be easier if you could allow users to create vertical lines since (at least for me) it was a little tough with the triangles to make sure I was where I wanted to be when checking for stuff. or maybe use a grid with the hour marks being more bold than the half hour marks, but i figure the triangles were chosen for a reason lol","No",21.2504,2,"chrome",1517,694,-0.514750935339171,13,-0.146250808015514,0,0,0,0,-13,0,12.6729833333333,58.4906923076923,7.458,184.473,0,13,0,0,0,0,0,0,0,-1,"Orthogonal",36.464,0,-1,"Orthogonal",100.177,0,"Orthogonal",21.793,0,"Orthogonal",55.882,0,-5,368.846,0,-8,391.533
"MCJ0W","11115","point-click","winter22","asynch","Female",21,"English","Third","United States","I tried my best on each question",4,3,3,"Nothing","No",14.14525,1,"chrome",1504,860,-0.514750935339171,13,-0.146250808015514,0,0,0,0,-13,0,11.1813333333333,51.6061538461538,5.963,201.035,0,13,0,0,0,0,0,0,0,-1,"Orthogonal",43.727,0,-1,"Orthogonal",201.035,0,"Orthogonal",49.918,0,"Orthogonal",47.803,0,-5,313.744,0,-8,357.136
"MJ2W9","11115","point-click","winter22","asynch","Female",22,"English","Fourth","United States","I tried my best on each question",3,3,4,"","no",5.80906666666667,1,"chrome",1280,800,-0.0189176020058373,8.66057692307692,0.416249191984486,0,0,0,1,-9.5,0.0769230769230769,3.42395,15.8028461538462,5.114,34.9,1,9,0,0,3,0,3,0,0,-1,"Orthogonal",15.684,0,-0.5,"?",23.76,0,"Orthogonal",13.519,0,"Orthogonal",11.76,0,-4.5,98.192,1,-5,107.245
"MNLNJ","11115","point-click","winter22","asynch","Female",19,"English","Second","United States","I tried my best on most questions",4,3,3,"","",9.06528333333333,1.5,"chrome",1440,821,-0.448084268672504,10.3605769230769,-0.723173884938591,0,0,0,0,-11.5,0,7.0592,32.5809230769231,5.778,79.717,0,10,0,0,3,0,3,0,0,-1,"Orthogonal",7.313,0,-0.5,"?",66.523,0,"Orthogonal",21.139,0,"Orthogonal",48.275,0,-4.5,141.733,0,-7,281.819
"MTFDT","11115","point-click","winter22","asynch","Female",21,"English","Third","USA","I tried my best on most questions",2,3,4,"","",6.0814,1,"chrome",1440,821,-0.83634184443008,7.5,-0.0494370825253178,0,0,0,0,-7.5,0,3.24408333333333,14.9726923076923,3.811,35.125,0,8,1,0,4,1,0,4,0,-1,"Orthogonal",19.57,0,0,"blank",16.697,0,"Orthogonal",35.125,0,"blank",7.766,0,-2.5,88.328,0,-5,106.317
"MXPYU","11115","point-click","winter22","asynch","Male",20,"English","Second","United States","I tried my best on each question",4,2,3,"","",11.2761666666667,1,"chrome",1920,851,-0.535584268672504,10.3230769230769,-0.331017022193493,0,0,0,0,-12,0,8.27796666666667,38.206,8.458,103.376,0,11,0,0,2,0,2,0,0,-1,"Orthogonal",14.568,0,-0.5,"?",103.376,0,"Orthogonal",12.644,0,"Orthogonal",102.402,0,-4,180.983,0,-8,315.695
"N8UV7","11115","point-click","winter22","asynch","Female",20,"Mandarin","First","Taiwan","I tried my best on each question",1,5,3,"","",6.55208333333333,1.5,"chrome",1440,764,13,-0.535746606334842,8.08974358974359,0,0,0,13,13,1,3.57143333333333,16.4835384615385,5.676,37.191,13,0,0,0,0,0,0,0,1,1,"Triangular",37.191,1,1,"Triangular",19.919,1,"Triangular",26.426,1,"Triangular",20.025,5,5,85.474,8,8,128.812
"NHP4G","11115","point-click","winter22","asynch","Female",26,"English","Third","USA","I tried my best on each question",4,2,1,"this was a good straightforward experiment.","no",6.70443333333333,1,"chrome",1440,789,0.0193399737517385,9.18733031674208,-0.0926793794440853,0,0,0,0,-11,0,3.96591666666667,18.3042307692308,8.051,44.344,0,9,0,0,4,0,4,0,0,-1,"Orthogonal",30.052,0,-0.5,"?",19.255,0,"frenzy",28.009,0,"?",8.075,0,-4.5,124.972,0,-6.5,112.983
"NOXYV","11115","point-click","winter22","asynch","Female",18,"English","First","United States","I tried my best on most questions",4,3,2,"","",5.45838333333333,1,"chrome",1422,687,-0.0273559773559773,7.06842006033183,0.264221073044602,0,0,0,1,-9,0.0769230769230769,3.59436666666667,16.5893846153846,5.252,34.345,1,8,0,0,4,0,4,0,0,-1,"Orthogonal",13.097,0,-0.5,"?",29.103,0,"Orthogonal",10.887,0,"?",20.458,0,-4,87.163,1,-5,128.499
"NU1ZQ","11115","point-click","winter22","asynch","Male",21,"English","Fourth","United States","I tried my best on each question",2,4,5,"The diagonal lines helped a lot with finding halfway points and similar end time between points. However, the x-axis label was very confusing because the graph never plotted end times. We had to calculate end times on our own.","N/A",12.0719833333333,1,"chrome",1440,726,-0.514750935339171,13,-0.146250808015514,0,0,0,0,-13,0,6.65153333333333,30.6993846153846,6.388,102.839,0,13,0,0,0,0,0,0,0,-1,"Orthogonal",16.259,0,-1,"Orthogonal",102.839,0,"Orthogonal",14.452,0,"Orthogonal",50.005,0,-5,186.191,0,-8,212.901
"NU6LU","11115","point-click","winter22","asynch","Male",21,"Korean","Third","United States","I tried my best on most questions",4,3,4,"","None",8.4035,1,"chrome",1440,743,-0.514750935339171,13,-0.146250808015514,0,0,0,0,-13,0,5.65326666666667,26.092,3.859,103.548,0,13,0,0,0,0,0,0,0,-1,"Orthogonal",16.673,0,-1,"Orthogonal",103.548,0,"Orthogonal",14.264,0,"Orthogonal",16.458,0,-5,176.477,0,-8,162.719
"O9K5K","11115","point-click","winter22","asynch","Female",21,"English","Third","United States","I tried my best on each question",3,3,4,"","",9.68088333333333,1,"chrome",1295,766,0.979729584141349,4.76842006033182,0.323044602456367,0,0,0,2,-6.5,0.153846153846154,6.62335,30.5693076923077,5.617,95.495,2,6,0,0,5,0,5,0,0,-1,"Orthogonal",20.807,1,1,"Triangular",23.672,0,"Orthogonal",31.989,1,"Triangular",37.812,1,-2,126.435,1,-4.5,270.966
"OFP8T","11115","point-click","winter22","asynch","Male",21,"English","Fourth","USA","I tried my best on each question",3,3,5,"I liked the encourgements","Nope",5.55376666666667,1,"chrome",1427,779,-0.585584268672504,11.3,-0.0874272786037492,0,0,0,0,-12.5,0,3.71306666666667,17.1372307692308,2.834,33.109,0,12,0,0,1,0,1,0,0,-1,"Orthogonal",26.019,0,-1,"Orthogonal",29.848,0,"Orthogonal",15.8,0,"Orthogonal",19.034,0,-5,106.621,0,-7.5,116.163
"OLFCD","11115","point-click","winter22","asynch","Male",22,"English","Third","United States","I tried my best on each question",1,5,3,"","",12.0008666666667,1,"chrome",1504,860,0.446501292824822,9.03508672699849,-0.723173884938591,0,0,0,1,-9,0.0769230769230769,8.48616666666667,39.1669230769231,12.228,143.963,1,8,0,0,4,0,4,0,0,-1,"Orthogonal",143.963,1,1,"Triangular",48.341,0,"Orthogonal",19.575,0,"?",12.228,1,-3,272.378,0,-6,236.792
"OU3SL","11115","point-click","winter22","asynch","Male",21,"English","Third","United States","I tried my best on each question",4,3,3,"","",16.1176666666667,2,"chrome",2048,1023,-0.514750935339171,13,-0.146250808015514,0,0,0,0,-13,0,13.26565,61.2260769230769,5.768,262.836,0,13,0,0,0,0,0,0,0,-1,"Orthogonal",18.589,0,-1,"Orthogonal",262.836,0,"Orthogonal",27.115,0,"Orthogonal",160.047,0,-5,377.277,0,-8,418.662
"OW65D","11115","point-click","winter22","asynch","Male",21,"Arabic","Fourth","Uniter Arab Emirates","I tried my best on each question",2,5,5,"This task is mind stimulating I like it!","None.",12.8641166666667,1,"chrome",1504,931,0.485249064660829,12.9230769230769,-0.229584141348847,0,0,0,0,-13,0,9.21375,42.525,8.383,105.093,0,13,0,0,0,0,0,0,0,-1,"Orthogonal",26.524,0,-1,"Orthogonal",92.242,0,"Orthogonal",64.821,0,"Orthogonal",49.673,0,-5,273.894,0,-8,278.931
"PTMPD","11115","point-click","winter22","asynch","Female",18,"Spanish","First","USA","I tried my best on each question",3,3,4,"nothing!","Nope!",12.36375,1,"chrome",1440,821,-0.452250935339171,10.4230769230769,-0.660673884938591,0,0,0,0,-11.5,0,9.51865,43.9322307692308,7.037,127.123,0,11,0,0,2,0,1,1,0,-1,"Orthogonal",17.84,0,-0.5,"?",39.323,0,"Orthogonal",22.692,0,"Orthogonal",127.123,0,-4.5,154.89,0,-7,416.229
"Q10C6","11115","point-click","winter22","asynch","Female",21,"Mandarin","Second","China","I tried my best on most questions",3,2,2,"no","no",8.04953333333333,2,"chrome",1440,789,2.04699148890325,5.84391025641026,1.42721126912303,0,0,0,2,-5.5,0.153846153846154,4.06946666666667,18.7821538461538,4.943,49.009,3,7,0,0,3,0,3,0,0,-1,"Orthogonal",27.755,1,1,"Triangular",13.471,0,"Orthogonal",13.949,0,"Triangular",16.265,1,-2,73.04,1,-3.5,171.128
"QAU26","11115","point-click","winter22","asynch","Male",21,"English","Third","United States","I tried my best on most questions",3,4,2,"I dont think i did good at first but it started to make sense later","none",9.65421666666667,1,"chrome",1920,969,6.11623376623377,2.37066365007541,3.39471557853911,0,0,0,5,3,0.384615384615385,4.2447,19.5909230769231,8.376,39.522,7,3,0,0,3,0,2,1,0,0,"blank",19.5,0,1,"Triangular",9.54,0,"Orthogonal",16.197,0,"Orthogonal",23.55,0,-1,89.668,5,4,165.014
"QGTVP","11115","point-click","winter22","asynch","Male",20,"Mandarin","Third","China","I tried my best on each question",3,4,2,"","",10.3842333333333,1,"chrome",2560,1218,0.110249064660829,11.9375,-0.146250808015514,0,0,0,0,-11,0,7.47366666666667,34.4938461538462,6.941,86.903,1,12,0,0,0,0,0,0,0,-1,"Orthogonal",42.477,0,-1,"Orthogonal",86.903,0,"Orthogonal",18.75,0,"Orthogonal",55.551,0,-5,184.572,0,-6,263.848
"QMZ24","11115","point-click","winter22","asynch","Male",20,"Spanish","Third","United States","I tried my best on each question",4,3,4,"I think that the time that it took me to complete the experiment was perfect, since it didn't become repetitive.","No",32.4731166666667,3,"chrome",1536,721,8.44709653092006,-1.16123680241327,5.68684012066365,0,0,0,6,9.5,0.461538461538462,7.44571666666667,34.3648461538462,7.647,104.326,10,0,1,0,2,1,2,0,0,1,"Triangular",75.985,1,1,"Triangular",15.616,0,"Triangular",104.326,1,"Triangular",42.595,2,4.5,138.049,4,5,308.694
"R1K0J","11115","point-click","winter22","asynch","Male",18,"English","First","USA","I tried my best on each question",4,4,3,"At first I didn't understand how this worked, but after 5 or so questions I understood it","No",5.8292,2.5,"chrome",1440,764,8.43974358974359,3.53925339366516,4.52472527472527,0,0,0,6,4,0.461538461538462,2.6325,12.15,5.448,38.517,8,3,0,0,2,0,2,0,0,-1,"Orthogonal",17.823,1,1,"Triangular",9.045,0,"Orthogonal",9.604,1,"Triangular",6.346,2,-0.5,68.891,4,4.5,89.059
"R8SJJ","11115","point-click","winter22","asynch","Female",19,"English","Fourth","US","I tried my best on each question",2,2,4,"n/a","no",9.32825,1,"chrome",1680,971,-0.452250935339171,11.4230769230769,-0.664350355526826,0,0,0,0,-12.5,0,6.02106666666667,27.7895384615385,5.938,71.537,0,12,0,0,1,0,1,0,0,-1,"Orthogonal",23.457,0,-0.5,"?",46.861,0,"Orthogonal",15.983,0,"Orthogonal",36.22,0,-4.5,133.237,0,-8,228.027
"RD6JR","11115","point-click","winter22","asynch","Female",22,"English","Fourth","USA","I tried my best on each question",4,4,3,"The extra lines on the graph were confusing ","No ",8.49143333333333,1,"chrome",1440,789,-0.586179506767742,11.9230769230769,-0.794602456367162,0,0,0,0,-12.5,0,5.76566666666667,26.6107692307692,7.755,67.956,0,12,0,0,1,0,1,0,0,-1,"Orthogonal",10.808,0,-0.5,"?",67.956,0,"Orthogonal",25.793,0,"Orthogonal",37.391,0,-4.5,165.839,0,-8,180.101
"S3JZD","11115","point-click","winter22","asynch","Female",19,"English","Second","United States","I tried my best on each question",2,4,4,"","",10.0823833333333,1,"chrome",1920,937,-0.605660026248262,11.8642533936652,-0.229584141348847,0,0,0,0,-12.5,0,6.33913333333333,29.2575384615385,4.774,80.702,0,12,0,0,1,0,1,0,0,-1,"Orthogonal",28.349,0,-1,"Orthogonal",80.702,0,"Orthogonal",13.855,0,"Orthogonal",38.5,0,-5,165.469,0,-7.5,214.879
"S4EK0","11115","point-click","winter22","asynch","Female",19,"English","Second","United States","I tried my best on each question",2,4,3,"","no",8.17085,1,"chrome",1792,1009,-0.452250935339171,12.5,-0.146250808015514,0,0,0,0,-13,0,4.89665,22.5999230769231,8.198,64.942,0,13,0,0,0,0,0,0,0,-1,"Orthogonal",34.46,0,-1,"Orthogonal",64.942,0,"Orthogonal",15.391,0,"Orthogonal",21.789,0,-5,142.157,0,-8,151.642
"SLYYU","11115","point-click","winter22","asynch","Female",22,"X-Other","Fourth","United States","I tried my best on each question",4,3,5,"The Triangle was helpful","",8.1672,1,"chrome",1371,795,0.0946678321678322,4.50175339366516,0.799235078646843,0,0,0,1,-7,0.0769230769230769,4.83316666666667,22.3069230769231,6.297,49.212,1,5,0,0,7,0,6,1,0,-1,"Orthogonal",14.302,0,-0.5,"?",23.601,0,"Orthogonal",20.305,0,"?",12.398,0,-3,138.163,1,-4,151.827
"T2MAH","11115","point-click","winter22","asynch","Male",22,"English","Fourth","United States","I tried my best on each question",2,5,4,"","no",9.74798333333333,2,"chrome",1536,792,-0.452250935339171,12.5,-0.0874272786037492,0,0,0,0,-13,0,6.77165,31.2537692307692,4.999,105.741,0,13,0,0,0,0,0,0,0,-1,"Orthogonal",27.69,0,-1,"Orthogonal",105.741,0,"Orthogonal",12.854,0,"Orthogonal",25.808,0,-5,196.441,0,-8,209.858
"TMVAO","11115","point-click","winter22","asynch","Male",20,"English","Third","United States","I tried my best on most questions",2,3,3,"","",13.69265,1,"chrome",1920,969,-0.514750935339171,13,-0.146250808015514,0,0,0,0,-13,0,10.4854666666667,48.3944615384615,9.498,268.69,0,13,0,0,0,0,0,0,0,-1,"Orthogonal",17.19,0,-1,"Orthogonal",125.815,0,"Orthogonal",16.233,0,"Orthogonal",268.69,0,-5,210.136,0,-8,418.992
"UV0QH","11115","point-click","winter22","asynch","Female",19,"English","Second","US","I tried my best on each question",4,4,4,"","no",7.83931666666667,1,"chrome",1440,821,-0.514750935339171,12.5,-0.146250808015514,0,0,0,0,-13,0,5.71861666666667,26.3936153846154,5.256,57.475,0,13,0,0,0,0,0,0,0,-1,"Orthogonal",40.561,0,-1,"Orthogonal",57.475,0,"Orthogonal",15.268,0,"Orthogonal",37.73,0,-5,168.961,0,-8,174.156
"VPBE4","11115","point-click","winter22","asynch","Female",21,"Spanish","Fourth","Spain","I tried my best on each question",2,4,4,"","",10.8529,1,"chrome",1440,849,-0.330927405927406,9.92307692307692,-0.546703296703297,0,0,0,0,-10.5,0,7.8806,36.372,5.009,100.742,0,10,0,0,3,0,1,2,0,-1,"Orthogonal",21.179,0,-0.5,"?",100.742,0,"Orthogonal",10.035,0,"blank",41.353,0,-4.5,185.7,0,-6,287.136
"VWB05","11115","point-click","winter22","asynch","Female",19,"Cantonese","Second","United States","I tried my best on each question",2,4,4,"","",6.1188,2,"chrome",1536,746,-0.42384184443008,10.9375,-0.646250808015514,0,0,0,0,-11.5,0,3.71906666666667,17.1649230769231,2.867,27.67,0,11,0,0,2,0,1,1,0,-1,"Orthogonal",24.46,0,0,"blank",23.075,0,"Orthogonal",13.969,0,"Orthogonal",27.67,0,-4,93.073,0,-7.5,130.071
"WBJQG","11115","point-click","winter22","asynch","Female",20,"English","Third","usa","I tried my best on most questions",3,1,3,"","",3.14773333333333,1,"chrome",1440,777,0.0435823979941627,2.10592006033183,1.52314964447317,0,0,0,0,-4.5,0,1.55305,7.16792307692308,2.782,14.365,1,3,2,0,7,2,7,0,0,-0.5,"?",13.632,0,-0.5,"?",7.123,0,"Tversky",10.328,0,"?",4.251,0,-3.5,46.219,0,-1,46.964
"WEFE3","11115","point-click","winter22","asynch","Female",19,"English","First","America","I tried my best on most questions",3,2,1,"make graph bigger to see points","No",10.54565,1,"chrome",1295,734,-0.343917602005837,3.53974358974359,0.856482977806507,0,0,0,0,-7.5,0,8.05495,37.1766923076923,6.124,180.288,0,4,1,0,8,1,8,0,0,-1,"Orthogonal",18.885,0,-0.5,"?",180.288,0,"Tversky",17.382,0,"?",7.415,0,-3,307.18,0,-4.5,176.117
"WEG15","11115","point-click","winter22","asynch","Female",26,"English","Fourth","United States","I tried my best on each question",4,3,3,"N/A","No",11.4089333333333,1,"chrome",1416,880,0.504729584141349,10.7564102564103,-0.794602456367162,0,0,0,1,-10.5,0.0769230769230769,8.11886666666667,37.4716923076923,6.543,117.533,1,11,0,0,1,0,1,0,0,-1,"Orthogonal",28.067,1,1,"Triangular",18.901,0,"Orthogonal",32.527,0,"Orthogonal",41.802,1,-2.5,128.231,0,-8,358.901
"WF1M3","11115","point-click","winter22","asynch","Female",21,"English","Fourth","India","I tried my best on most questions",2,4,4,"","No",11.1800833333333,3,"chrome",1536,754,-0.455927405927406,10.9333333333333,-0.0874272786037492,0,0,0,0,-11.5,0,8.21805,37.9294615384615,8.458,137.457,0,11,0,0,2,0,1,1,0,-1,"Orthogonal",21.283,0,-1,"Orthogonal",137.457,0,"Orthogonal",25.978,0,"?",19.529,0,-5,266.844,0,-6.5,226.239
"XHMNM","11115","point-click","winter22","asynch","Female",22,"English","Fourth","Hong Kong","I tried my best on each question",3,3,4,"nil","no ",39.0318333333333,1.5,"chrome",1440,704,0.598344302756068,8.23974358974359,1.87983462615816,0,0,0,1,-8,0.0769230769230769,11.5507166666667,53.311,4.788,249.502,1,9,1,0,2,1,1,1,0,-1,"Orthogonal",8.801,0,0.5,"Tversky",153.978,0,"Orthogonal",22.189,0,"Orthogonal",73.392,1,-1,226.392,0,-7,466.651
"XJLSB","11115","point-click","winter22","asynch","Male",27,"English","Fourth","United States","I tried my best on each question",4,3,3,"was difficult to read the graph with limited instruction","n/a",6.83665,1,"chrome",1920,937,-0.473084268672504,5.48141025641026,-0.331017022193493,0,0,0,0,-9.5,0,3.81405,17.6033076923077,3.472,30.909,0,6,0,0,7,0,7,0,0,-1,"Orthogonal",18.506,0,-0.5,"?",22.439,0,"Orthogonal",13.066,0,"Orthogonal",30.909,0,-3.5,86.208,0,-6,142.635
"XLH9B","11115","point-click","winter22","asynch","Male",21,"English","Fourth","United States","I tried my best on each question",3,3,3,"","No.",12.7335333333333,1,"chrome",1920,937,-0.437827858416094,10.8333333333333,-0.0748222365869425,0,0,0,0,-12,0,8.63775,39.8665384615385,9.02,95.497,0,11,0,0,2,0,2,0,0,-0.5,"?",45.958,0,-1,"Orthogonal",87.367,0,"Orthogonal",24.323,0,"Orthogonal",55.082,0,-4,271.728,0,-8,246.537
"XNRRS","11115","point-click","winter22","asynch","Other-Not Listed",21,"English","Third","US","I tried my best on each question",4,4,2,"The grid lines did not correlate with the actual end time of the shifts. It would be thought that we just follow the diagonal straight down to find the time but it wasn't even accurate, making this harder than it should've been.","",9.58261666666667,1,"chrome",1920,937,-0.42384184443008,12,-0.646250808015514,0,0,0,0,-12,0,6.5746,30.3443076923077,6.022,71.57,0,12,0,0,1,0,0,1,0,-1,"Orthogonal",18.324,0,0,"blank",46.033,0,"Orthogonal",18.158,0,"Orthogonal",33.15,0,-4,235.206,0,-8,159.27
"XV09T","11115","point-click","winter22","asynch","Female",21,"English","Third","United States","I tried my best on each question",3,3,5,"","No",7.16075,1,"chrome",1439,696,0.42615815556992,3.08508672699849,0.151125834949364,0,0,0,1,-7,0.0769230769230769,4.1873,19.326,7.212,39.278,1,4,0,0,8,0,8,0,0,-1,"Orthogonal",20.411,1,1,"Triangular",14.503,0,"frenzy",32.494,0,"?",8.674,1,-2,121.398,0,-5,129.84
"Y82VR","11115","point-click","winter22","asynch","Female",21,"Spanish","Third","United States","I tried my best on most questions",2,4,3,"","",25.6886,1,"chrome",1600,712,-0.452250935339171,9.77307692307692,0.412572721396251,0,0,0,0,-10.5,0,15.4102166666667,71.1240769230769,13.529,408.417,0,10,1,0,2,1,2,0,0,-1,"Orthogonal",29.407,0,-0.5,"?",33.556,0,"Orthogonal",59.609,0,"?",31.691,0,-3,121.294,0,-7.5,803.319
"YCA39","11115","point-click","winter22","asynch","Male",20,"English","Second","United States","I tried my best on each question",3,4,4,"The way the graph was structured definitely affected my performance and accuracy.","N/A",13.1584833333333,2,"chrome",2560,1329,-0.514750935339171,13,-0.146250808015514,0,0,0,0,-13,0,7.16196666666667,33.0552307692308,9.01,112.692,0,13,0,0,0,0,0,0,0,-1,"Orthogonal",22.026,0,-1,"Orthogonal",112.692,0,"Orthogonal",28.344,0,"Orthogonal",25.191,0,-5,208.879,0,-8,220.839
"YM960","11115","point-click","winter22","asynch","Female",18,"English","First","United States of America","I tried my best on each question",4,3,3,"N/A","N/A",4.96561666666667,1,"chrome",1440,730,-0.514750935339171,11.9375,-0.146250808015514,0,0,0,0,-12.5,0,3.2569,15.0318461538462,3.323,37.343,0,12,0,0,1,0,1,0,0,-1,"Orthogonal",3.644,0,-1,"Orthogonal",23.674,0,"Orthogonal",7.072,0,"Orthogonal",34.543,0,-5,65.248,0,-7.5,130.166
"YV5WY","11115","point-click","winter22","asynch","Male",22,"English","Fourth","USA","I tried my best on each question",4,5,4,"I thought this was definitely an interesting way to keep track of time and shifts, however, I think if I was a worker who had to decipher this schedule every few weeks I would become a bit irritated. Overall, interesting experience and challenge to perform this task. ","No.",8.0421,1,"chrome",1920,975,-0.514750935339171,13,-0.146250808015514,0,0,0,0,-13,0,5.33361666666667,24.6166923076923,3.442,52.451,0,13,0,0,0,0,0,0,0,-1,"Orthogonal",35.526,0,-1,"Orthogonal",52.451,0,"Orthogonal",10.531,0,"Orthogonal",23.272,0,-5,157.458,0,-8,162.559
"Z39WH","11115","point-click","winter22","asynch","Female",22,"English","Third","USA","I tried my best on each question",4,3,5,"NA","No",12.2818333333333,1,"chrome",1406,740,3.00840605472958,7.37626319758673,1.20907401422107,0,0,0,3,-5.5,0.230769230769231,9.66738333333333,44.6186923076923,8.161,185.075,3,7,0,0,3,0,3,0,0,-1,"Orthogonal",27.7,1,1,"Triangular",185.075,0,"Orthogonal",10.228,0,"Orthogonal",33.595,1,-2.5,303.074,2,-3,276.969
"Z6CB2","11115","point-click","winter22","asynch","Male",21,"X-Other","Third","USA","I tried my best on each question",4,3,5,"I wouldn't say a practice example, but some time to familiarize yourself with the graph and decipher it in your head before getting asked the questions. ","N/A",21.9146833333333,1,"chrome",1440,706,0.806677636089401,11.0166666666667,1.17517776341306,0,0,0,1,-10.5,0.0769230769230769,16.1342833333333,74.4659230769231,6.785,154.218,1,11,0,0,1,0,1,0,0,-1,"Orthogonal",23.275,0,-1,"Orthogonal",140.521,0,"Orthogonal",55.044,0,"Orthogonal",92.417,1,-2.5,366.871,0,-8,601.186
"Z84ZV","11115","point-click","winter22","asynch","Female",19,"English","Second","US","I tried my best on each question",4,3,3,"It was a little tricky reading the graph, but i did try my best","No",5.58926666666667,1,"chrome",1536,753,-1.03277041585865,9.5,-0.242189183365654,0,0,0,0,-9.5,0,3.50661666666667,16.1843846153846,4.21,34.541,0,10,1,0,2,1,0,2,0,-1,"Orthogonal",12.851,0,0,"blank",12.833,0,"Orthogonal",13.531,0,"Orthogonal",22.282,0,-2.5,63.661,0,-7,146.736
"ZKG07","11115","point-click","winter22","asynch","Female",19,"X-Other","First","america","I tried my best on each question",2,4,5,"","",6.96933333333333,1,"chrome",1512,777,6.57664835164835,4.78092006033182,3.86996336996337,0,0,0,7,2.5,0.538461538461538,4.47051666666667,20.6331538461538,6.562,71.506,7,5,1,0,0,1,0,0,0,-1,"Orthogonal",15.302,1,1,"Triangular",20.617,0,"Tversky",71.506,1,"Triangular",16.2,1,-3,87.432,6,5.5,180.799
"ZRRZW","11115","point-click","winter22","asynch","Female",21,"English","Fourth","United States","I tried my best on each question",4,2,4,"","",9.59708333333333,1,"chrome",1228,706,0.544072594072594,10.8578431372549,0.912572721396251,0,0,0,1,-10.5,0.0769230769230769,6.80455,31.4056153846154,6.744,58.962,1,11,0,0,1,0,1,0,0,-1,"Orthogonal",30.476,0,-1,"Orthogonal",53.096,0,"Orthogonal",18.708,0,"Orthogonal",58.962,0,-4.5,169.219,1,-6,239.054
