"subject","study","term","pool","mode","block","explicit","impasse","grid","mark","ixn","gwidth","gheight","graph","time_elapsed_m","question","relation","q","correct","discriminant","tri_score","orth_score","other_score","blank_score","answer","rt_s","condition"
"P5TGP","SGC5A","winter22","sona","asynch","item_test","1","1","1","1","5",600,600,"triangular",1.10208333333333,"Which shift(s) start at 11 am?","starttime","1","FALSE",-0.0833333333333333,0,0,1,0,"A ",16.331,"11115"
"P5TGP","SGC5A","winter22","sona","asynch","item_test","1","1","1","1","5",600,600,"triangular",1.39671666666667,"Which shift(s) start at the same time as D?","starts","2","FALSE",-0.0833333333333333,0,0,1,0,"E ",17.567,"11115"
"P5TGP","SGC5A","winter22","sona","asynch","item_test","1","1","1","1","5",600,600,"triangular",1.77955,"Which shift(s) begin when C ends?","meets","3","FALSE",-0.0833333333333333,0,0,1,0,"Z ",22.824,"11115"
"P5TGP","SGC5A","winter22","sona","asynch","item_test","1","1","1","1","5",600,600,"triangular",1.8499,"Which shift(s) end at 4 pm?","endtime","4","FALSE",-0.0833333333333333,0,0,1,0,"K ",4.102,"11115"
"P5TGP","SGC5A","winter22","sona","asynch","item_test","1","1","1","1","5",600,600,"triangular",1.88646666666667,"Coffee breaks happen halfway through a shift.</br> Which shift(s) share a break with I?","midpoint","5","FALSE",-0.0833333333333333,0,0,1,0,"O ",2.098,"11115"
"P5TGP","SGC5A","winter22","sona","asynch","item_nondiscriminant","1","1","1","1","5",600,600,"triangular",2.04773333333333,"Which shift(s) are six hours long?","duration","6","FALSE",-0.166666666666667,0,0,2,0,"E ,G ",6.536,"11115"
"P5TGP","SGC5A","winter22","sona","asynch","item_test","1","1","1","1","5",600,600,"triangular",2.45413333333333,"Which 2 shifts less than 5 hours long start at the same time?","duration+starts","7","FALSE",-0.166666666666667,0,0,2,0,"B ,F ",24.062,"11115"
"P5TGP","SGC5A","winter22","sona","asynch","item_test","1","1","1","1","5",600,600,"triangular",2.57116666666667,"Which shift(s) under 7 hours long starts before B starts, and ends after X ends?","duration+contained","8","FALSE",-0.0833333333333333,0,0,1,0,"H ",6.926,"11115"
"P5TGP","SGC5A","winter22","sona","asynch","item_nondiscriminant","1","1","1","1","5",600,600,"triangular",2.76615,"Which shift(s) begins before J begins and ends during B?","starttime+before+endtime+during","9","FALSE",-0.0833333333333333,0,0,1,0,"I ",11.565,"11115"
"P5TGP","SGC5A","winter22","sona","asynch","item_test","1","1","1","1","5",600,600,"triangular",2.85755,"Which shift(s) end at the same time as F?","ends","10","FALSE",-0.0833333333333333,0,0,1,0,"O ",5.268,"11115"
"P5TGP","SGC5A","winter22","sona","asynch","item_test","1","1","1","1","5",600,600,"triangular",2.8986,"Which shift(s) start at 12pm?","starttime","11","FALSE",-0.0833333333333333,0,0,1,0,"E ",2.338,"11115"
"P5TGP","SGC5A","winter22","sona","asynch","item_test","1","1","1","1","5",600,600,"triangular",2.99553333333333,"Which shift(s) start at the same time as F?","starts","12","FALSE",-0.0833333333333333,0,0,1,0,"B ",5.712,"11115"
"P5TGP","SGC5A","winter22","sona","asynch","item_nondiscriminant","1","1","1","1","5",600,600,"triangular",3.06671666666667,"Which 2 shifts end when Z begins?","meets","13","FALSE",-0.0833333333333333,0,0,1,0,"J ",4.159,"11115"
"P5TGP","SGC5A","winter22","sona","asynch","item_test","1","1","1","1","5",600,600,"triangular",3.12495,"Which shift(s) end at 3pm?","endtime","14","FALSE",-0.0833333333333333,0,0,1,0,"C ",3.4,"11115"
"P5TGP","SGC5A","winter22","sona","asynch","item_test","1","1","1","1","5",600,600,"triangular",3.16455,"Coffee breaks happen halfway through a shift. </br>Which shifts share a break at 2pm?","midpoint","15","FALSE",-0.0833333333333333,0,0,1,0,"B ",2.265,"11115"
"MAFVW","SGC5A","winter22","sona","asynch","item_test","1","1","1","1","5",600,600,"triangular",2.42883333333333,"Which shift(s) start at 11 am?","starttime","1","FALSE",-0.0833333333333333,0,0,1,0,"A ",33.29,"11115"
"MAFVW","SGC5A","winter22","sona","asynch","item_test","1","1","1","1","5",600,600,"triangular",2.56403333333333,"Which shift(s) start at the same time as D?","starts","2","FALSE",-0.0833333333333333,0,0,1,0,"E ",8.02,"11115"
"MAFVW","SGC5A","winter22","sona","asynch","item_test","1","1","1","1","5",600,600,"triangular",2.9393,"Which shift(s) begin when C ends?","meets","3","FALSE",-0.0833333333333333,0,0,1,0,"Z ",22.439,"11115"
"MAFVW","SGC5A","winter22","sona","asynch","item_test","1","1","1","1","5",600,600,"triangular",3.6159,"Which shift(s) end at 4 pm?","endtime","4","FALSE",-0.0833333333333333,0,0,1,0,"U ",40.51,"11115"
"MAFVW","SGC5A","winter22","sona","asynch","item_test","1","1","1","1","5",600,600,"triangular",4.13058333333333,"Coffee breaks happen halfway through a shift.</br> Which shift(s) share a break with I?","midpoint","5","FALSE",-0.0833333333333333,0,0,1,0,"U ",30.799,"11115"
"MAFVW","SGC5A","winter22","sona","asynch","item_nondiscriminant","1","1","1","1","5",600,600,"triangular",4.35088333333333,"Which shift(s) are six hours long?","duration","6","FALSE",-0.166666666666667,0,0,2,0,"E ,G ",7.513,"11115"
"MAFVW","SGC5A","winter22","sona","asynch","item_test","1","1","1","1","5",600,600,"triangular",4.57405,"Which 2 shifts less than 5 hours long start at the same time?","duration+starts","7","FALSE",-0.166666666666667,0,0,2,0,"B ,F ",13.309,"11115"
"MAFVW","SGC5A","winter22","sona","asynch","item_test","1","1","1","1","5",600,600,"triangular",4.95141666666667,"Which shift(s) under 7 hours long starts before B starts, and ends after X ends?","duration+contained","8","FALSE",-0.0833333333333333,0,0,1,0,"E ",22.564,"11115"
"MAFVW","SGC5A","winter22","sona","asynch","item_nondiscriminant","1","1","1","1","5",600,600,"triangular",5.14426666666667,"Which shift(s) begins before J begins and ends during B?","starttime+before+endtime+during","9","FALSE",-0.0833333333333333,0,0,1,0,"I ",11.487,"11115"
"MAFVW","SGC5A","winter22","sona","asynch","item_test","1","1","1","1","5",600,600,"triangular",5.57141666666667,"Which shift(s) end at the same time as F?","ends","10","FALSE",0,0,0,0,1,"",25.553,"11115"
"MAFVW","SGC5A","winter22","sona","asynch","item_test","1","1","1","1","5",600,600,"triangular",5.90696666666667,"Which shift(s) start at 12pm?","starttime","11","FALSE",-0.166666666666667,0,0,2,0,"B ,F ",20.056,"11115"
"MAFVW","SGC5A","winter22","sona","asynch","item_test","1","1","1","1","5",600,600,"triangular",6.09583333333333,"Which shift(s) start at the same time as F?","starts","12","FALSE",-0.0833333333333333,0,0,1,0,"B ",11.253,"11115"
"MAFVW","SGC5A","winter22","sona","asynch","item_nondiscriminant","1","1","1","1","5",600,600,"triangular",6.43133333333333,"Which 2 shifts end when Z begins?","meets","13","FALSE",-0.166666666666667,0,0,2,0,"F ,X ",20.052,"11115"
"MAFVW","SGC5A","winter22","sona","asynch","item_test","1","1","1","1","5",600,600,"triangular",6.92113333333333,"Which shift(s) end at 3pm?","endtime","14","FALSE",-0.0833333333333333,0,0,1,0,"F ",29.31,"11115"
"MAFVW","SGC5A","winter22","sona","asynch","item_test","1","1","1","1","5",600,600,"triangular",7.90566666666667,"Coffee breaks happen halfway through a shift. </br>Which shifts share a break at 2pm?","midpoint","15","FALSE",-0.166666666666667,0,0,2,0,"E ,F ",58.996,"11115"
"AJO1Q","SGC5A","winter22","sona","asynch","item_test","1","1","1","1","5",600,600,"triangular",4.99875,"Which shift(s) start at 11 am?","starttime","1","FALSE",-0.0833333333333333,0,0,1,0,"A ",43.074,"11115"
"AJO1Q","SGC5A","winter22","sona","asynch","item_test","1","1","1","1","5",600,600,"triangular",5.28505,"Which shift(s) start at the same time as D?","starts","2","FALSE",-0.0833333333333333,0,0,1,0,"E ",16.803,"11115"
"AJO1Q","SGC5A","winter22","sona","asynch","item_test","1","1","1","1","5",600,600,"triangular",5.69806666666667,"Which shift(s) begin when C ends?","meets","3","FALSE",-0.0833333333333333,0,0,1,0,"Z ",24.514,"11115"
"AJO1Q","SGC5A","winter22","sona","asynch","item_test","1","1","1","1","5",600,600,"triangular",8.04101666666667,"Which shift(s) end at 4 pm?","endtime","4","FALSE",-0.0833333333333333,0,0,1,0,"U ",140.313,"11115"
"AJO1Q","SGC5A","winter22","sona","asynch","item_test","1","1","1","1","5",600,600,"triangular",10.62915,"Coffee breaks happen halfway through a shift.</br> Which shift(s) share a break with I?","midpoint","5","FALSE",-0.0833333333333333,0,0,1,0,"U ",154.998,"11115"
"AJO1Q","SGC5A","winter22","sona","asynch","item_nondiscriminant","1","1","1","1","5",600,600,"triangular",11.05425,"Which shift(s) are six hours long?","duration","6","FALSE",-0.166666666666667,0,0,2,0,"E ,G ",12.652,"11115"
"AJO1Q","SGC5A","winter22","sona","asynch","item_test","1","1","1","1","5",600,600,"triangular",11.38165,"Which 2 shifts less than 5 hours long start at the same time?","duration+starts","7","FALSE",-0.166666666666667,0,0,2,0,"B ,F ",19.373,"11115"
"AJO1Q","SGC5A","winter22","sona","asynch","item_test","1","1","1","1","5",600,600,"triangular",12.32675,"Which shift(s) under 7 hours long starts before B starts, and ends after X ends?","duration+contained","8","FALSE",-0.0833333333333333,0,0,1,0,"E ",56.435,"11115"
"AJO1Q","SGC5A","winter22","sona","asynch","item_nondiscriminant","1","1","1","1","5",600,600,"triangular",12.9416,"Which shift(s) begins before J begins and ends during B?","starttime+before+endtime+during","9","FALSE",-0.0833333333333333,0,0,1,0,"I ",36.604,"11115"
"AJO1Q","SGC5A","winter22","sona","asynch","item_test","1","1","1","1","5",600,600,"triangular",14.1107333333333,"Which shift(s) end at the same time as F?","ends","10","FALSE",-0.0833333333333333,0,0,1,0,"X ",69.866,"11115"
"AJO1Q","SGC5A","winter22","sona","asynch","item_test","1","1","1","1","5",600,600,"triangular",14.3036666666667,"Which shift(s) start at 12pm?","starttime","11","FALSE",-0.166666666666667,0,0,2,0,"B ,F ",11.276,"11115"
"AJO1Q","SGC5A","winter22","sona","asynch","item_test","1","1","1","1","5",600,600,"triangular",14.63555,"Which shift(s) start at the same time as F?","starts","12","FALSE",-0.0833333333333333,0,0,1,0,"B ",19.63,"11115"
"AJO1Q","SGC5A","winter22","sona","asynch","item_nondiscriminant","1","1","1","1","5",600,600,"triangular",15.07755,"Which 2 shifts end when Z begins?","meets","13","FALSE",-0.166666666666667,0,0,2,0,"F ,X ",26.244,"11115"
"AJO1Q","SGC5A","winter22","sona","asynch","item_test","1","1","1","1","5",600,600,"triangular",15.5556833333333,"Which shift(s) end at 3pm?","endtime","14","FALSE",-0.0833333333333333,0,0,1,0,"B ",28.391,"11115"
"AJO1Q","SGC5A","winter22","sona","asynch","item_test","1","1","1","1","5",600,600,"triangular",16.6187,"Coffee breaks happen halfway through a shift. </br>Which shifts share a break at 2pm?","midpoint","15","FALSE",-0.166666666666667,0,0,2,0,"E ,F ",63.505,"11115"
"SESUV","SGC5A","winter22","sona","asynch","item_test","1","1","1","1","5",600,600,"triangular",14.5576333333333,"Which shift(s) start at 11 am?","starttime","1","FALSE",0,0,0,0,1,"",17.548,"11115"
"SESUV","SGC5A","winter22","sona","asynch","item_test","1","1","1","1","5",600,600,"triangular",14.6938166666667,"Which shift(s) start at the same time as D?","starts","2","FALSE",-0.0833333333333333,0,0,1,0,"E ",8.057,"11115"
"SESUV","SGC5A","winter22","sona","asynch","item_test","1","1","1","1","5",600,600,"triangular",14.9346,"Which shift(s) begin when C ends?","meets","3","FALSE",-0.0833333333333333,0,0,1,0,"Z ",14.277,"11115"
"SESUV","SGC5A","winter22","sona","asynch","item_test","1","1","1","1","5",600,600,"triangular",15.7902666666667,"Which shift(s) end at 4 pm?","endtime","4","FALSE",-0.0833333333333333,0,0,1,0,"U ",51.229,"11115"
"SESUV","SGC5A","winter22","sona","asynch","item_test","1","1","1","1","5",600,600,"triangular",16.7885,"Coffee breaks happen halfway through a shift.</br> Which shift(s) share a break with I?","midpoint","5","FALSE",-0.0833333333333333,0,0,1,0,"F ",59.806,"11115"
"SESUV","SGC5A","winter22","sona","asynch","item_nondiscriminant","1","1","1","1","5",600,600,"triangular",17.0733333333333,"Which shift(s) are six hours long?","duration","6","FALSE",-0.166666666666667,0,0,2,0,"E ,G ",5.126,"11115"
"SESUV","SGC5A","winter22","sona","asynch","item_test","1","1","1","1","5",600,600,"triangular",17.4029333333333,"Which 2 shifts less than 5 hours long start at the same time?","duration+starts","7","FALSE",-0.166666666666667,0,0,2,0,"B ,F ",19.594,"11115"
"SESUV","SGC5A","winter22","sona","asynch","item_test","1","1","1","1","5",600,600,"triangular",17.8598,"Which shift(s) under 7 hours long starts before B starts, and ends after X ends?","duration+contained","8","FALSE",-0.0833333333333333,0,0,1,0,"E ",27.254,"11115"
"SESUV","SGC5A","winter22","sona","asynch","item_nondiscriminant","1","1","1","1","5",600,600,"triangular",18.23285,"Which shift(s) begins before J begins and ends during B?","starttime+before+endtime+during","9","FALSE",-0.0833333333333333,0,0,1,0,"I ",22.292,"11115"
"SESUV","SGC5A","winter22","sona","asynch","item_test","1","1","1","1","5",600,600,"triangular",18.6448666666667,"Which shift(s) end at the same time as F?","ends","10","FALSE",-0.0833333333333333,0,0,1,0,"I ",24.387,"11115"
"SESUV","SGC5A","winter22","sona","asynch","item_test","1","1","1","1","5",600,600,"triangular",18.7724333333333,"Which shift(s) start at 12pm?","starttime","11","FALSE",-0.166666666666667,0,0,2,0,"B ,F ",7.531,"11115"
"SESUV","SGC5A","winter22","sona","asynch","item_test","1","1","1","1","5",600,600,"triangular",19.0257833333333,"Which shift(s) start at the same time as F?","starts","12","FALSE",-0.0833333333333333,0,0,1,0,"B ",15.112,"11115"
"SESUV","SGC5A","winter22","sona","asynch","item_nondiscriminant","1","1","1","1","5",600,600,"triangular",19.9258333333333,"Which 2 shifts end when Z begins?","meets","13","FALSE",-0.166666666666667,0,0,2,0,"B ,F ",53.908,"11115"
"SESUV","SGC5A","winter22","sona","asynch","item_test","1","1","1","1","5",600,600,"triangular",20.2853,"Which shift(s) end at 3pm?","endtime","14","FALSE",-0.166666666666667,0,0,2,0,"B ,F ",21.477,"11115"
"SESUV","SGC5A","winter22","sona","asynch","item_test","1","1","1","1","5",600,600,"triangular",20.9335833333333,"Coffee breaks happen halfway through a shift. </br>Which shifts share a break at 2pm?","midpoint","15","FALSE",-0.0833333333333333,0,0,1,0,"F ",38.732,"11115"
"C1TTY","SGC5A","winter22","sona","asynch","item_test","1","1","1","1","5",600,600,"triangular",1.41575,"Which shift(s) start at 11 am?","starttime","1","FALSE",-0.0833333333333333,0,0,1,0,"F ",18.219,"11115"
"C1TTY","SGC5A","winter22","sona","asynch","item_test","1","1","1","1","5",600,600,"triangular",1.49618333333333,"Which shift(s) start at the same time as D?","starts","2","FALSE",-0.0833333333333333,0,0,1,0,"E ",4.7,"11115"
"C1TTY","SGC5A","winter22","sona","asynch","item_test","1","1","1","1","5",600,600,"triangular",1.6251,"Which shift(s) begin when C ends?","meets","3","FALSE",-0.0833333333333333,0,0,1,0,"A ",7.623,"11115"
"C1TTY","SGC5A","winter22","sona","asynch","item_test","1","1","1","1","5",600,600,"triangular",1.76256666666667,"Which shift(s) end at 4 pm?","endtime","4","FALSE",-0.0833333333333333,0,0,1,0,"K ",8.138,"11115"
"C1TTY","SGC5A","winter22","sona","asynch","item_test","1","1","1","1","5",600,600,"triangular",1.86503333333333,"Coffee breaks happen halfway through a shift.</br> Which shift(s) share a break with I?","midpoint","5","FALSE",-0.0833333333333333,0,0,1,0,"K ",6.04,"11115"
"C1TTY","SGC5A","winter22","sona","asynch","item_nondiscriminant","1","1","1","1","5",600,600,"triangular",2.37901666666667,"Which shift(s) are six hours long?","duration","6","FALSE",-0.0833333333333333,0,0,1,0,"G ",27.906,"11115"
"C1TTY","SGC5A","winter22","sona","asynch","item_test","1","1","1","1","5",600,600,"triangular",2.42726666666667,"Which 2 shifts less than 5 hours long start at the same time?","duration+starts","7","FALSE",-0.0833333333333333,0,0,1,0,"L ",2.777,"11115"
"C1TTY","SGC5A","winter22","sona","asynch","item_test","1","1","1","1","5",600,600,"triangular",2.4862,"Which shift(s) under 7 hours long starts before B starts, and ends after X ends?","duration+contained","8","FALSE",-0.0833333333333333,0,0,1,0,"K ",3.406,"11115"
"C1TTY","SGC5A","winter22","sona","asynch","item_nondiscriminant","1","1","1","1","5",600,600,"triangular",2.62073333333333,"Which shift(s) begins before J begins and ends during B?","starttime+before+endtime+during","9","FALSE",-0.0833333333333333,0,0,1,0,"H ",7.963,"11115"
"C1TTY","SGC5A","winter22","sona","asynch","item_test","1","1","1","1","5",600,600,"triangular",2.70255,"Which shift(s) end at the same time as F?","ends","10","FALSE",-0.0833333333333333,0,0,1,0,"E ",4.796,"11115"
"C1TTY","SGC5A","winter22","sona","asynch","item_test","1","1","1","1","5",600,600,"triangular",2.7537,"Which shift(s) start at 12pm?","starttime","11","FALSE",-0.0833333333333333,0,0,1,0,"P ",2.957,"11115"
"C1TTY","SGC5A","winter22","sona","asynch","item_test","1","1","1","1","5",600,600,"triangular",2.80641666666667,"Which shift(s) start at the same time as F?","starts","12","FALSE",-0.0833333333333333,0,0,1,0,"E ",3.048,"11115"
"C1TTY","SGC5A","winter22","sona","asynch","item_nondiscriminant","1","1","1","1","5",600,600,"triangular",2.86566666666667,"Which 2 shifts end when Z begins?","meets","13","FALSE",-0.0833333333333333,0,0,1,0,"O ",3.446,"11115"
"C1TTY","SGC5A","winter22","sona","asynch","item_test","1","1","1","1","5",600,600,"triangular",3.1551,"Which shift(s) end at 3pm?","endtime","14","FALSE",-0.0833333333333333,0,0,1,0,"X ",17.242,"11115"
"C1TTY","SGC5A","winter22","sona","asynch","item_test","1","1","1","1","5",600,600,"triangular",3.20248333333333,"Coffee breaks happen halfway through a shift. </br>Which shifts share a break at 2pm?","midpoint","15","FALSE",-0.0833333333333333,0,0,1,0,"H ",2.712,"11115"
"FPY8N","SGC5A","winter22","sona","asynch","item_test","1","1","1","1","5",600,600,"triangular",2.68283333333333,"Which shift(s) start at 11 am?","starttime","1","FALSE",-0.0833333333333333,0,0,1,0,"A ",4.44,"11115"
"FPY8N","SGC5A","winter22","sona","asynch","item_test","1","1","1","1","5",600,600,"triangular",2.74366666666667,"Which shift(s) start at the same time as D?","starts","2","FALSE",-0.0833333333333333,0,0,1,0,"I ",3.544,"11115"
"FPY8N","SGC5A","winter22","sona","asynch","item_test","1","1","1","1","5",600,600,"triangular",2.87935,"Which shift(s) begin when C ends?","meets","3","FALSE",-0.0833333333333333,0,0,1,0,"Z ",8.034,"11115"
"FPY8N","SGC5A","winter22","sona","asynch","item_test","1","1","1","1","5",600,600,"triangular",7.71811666666667,"Which shift(s) end at 4 pm?","endtime","4","FALSE",-0.0833333333333333,0,0,1,0,"U ",290.225,"11115"
"FPY8N","SGC5A","winter22","sona","asynch","item_test","1","1","1","1","5",600,600,"triangular",8.7488,"Coffee breaks happen halfway through a shift.</br> Which shift(s) share a break with I?","midpoint","5","FALSE",-0.0833333333333333,0,0,1,0,"U ",61.533,"11115"
"FPY8N","SGC5A","winter22","sona","asynch","item_nondiscriminant","1","1","1","1","5",600,600,"triangular",8.8889,"Which shift(s) are six hours long?","duration","6","FALSE",-0.166666666666667,0,0,2,0,"E ,G ",6.519,"11115"
"FPY8N","SGC5A","winter22","sona","asynch","item_test","1","1","1","1","5",600,600,"triangular",9.1339,"Which 2 shifts less than 5 hours long start at the same time?","duration+starts","7","FALSE",-0.166666666666667,0,0,2,0,"B ,F ",14.598,"11115"
"FPY8N","SGC5A","winter22","sona","asynch","item_test","1","1","1","1","5",600,600,"triangular",10.0205333333333,"Which shift(s) under 7 hours long starts before B starts, and ends after X ends?","duration+contained","8","FALSE",-0.0833333333333333,0,0,1,0,"E ",53.094,"11115"
"FPY8N","SGC5A","winter22","sona","asynch","item_nondiscriminant","1","1","1","1","5",600,600,"triangular",10.2312166666667,"Which shift(s) begins before J begins and ends during B?","starttime+before+endtime+during","9","FALSE",-0.0833333333333333,0,0,1,0,"I ",12.54,"11115"
"FPY8N","SGC5A","winter22","sona","asynch","item_test","1","1","1","1","5",600,600,"triangular",10.5961166666667,"Which shift(s) end at the same time as F?","ends","10","FALSE",-0.0833333333333333,0,0,1,0,"X ",21.69,"11115"
"FPY8N","SGC5A","winter22","sona","asynch","item_test","1","1","1","1","5",600,600,"triangular",10.92205,"Which shift(s) start at 12pm?","starttime","11","FALSE",-0.0833333333333333,0,0,1,0,"M ",19.447,"11115"
"FPY8N","SGC5A","winter22","sona","asynch","item_test","1","1","1","1","5",600,600,"triangular",11.1722833333333,"Which shift(s) start at the same time as F?","starts","12","FALSE",-0.0833333333333333,0,0,1,0,"B ",14.907,"11115"
"FPY8N","SGC5A","winter22","sona","asynch","item_nondiscriminant","1","1","1","1","5",600,600,"triangular",11.6074833333333,"Which 2 shifts end when Z begins?","meets","13","FALSE",-0.166666666666667,0,0,2,0,"F ,X ",26.01,"11115"
"FPY8N","SGC5A","winter22","sona","asynch","item_test","1","1","1","1","5",600,600,"triangular",11.8547166666667,"Which shift(s) end at 3pm?","endtime","14","FALSE",-0.0833333333333333,0,0,1,0,"B ",14.733,"11115"
"FPY8N","SGC5A","winter22","sona","asynch","item_test","1","1","1","1","5",600,600,"triangular",12.22305,"Coffee breaks happen halfway through a shift. </br>Which shifts share a break at 2pm?","midpoint","15","FALSE",-0.166666666666667,0,0,2,0,"E ,F ",21.808,"11115"
"0NEOZ","SGC5A","winter22","sona","asynch","item_test","1","1","1","1","5",600,600,"triangular",0.81385,"Which shift(s) start at 11 am?","starttime","1","FALSE",-0.0833333333333333,0,0,1,0,"A ",15.205,"11115"
"0NEOZ","SGC5A","winter22","sona","asynch","item_test","1","1","1","1","5",600,600,"triangular",1.00043333333333,"Which shift(s) start at the same time as D?","starts","2","FALSE",-0.0833333333333333,0,0,1,0,"E ",11.085,"11115"
"0NEOZ","SGC5A","winter22","sona","asynch","item_test","1","1","1","1","5",600,600,"triangular",1.5221,"Which shift(s) begin when C ends?","meets","3","FALSE",-0.166666666666667,0,0,2,0,"D ,E ",31.173,"11115"
"0NEOZ","SGC5A","winter22","sona","asynch","item_test","1","1","1","1","5",600,600,"triangular",1.80738333333333,"Which shift(s) end at 4 pm?","endtime","4","FALSE",-0.0833333333333333,0,0,1,0,"C ",17.011,"11115"
"0NEOZ","SGC5A","winter22","sona","asynch","item_test","1","1","1","1","5",600,600,"triangular",2.03988333333333,"Coffee breaks happen halfway through a shift.</br> Which shift(s) share a break with I?","midpoint","5","FALSE",-0.0833333333333333,0,0,1,0,"K ",13.731,"11115"
"0NEOZ","SGC5A","winter22","sona","asynch","item_nondiscriminant","1","1","1","1","5",600,600,"triangular",2.38296666666667,"Which shift(s) are six hours long?","duration","6","FALSE",-0.166666666666667,0,0,2,0,"E ,G ",15.423,"11115"
"0NEOZ","SGC5A","winter22","sona","asynch","item_test","1","1","1","1","5",600,600,"triangular",2.67903333333333,"Which 2 shifts less than 5 hours long start at the same time?","duration+starts","7","FALSE",-0.166666666666667,0,0,2,0,"B ,F ",17.521,"11115"
"0NEOZ","SGC5A","winter22","sona","asynch","item_test","1","1","1","1","5",600,600,"triangular",3.58156666666667,"Which shift(s) under 7 hours long starts before B starts, and ends after X ends?","duration+contained","8","FALSE",-0.0833333333333333,0,0,1,0,"O ",54.036,"11115"
"0NEOZ","SGC5A","winter22","sona","asynch","item_nondiscriminant","1","1","1","1","5",600,600,"triangular",3.87765,"Which shift(s) begins before J begins and ends during B?","starttime+before+endtime+during","9","FALSE",-0.0833333333333333,0,0,1,0,"I ",17.637,"11115"
"0NEOZ","SGC5A","winter22","sona","asynch","item_test","1","1","1","1","5",600,600,"triangular",4.02736666666667,"Which shift(s) end at the same time as F?","ends","10","FALSE",-0.0833333333333333,0,0,1,0,"A ",8.518,"11115"
"0NEOZ","SGC5A","winter22","sona","asynch","item_test","1","1","1","1","5",600,600,"triangular",4.13765,"Which shift(s) start at 12pm?","starttime","11","FALSE",-0.166666666666667,0,0,2,0,"B ,F ",6.414,"11115"
"0NEOZ","SGC5A","winter22","sona","asynch","item_test","1","1","1","1","5",600,600,"triangular",4.35543333333333,"Which shift(s) start at the same time as F?","starts","12","FALSE",-0.0833333333333333,0,0,1,0,"B ",12.877,"11115"
"0NEOZ","SGC5A","winter22","sona","asynch","item_nondiscriminant","1","1","1","1","5",600,600,"triangular",4.75846666666667,"Which 2 shifts end when Z begins?","meets","13","FALSE",-0.166666666666667,0,0,2,0,"I ,J ",24.087,"11115"
"0NEOZ","SGC5A","winter22","sona","asynch","item_test","1","1","1","1","5",600,600,"triangular",5.0096,"Which shift(s) end at 3pm?","endtime","14","FALSE",-0.25,0,0,3,0,"B ,I ,O ",14.969,"11115"
"0NEOZ","SGC5A","winter22","sona","asynch","item_test","1","1","1","1","5",600,600,"triangular",5.2518,"Coffee breaks happen halfway through a shift. </br>Which shifts share a break at 2pm?","midpoint","15","FALSE",-0.166666666666667,0,0,2,0,"J ,X ",14.432,"11115"
"9XRXZ","SGC5A","winter22","sona","asynch","item_test","1","1","1","1","5",600,600,"triangular",27.2748833333333,"Which shift(s) start at 11 am?","starttime","1","FALSE",-0.0833333333333333,0,0,1,0,"A ",40.03,"11115"
"9XRXZ","SGC5A","winter22","sona","asynch","item_test","1","1","1","1","5",600,600,"triangular",27.42245,"Which shift(s) start at the same time as D?","starts","2","FALSE",-0.0833333333333333,0,0,1,0,"E ",8.747,"11115"
"9XRXZ","SGC5A","winter22","sona","asynch","item_test","1","1","1","1","5",600,600,"triangular",29.41795,"Which shift(s) begin when C ends?","meets","3","FALSE",-0.0833333333333333,0,0,1,0,"D ",119.64,"11115"
"9XRXZ","SGC5A","winter22","sona","asynch","item_test","1","1","1","1","5",600,600,"triangular",31.1531,"Which shift(s) end at 4 pm?","endtime","4","FALSE",-0.0833333333333333,0,0,1,0,"B ",103.827,"11115"
"9XRXZ","SGC5A","winter22","sona","asynch","item_test","1","1","1","1","5",600,600,"triangular",31.4528166666667,"Coffee breaks happen halfway through a shift.</br> Which shift(s) share a break with I?","midpoint","5","FALSE",-0.0833333333333333,0,0,1,0,"U ",17.67,"11115"
"9XRXZ","SGC5A","winter22","sona","asynch","item_nondiscriminant","1","1","1","1","5",600,600,"triangular",32.1782333333333,"Which shift(s) are six hours long?","duration","6","FALSE",-0.5,0,0,6,0,"A ,E ,G ,K ,L ,P ",27.649,"11115"
"9XRXZ","SGC5A","winter22","sona","asynch","item_test","1","1","1","1","5",600,600,"triangular",32.6052666666667,"Which 2 shifts less than 5 hours long start at the same time?","duration+starts","7","FALSE",-0.166666666666667,0,0,2,0,"B ,F ",25.527,"11115"
"9XRXZ","SGC5A","winter22","sona","asynch","item_test","1","1","1","1","5",600,600,"triangular",33.4966333333333,"Which shift(s) under 7 hours long starts before B starts, and ends after X ends?","duration+contained","8","FALSE",-0.333333333333333,0,0,4,0,"D ,H ,N ,Z ",53.386,"11115"
"9XRXZ","SGC5A","winter22","sona","asynch","item_nondiscriminant","1","1","1","1","5",600,600,"triangular",34.5740333333333,"Which shift(s) begins before J begins and ends during B?","starttime+before+endtime+during","9","FALSE",-0.0833333333333333,0,0,1,0,"I ",64.47,"11115"
"9XRXZ","SGC5A","winter22","sona","asynch","item_test","1","1","1","1","5",600,600,"triangular",35.6144833333333,"Which shift(s) end at the same time as F?","ends","10","FALSE",-0.0833333333333333,0,0,1,0,"B ",62.144,"11115"
"9XRXZ","SGC5A","winter22","sona","asynch","item_test","1","1","1","1","5",600,600,"triangular",35.8202833333333,"Which shift(s) start at 12pm?","starttime","11","FALSE",-0.166666666666667,0,0,2,0,"B ,F ",12.059,"11115"
"9XRXZ","SGC5A","winter22","sona","asynch","item_test","1","1","1","1","5",600,600,"triangular",35.9408666666667,"Which shift(s) start at the same time as F?","starts","12","FALSE",-0.0833333333333333,0,0,1,0,"B ",7.058,"11115"
"9XRXZ","SGC5A","winter22","sona","asynch","item_nondiscriminant","1","1","1","1","5",600,600,"triangular",36.3791166666667,"Which 2 shifts end when Z begins?","meets","13","FALSE",-0.166666666666667,0,0,2,0,"H ,N ",26.202,"11115"
"9XRXZ","SGC5A","winter22","sona","asynch","item_test","1","1","1","1","5",600,600,"triangular",37.0044333333333,"Which shift(s) end at 3pm?","endtime","14","FALSE",-0.0833333333333333,0,0,1,0,"X ",37.423,"11115"
"9XRXZ","SGC5A","winter22","sona","asynch","item_test","1","1","1","1","5",600,600,"triangular",37.5334666666667,"Coffee breaks happen halfway through a shift. </br>Which shifts share a break at 2pm?","midpoint","15","FALSE",-0.0833333333333333,0,0,1,0,"X ",31.651,"11115"
"X44Y4","SGC5A","winter22","sona","asynch","item_test","1","1","1","1","5",600,600,"triangular",0.354366666666667,"Which shift(s) start at 11 am?","starttime","1","FALSE",0,0,0,0,1,"",3.703,"11115"
"X44Y4","SGC5A","winter22","sona","asynch","item_test","1","1","1","1","5",600,600,"triangular",0.367433333333333,"Which shift(s) start at the same time as D?","starts","2","FALSE",0,0,0,0,1,"",0.695,"11115"
"X44Y4","SGC5A","winter22","sona","asynch","item_test","1","1","1","1","5",600,600,"triangular",0.595716666666667,"Which shift(s) begin when C ends?","meets","3","FALSE",-0.0833333333333333,0,0,1,0,"H ",13.607,"11115"
"X44Y4","SGC5A","winter22","sona","asynch","item_test","1","1","1","1","5",600,600,"triangular",0.627733333333333,"Which shift(s) end at 4 pm?","endtime","4","FALSE",-0.0833333333333333,0,0,1,0,"H ",1.831,"11115"
"X44Y4","SGC5A","winter22","sona","asynch","item_test","1","1","1","1","5",600,600,"triangular",0.658,"Coffee breaks happen halfway through a shift.</br> Which shift(s) share a break with I?","midpoint","5","FALSE",-0.0833333333333333,0,0,1,0,"J ",1.727,"11115"
"X44Y4","SGC5A","winter22","sona","asynch","item_nondiscriminant","1","1","1","1","5",600,600,"triangular",0.70735,"Which shift(s) are six hours long?","duration","6","FALSE",-0.0833333333333333,0,0,1,0,"J ",1.977,"11115"
"X44Y4","SGC5A","winter22","sona","asynch","item_test","1","1","1","1","5",600,600,"triangular",0.736833333333333,"Which 2 shifts less than 5 hours long start at the same time?","duration+starts","7","FALSE",-0.0833333333333333,0,0,1,0,"F ",1.677,"11115"
"X44Y4","SGC5A","winter22","sona","asynch","item_test","1","1","1","1","5",600,600,"triangular",0.867416666666667,"Which shift(s) under 7 hours long starts before B starts, and ends after X ends?","duration+contained","8","FALSE",-0.0833333333333333,0,0,1,0,"B ",7.746,"11115"
"X44Y4","SGC5A","winter22","sona","asynch","item_nondiscriminant","1","1","1","1","5",600,600,"triangular",0.898366666666667,"Which shift(s) begins before J begins and ends during B?","starttime+before+endtime+during","9","FALSE",-0.0833333333333333,0,0,1,0,"A ",1.763,"11115"
"X44Y4","SGC5A","winter22","sona","asynch","item_test","1","1","1","1","5",600,600,"triangular",0.93925,"Which shift(s) end at the same time as F?","ends","10","FALSE",-0.0833333333333333,0,0,1,0,"A ",2.355,"11115"
"X44Y4","SGC5A","winter22","sona","asynch","item_test","1","1","1","1","5",600,600,"triangular",0.9702,"Which shift(s) start at 12pm?","starttime","11","FALSE",-0.0833333333333333,0,0,1,0,"E ",1.756,"11115"
"X44Y4","SGC5A","winter22","sona","asynch","item_test","1","1","1","1","5",600,600,"triangular",1.03656666666667,"Which shift(s) start at the same time as F?","starts","12","FALSE",-0.0833333333333333,0,0,1,0,"G ",3.883,"11115"
"X44Y4","SGC5A","winter22","sona","asynch","item_nondiscriminant","1","1","1","1","5",600,600,"triangular",1.06871666666667,"Which 2 shifts end when Z begins?","meets","13","FALSE",-0.0833333333333333,0,0,1,0,"G ",1.832,"11115"
"X44Y4","SGC5A","winter22","sona","asynch","item_test","1","1","1","1","5",600,600,"triangular",1.13318333333333,"Which shift(s) end at 3pm?","endtime","14","FALSE",-0.0833333333333333,0,0,1,0,"E ",3.776,"11115"
"X44Y4","SGC5A","winter22","sona","asynch","item_test","1","1","1","1","5",600,600,"triangular",1.184,"Coffee breaks happen halfway through a shift. </br>Which shifts share a break at 2pm?","midpoint","15","FALSE",-0.0833333333333333,0,0,1,0,"J ",2.959,"11115"
"7VUGQ","SGC5A","winter22","sona","asynch","item_test","1","1","1","1","5",600,600,"triangular",1.17415,"Which shift(s) start at 11 am?","starttime","1","FALSE",-0.0833333333333333,0,0,1,0,"A ",21.104,"11115"
"7VUGQ","SGC5A","winter22","sona","asynch","item_test","1","1","1","1","5",600,600,"triangular",1.27128333333333,"Which shift(s) start at the same time as D?","starts","2","FALSE",-0.0833333333333333,0,0,1,0,"E ",5.738,"11115"
"7VUGQ","SGC5A","winter22","sona","asynch","item_test","1","1","1","1","5",600,600,"triangular",1.4174,"Which shift(s) begin when C ends?","meets","3","FALSE",-0.0833333333333333,0,0,1,0,"Z ",8.675,"11115"
"7VUGQ","SGC5A","winter22","sona","asynch","item_test","1","1","1","1","5",600,600,"triangular",1.9015,"Which shift(s) end at 4 pm?","endtime","4","FALSE",-0.0833333333333333,0,0,1,0,"H ",28.956,"11115"
"7VUGQ","SGC5A","winter22","sona","asynch","item_test","1","1","1","1","5",600,600,"triangular",2.17705,"Coffee breaks happen halfway through a shift.</br> Which shift(s) share a break with I?","midpoint","5","FALSE",0,0,0,0,1,"",16.445,"11115"
"7VUGQ","SGC5A","winter22","sona","asynch","item_nondiscriminant","1","1","1","1","5",600,600,"triangular",2.36581666666667,"Which shift(s) are six hours long?","duration","6","FALSE",-0.166666666666667,0,0,2,0,"E ,G ",4.564,"11115"
"7VUGQ","SGC5A","winter22","sona","asynch","item_test","1","1","1","1","5",600,600,"triangular",2.59915,"Which 2 shifts less than 5 hours long start at the same time?","duration+starts","7","FALSE",-0.166666666666667,0,0,2,0,"B ,F ",13.914,"11115"
"7VUGQ","SGC5A","winter22","sona","asynch","item_test","1","1","1","1","5",600,600,"triangular",3.82188333333333,"Which shift(s) under 7 hours long starts before B starts, and ends after X ends?","duration+contained","8","FALSE",-0.0833333333333333,0,0,1,0,"G ",73.273,"11115"
"7VUGQ","SGC5A","winter22","sona","asynch","item_nondiscriminant","1","1","1","1","5",600,600,"triangular",4.4353,"Which shift(s) begins before J begins and ends during B?","starttime+before+endtime+during","9","FALSE",-0.0833333333333333,0,0,1,0,"I ",36.536,"11115"
"7VUGQ","SGC5A","winter22","sona","asynch","item_test","1","1","1","1","5",600,600,"triangular",4.61078333333333,"Which shift(s) end at the same time as F?","ends","10","FALSE",-0.0833333333333333,0,0,1,0,"E ",10.436,"11115"
"7VUGQ","SGC5A","winter22","sona","asynch","item_test","1","1","1","1","5",600,600,"triangular",4.88856666666667,"Which shift(s) start at 12pm?","starttime","11","FALSE",-0.166666666666667,0,0,2,0,"L ,M ",16.576,"11115"
"7VUGQ","SGC5A","winter22","sona","asynch","item_test","1","1","1","1","5",600,600,"triangular",5.13173333333333,"Which shift(s) start at the same time as F?","starts","12","FALSE",-0.0833333333333333,0,0,1,0,"G ",14.5,"11115"
"7VUGQ","SGC5A","winter22","sona","asynch","item_nondiscriminant","1","1","1","1","5",600,600,"triangular",5.30923333333333,"Which 2 shifts end when Z begins?","meets","13","FALSE",-0.166666666666667,0,0,2,0,"E ,F ",10.482,"11115"
"7VUGQ","SGC5A","winter22","sona","asynch","item_test","1","1","1","1","5",600,600,"triangular",5.49216666666667,"Which shift(s) end at 3pm?","endtime","14","FALSE",-0.0833333333333333,0,0,1,0,"X ",10.881,"11115"
"7VUGQ","SGC5A","winter22","sona","asynch","item_test","1","1","1","1","5",600,600,"triangular",5.6433,"Coffee breaks happen halfway through a shift. </br>Which shifts share a break at 2pm?","midpoint","15","FALSE",-0.166666666666667,0,0,2,0,"K ,X ",8.98,"11115"
"LWUQ3","SGC5A","winter22","sona","asynch","item_test","1","1","1","1","5",600,600,"triangular",1.0391,"Which shift(s) start at 11 am?","starttime","1","FALSE",-0.0833333333333333,0,0,1,0,"A ",40.45,"11115"
"LWUQ3","SGC5A","winter22","sona","asynch","item_test","1","1","1","1","5",600,600,"triangular",1.16676666666667,"Which shift(s) start at the same time as D?","starts","2","FALSE",-0.0833333333333333,0,0,1,0,"E ",7.569,"11115"
"LWUQ3","SGC5A","winter22","sona","asynch","item_test","1","1","1","1","5",600,600,"triangular",1.36126666666667,"Which shift(s) begin when C ends?","meets","3","FALSE",-0.0833333333333333,0,0,1,0,"Z ",11.562,"11115"
"LWUQ3","SGC5A","winter22","sona","asynch","item_test","1","1","1","1","5",600,600,"triangular",1.5431,"Which shift(s) end at 4 pm?","endtime","4","FALSE",-0.0833333333333333,0,0,1,0,"U ",10.798,"11115"
"LWUQ3","SGC5A","winter22","sona","asynch","item_test","1","1","1","1","5",600,600,"triangular",2.20313333333333,"Coffee breaks happen halfway through a shift.</br> Which shift(s) share a break with I?","midpoint","5","FALSE",-0.0833333333333333,0,0,1,0,"U ",39.513,"11115"
"LWUQ3","SGC5A","winter22","sona","asynch","item_nondiscriminant","1","1","1","1","5",600,600,"triangular",2.34388333333333,"Which shift(s) are six hours long?","duration","6","FALSE",-0.166666666666667,0,0,2,0,"E ,G ",6.629,"11115"
"LWUQ3","SGC5A","winter22","sona","asynch","item_test","1","1","1","1","5",600,600,"triangular",2.62233333333333,"Which 2 shifts less than 5 hours long start at the same time?","duration+starts","7","FALSE",-0.166666666666667,0,0,2,0,"B ,F ",16.568,"11115"
"LWUQ3","SGC5A","winter22","sona","asynch","item_test","1","1","1","1","5",600,600,"triangular",3.45255,"Which shift(s) under 7 hours long starts before B starts, and ends after X ends?","duration+contained","8","FALSE",-0.0833333333333333,0,0,1,0,"J ",49.672,"11115"
"LWUQ3","SGC5A","winter22","sona","asynch","item_nondiscriminant","1","1","1","1","5",600,600,"triangular",3.5405,"Which shift(s) begins before J begins and ends during B?","starttime+before+endtime+during","9","FALSE",-0.0833333333333333,0,0,1,0,"F ",5.181,"11115"
"LWUQ3","SGC5A","winter22","sona","asynch","item_test","1","1","1","1","5",600,600,"triangular",3.87298333333333,"Which shift(s) end at the same time as F?","ends","10","FALSE",-0.0833333333333333,0,0,1,0,"X ",19.825,"11115"
"LWUQ3","SGC5A","winter22","sona","asynch","item_test","1","1","1","1","5",600,600,"triangular",3.9299,"Which shift(s) start at 12pm?","starttime","11","FALSE",-0.0833333333333333,0,0,1,0,"B ",3.274,"11115"
"LWUQ3","SGC5A","winter22","sona","asynch","item_test","1","1","1","1","5",600,600,"triangular",3.98096666666667,"Which shift(s) start at the same time as F?","starts","12","FALSE",-0.0833333333333333,0,0,1,0,"G ",2.961,"11115"
"LWUQ3","SGC5A","winter22","sona","asynch","item_nondiscriminant","1","1","1","1","5",600,600,"triangular",4.03121666666667,"Which 2 shifts end when Z begins?","meets","13","FALSE",-0.0833333333333333,0,0,1,0,"I ",2.904,"11115"
"LWUQ3","SGC5A","winter22","sona","asynch","item_test","1","1","1","1","5",600,600,"triangular",4.07123333333333,"Which shift(s) end at 3pm?","endtime","14","FALSE",-0.0833333333333333,0,0,1,0,"B ",2.313,"11115"
"LWUQ3","SGC5A","winter22","sona","asynch","item_test","1","1","1","1","5",600,600,"triangular",4.1181,"Coffee breaks happen halfway through a shift. </br>Which shifts share a break at 2pm?","midpoint","15","FALSE",-0.0833333333333333,0,0,1,0,"F ",2.685,"11115"
"ZDQ5M","SGC5A","winter22","sona","asynch","item_test","1","1","1","1","5",600,600,"triangular",0.3346,"Which shift(s) start at 11 am?","starttime","1","FALSE",-0.0833333333333333,0,0,1,0,"O ",2.568,"11115"
"ZDQ5M","SGC5A","winter22","sona","asynch","item_test","1","1","1","1","5",600,600,"triangular",0.35565,"Which shift(s) start at the same time as D?","starts","2","FALSE",-0.0833333333333333,0,0,1,0,"O ",1.156,"11115"
"ZDQ5M","SGC5A","winter22","sona","asynch","item_test","1","1","1","1","5",600,600,"triangular",0.374516666666667,"Which shift(s) begin when C ends?","meets","3","FALSE",-0.0833333333333333,0,0,1,0,"O ",1.048,"11115"
"ZDQ5M","SGC5A","winter22","sona","asynch","item_test","1","1","1","1","5",600,600,"triangular",0.404366666666667,"Which shift(s) end at 4 pm?","endtime","4","FALSE",-0.0833333333333333,0,0,1,0,"O ",1.708,"11115"
"ZDQ5M","SGC5A","winter22","sona","asynch","item_test","1","1","1","1","5",600,600,"triangular",0.423066666666667,"Coffee breaks happen halfway through a shift.</br> Which shift(s) share a break with I?","midpoint","5","FALSE",-0.0833333333333333,0,0,1,0,"O ",1.017,"11115"
"ZDQ5M","SGC5A","winter22","sona","asynch","item_nondiscriminant","1","1","1","1","5",600,600,"triangular",0.464133333333333,"Which shift(s) are six hours long?","duration","6","FALSE",-0.0833333333333333,0,0,1,0,"F ",1.786,"11115"
"ZDQ5M","SGC5A","winter22","sona","asynch","item_test","1","1","1","1","5",600,600,"triangular",0.495366666666667,"Which 2 shifts less than 5 hours long start at the same time?","duration+starts","7","FALSE",-0.0833333333333333,0,0,1,0,"F ",1.78,"11115"
"ZDQ5M","SGC5A","winter22","sona","asynch","item_test","1","1","1","1","5",600,600,"triangular",0.5179,"Which shift(s) under 7 hours long starts before B starts, and ends after X ends?","duration+contained","8","FALSE",-0.0833333333333333,0,0,1,0,"F ",1.198,"11115"
"ZDQ5M","SGC5A","winter22","sona","asynch","item_nondiscriminant","1","1","1","1","5",600,600,"triangular",0.5626,"Which shift(s) begins before J begins and ends during B?","starttime+before+endtime+during","9","FALSE",-0.0833333333333333,0,0,1,0,"F ",2.579,"11115"
"ZDQ5M","SGC5A","winter22","sona","asynch","item_test","1","1","1","1","5",600,600,"triangular",0.596566666666667,"Which shift(s) end at the same time as F?","ends","10","FALSE",-0.0833333333333333,0,0,1,0,"F ",1.949,"11115"
"ZDQ5M","SGC5A","winter22","sona","asynch","item_test","1","1","1","1","5",600,600,"triangular",0.618666666666667,"Which shift(s) start at 12pm?","starttime","11","FALSE",-0.0833333333333333,0,0,1,0,"F ",1.241,"11115"
"ZDQ5M","SGC5A","winter22","sona","asynch","item_test","1","1","1","1","5",600,600,"triangular",0.651216666666667,"Which shift(s) start at the same time as F?","starts","12","FALSE",-0.0833333333333333,0,0,1,0,"F ",1.873,"11115"
"ZDQ5M","SGC5A","winter22","sona","asynch","item_nondiscriminant","1","1","1","1","5",600,600,"triangular",0.672366666666667,"Which 2 shifts end when Z begins?","meets","13","FALSE",-0.0833333333333333,0,0,1,0,"F ",1.182,"11115"
"ZDQ5M","SGC5A","winter22","sona","asynch","item_test","1","1","1","1","5",600,600,"triangular",0.695866666666667,"Which shift(s) end at 3pm?","endtime","14","FALSE",-0.0833333333333333,0,0,1,0,"F ",1.319,"11115"
"ZDQ5M","SGC5A","winter22","sona","asynch","item_test","1","1","1","1","5",600,600,"triangular",0.717016666666667,"Coffee breaks happen halfway through a shift. </br>Which shifts share a break at 2pm?","midpoint","15","FALSE",-0.0833333333333333,0,0,1,0,"F ",1.19,"11115"
"D4XSD","SGC5A","winter22","sona","asynch","item_test","1","1","1","1","5",600,600,"triangular",10.8054833333333,"Which shift(s) start at 11 am?","starttime","1","FALSE",-0.0833333333333333,0,0,1,0,"A ",25.322,"11115"
"D4XSD","SGC5A","winter22","sona","asynch","item_test","1","1","1","1","5",600,600,"triangular",11.0199166666667,"Which shift(s) start at the same time as D?","starts","2","FALSE",-0.0833333333333333,0,0,1,0,"E ",12.705,"11115"
"D4XSD","SGC5A","winter22","sona","asynch","item_test","1","1","1","1","5",600,600,"triangular",11.2220666666667,"Which shift(s) begin when C ends?","meets","3","FALSE",-0.0833333333333333,0,0,1,0,"Z ",11.879,"11115"
"D4XSD","SGC5A","winter22","sona","asynch","item_test","1","1","1","1","5",600,600,"triangular",12.1801833333333,"Which shift(s) end at 4 pm?","endtime","4","FALSE",-0.0833333333333333,0,0,1,0,"U ",57.305,"11115"
"D4XSD","SGC5A","winter22","sona","asynch","item_test","1","1","1","1","5",600,600,"triangular",12.9569166666667,"Coffee breaks happen halfway through a shift.</br> Which shift(s) share a break with I?","midpoint","5","FALSE",-0.0833333333333333,0,0,1,0,"F ",46.045,"11115"
"D4XSD","SGC5A","winter22","sona","asynch","item_nondiscriminant","1","1","1","1","5",600,600,"triangular",13.1947833333333,"Which shift(s) are six hours long?","duration","6","FALSE",-0.166666666666667,0,0,2,0,"E ,G ",6.454,"11115"
"D4XSD","SGC5A","winter22","sona","asynch","item_test","1","1","1","1","5",600,600,"triangular",13.4283,"Which 2 shifts less than 5 hours long start at the same time?","duration+starts","7","FALSE",-0.166666666666667,0,0,2,0,"B ,F ",13.826,"11115"
"D4XSD","SGC5A","winter22","sona","asynch","item_test","1","1","1","1","5",600,600,"triangular",13.7112833333333,"Which shift(s) under 7 hours long starts before B starts, and ends after X ends?","duration+contained","8","FALSE",-0.0833333333333333,0,0,1,0,"E ",16.827,"11115"
"D4XSD","SGC5A","winter22","sona","asynch","item_nondiscriminant","1","1","1","1","5",600,600,"triangular",13.8991333333333,"Which shift(s) begins before J begins and ends during B?","starttime+before+endtime+during","9","FALSE",-0.0833333333333333,0,0,1,0,"I ",11.076,"11115"
"D4XSD","SGC5A","winter22","sona","asynch","item_test","1","1","1","1","5",600,600,"triangular",14.2527166666667,"Which shift(s) end at the same time as F?","ends","10","FALSE",-0.0833333333333333,0,0,1,0,"X ",21.046,"11115"
"D4XSD","SGC5A","winter22","sona","asynch","item_test","1","1","1","1","5",600,600,"triangular",14.3498166666667,"Which shift(s) start at 12pm?","starttime","11","FALSE",-0.166666666666667,0,0,2,0,"B ,F ",5.657,"11115"
"D4XSD","SGC5A","winter22","sona","asynch","item_test","1","1","1","1","5",600,600,"triangular",14.4323833333333,"Which shift(s) start at the same time as F?","starts","12","FALSE",-0.0833333333333333,0,0,1,0,"B ",4.674,"11115"
"D4XSD","SGC5A","winter22","sona","asynch","item_nondiscriminant","1","1","1","1","5",600,600,"triangular",14.7566166666667,"Which 2 shifts end when Z begins?","meets","13","FALSE",-0.166666666666667,0,0,2,0,"F ,X ",19.251,"11115"
"D4XSD","SGC5A","winter22","sona","asynch","item_test","1","1","1","1","5",600,600,"triangular",15.0208666666667,"Which shift(s) end at 3pm?","endtime","14","FALSE",-0.0833333333333333,0,0,1,0,"B ",15.694,"11115"
"D4XSD","SGC5A","winter22","sona","asynch","item_test","1","1","1","1","5",600,600,"triangular",15.52805,"Coffee breaks happen halfway through a shift. </br>Which shifts share a break at 2pm?","midpoint","15","FALSE",-0.166666666666667,0,0,2,0,"E ,F ",29.898,"11115"
"KWP9B","SGC5A","winter22","sona","asynch","item_test","1","1","1","1","5",600,600,"triangular",0.2655,"Which shift(s) start at 11 am?","starttime","1","FALSE",-0.0833333333333333,0,0,1,0,"A ",2.972,"11115"
"KWP9B","SGC5A","winter22","sona","asynch","item_test","1","1","1","1","5",600,600,"triangular",0.3452,"Which shift(s) start at the same time as D?","starts","2","FALSE",-0.0833333333333333,0,0,1,0,"E ",4.688,"11115"
"KWP9B","SGC5A","winter22","sona","asynch","item_test","1","1","1","1","5",600,600,"triangular",0.423383333333333,"Which shift(s) begin when C ends?","meets","3","FALSE",-0.0833333333333333,0,0,1,0,"Z ",4.611,"11115"
"KWP9B","SGC5A","winter22","sona","asynch","item_test","1","1","1","1","5",600,600,"triangular",0.578633333333333,"Which shift(s) end at 4 pm?","endtime","4","FALSE",-0.0833333333333333,0,0,1,0,"C ",9.227,"11115"
"KWP9B","SGC5A","winter22","sona","asynch","item_test","1","1","1","1","5",600,600,"triangular",0.888016666666667,"Coffee breaks happen halfway through a shift.</br> Which shift(s) share a break with I?","midpoint","5","FALSE",-0.166666666666667,0,0,2,0,"F ,U ",18.474,"11115"
"KWP9B","SGC5A","winter22","sona","asynch","item_nondiscriminant","1","1","1","1","5",600,600,"triangular",0.974783333333333,"Which shift(s) are six hours long?","duration","6","FALSE",-0.166666666666667,0,0,2,0,"E ,G ",3.805,"11115"
"KWP9B","SGC5A","winter22","sona","asynch","item_test","1","1","1","1","5",600,600,"triangular",1.11285,"Which 2 shifts less than 5 hours long start at the same time?","duration+starts","7","FALSE",-0.166666666666667,0,0,2,0,"B ,F ",8.202,"11115"
"KWP9B","SGC5A","winter22","sona","asynch","item_test","1","1","1","1","5",600,600,"triangular",1.3719,"Which shift(s) under 7 hours long starts before B starts, and ends after X ends?","duration+contained","8","FALSE",-0.0833333333333333,0,0,1,0,"E ",15.456,"11115"
"KWP9B","SGC5A","winter22","sona","asynch","item_nondiscriminant","1","1","1","1","5",600,600,"triangular",1.61078333333333,"Which shift(s) begins before J begins and ends during B?","starttime+before+endtime+during","9","FALSE",-0.0833333333333333,0,0,1,0,"I ",14.246,"11115"
"KWP9B","SGC5A","winter22","sona","asynch","item_test","1","1","1","1","5",600,600,"triangular",1.74931666666667,"Which shift(s) end at the same time as F?","ends","10","FALSE",-0.0833333333333333,0,0,1,0,"F ",8.22,"11115"
"KWP9B","SGC5A","winter22","sona","asynch","item_test","1","1","1","1","5",600,600,"triangular",1.82495,"Which shift(s) start at 12pm?","starttime","11","FALSE",-0.166666666666667,0,0,2,0,"B ,F ",4.462,"11115"
"KWP9B","SGC5A","winter22","sona","asynch","item_test","1","1","1","1","5",600,600,"triangular",1.90121666666667,"Which shift(s) start at the same time as F?","starts","12","FALSE",-0.0833333333333333,0,0,1,0,"B ",4.489,"11115"
"KWP9B","SGC5A","winter22","sona","asynch","item_nondiscriminant","1","1","1","1","5",600,600,"triangular",2.03881666666667,"Which 2 shifts end when Z begins?","meets","13","FALSE",0,0,0,0,1,"",8.177,"11115"
"KWP9B","SGC5A","winter22","sona","asynch","item_test","1","1","1","1","5",600,600,"triangular",2.1774,"Which shift(s) end at 3pm?","endtime","14","FALSE",-0.0833333333333333,0,0,1,0,"B ",8.231,"11115"
"KWP9B","SGC5A","winter22","sona","asynch","item_test","1","1","1","1","5",600,600,"triangular",2.26693333333333,"Coffee breaks happen halfway through a shift. </br>Which shifts share a break at 2pm?","midpoint","15","FALSE",-0.166666666666667,0,0,2,0,"B ,F ",5.284,"11115"
"1YLQF","SGC5A","winter22","sona","asynch","item_test","1","1","1","1","5",600,600,"triangular",0.717016666666667,"Which shift(s) start at 11 am?","starttime","1","FALSE",-0.0833333333333333,0,0,1,0,"A ",15.9,"11115"
"1YLQF","SGC5A","winter22","sona","asynch","item_test","1","1","1","1","5",600,600,"triangular",0.8963,"Which shift(s) start at the same time as D?","starts","2","FALSE",-0.0833333333333333,0,0,1,0,"E ",10.66,"11115"
"1YLQF","SGC5A","winter22","sona","asynch","item_test","1","1","1","1","5",600,600,"triangular",1.1726,"Which shift(s) begin when C ends?","meets","3","FALSE",-0.0833333333333333,0,0,1,0,"Z ",16.454,"11115"
"1YLQF","SGC5A","winter22","sona","asynch","item_test","1","1","1","1","5",600,600,"triangular",2.13855,"Which shift(s) end at 4 pm?","endtime","4","FALSE",-0.0833333333333333,0,0,1,0,"U ",57.847,"11115"
"1YLQF","SGC5A","winter22","sona","asynch","item_test","1","1","1","1","5",600,600,"triangular",2.21856666666667,"Coffee breaks happen halfway through a shift.</br> Which shift(s) share a break with I?","midpoint","5","FALSE",-0.0833333333333333,0,0,1,0,"C ",4.696,"11115"
"1YLQF","SGC5A","winter22","sona","asynch","item_nondiscriminant","1","1","1","1","5",600,600,"triangular",2.42485,"Which shift(s) are six hours long?","duration","6","FALSE",-0.0833333333333333,0,0,1,0,"G ",6.134,"11115"
"1YLQF","SGC5A","winter22","sona","asynch","item_test","1","1","1","1","5",600,600,"triangular",2.46941666666667,"Which 2 shifts less than 5 hours long start at the same time?","duration+starts","7","FALSE",-0.0833333333333333,0,0,1,0,"H ",2.566,"11115"
"1YLQF","SGC5A","winter22","sona","asynch","item_test","1","1","1","1","5",600,600,"triangular",2.52793333333333,"Which shift(s) under 7 hours long starts before B starts, and ends after X ends?","duration+contained","8","FALSE",-0.0833333333333333,0,0,1,0,"A ",3.06,"11115"
"1YLQF","SGC5A","winter22","sona","asynch","item_nondiscriminant","1","1","1","1","5",600,600,"triangular",2.57058333333333,"Which shift(s) begins before J begins and ends during B?","starttime+before+endtime+during","9","FALSE",-0.0833333333333333,0,0,1,0,"L ",2.449,"11115"
"1YLQF","SGC5A","winter22","sona","asynch","item_test","1","1","1","1","5",600,600,"triangular",2.60925,"Which shift(s) end at the same time as F?","ends","10","FALSE",-0.0833333333333333,0,0,1,0,"P ",2.22,"11115"
"1YLQF","SGC5A","winter22","sona","asynch","item_test","1","1","1","1","5",600,600,"triangular",2.68478333333333,"Which shift(s) start at 12pm?","starttime","11","FALSE",0,0,0,0,1,"",4.424,"11115"
"1YLQF","SGC5A","winter22","sona","asynch","item_test","1","1","1","1","5",600,600,"triangular",2.7182,"Which shift(s) start at the same time as F?","starts","12","FALSE",-0.0833333333333333,0,0,1,0,"A ",1.9,"11115"
"1YLQF","SGC5A","winter22","sona","asynch","item_nondiscriminant","1","1","1","1","5",600,600,"triangular",2.76411666666667,"Which 2 shifts end when Z begins?","meets","13","FALSE",-0.0833333333333333,0,0,1,0,"K ",2.655,"11115"
"1YLQF","SGC5A","winter22","sona","asynch","item_test","1","1","1","1","5",600,600,"triangular",2.8145,"Which shift(s) end at 3pm?","endtime","14","FALSE",-0.0833333333333333,0,0,1,0,"B ",2.897,"11115"
"1YLQF","SGC5A","winter22","sona","asynch","item_test","1","1","1","1","5",600,600,"triangular",2.85176666666667,"Coffee breaks happen halfway through a shift. </br>Which shifts share a break at 2pm?","midpoint","15","FALSE",-0.0833333333333333,0,0,1,0,"F ",2.138,"11115"
"2MMPP","SGC5A","winter22","sona","asynch","item_test","1","1","1","1","5",600,600,"triangular",1.06483333333333,"Which shift(s) start at 11 am?","starttime","1","FALSE",-0.0833333333333333,0,0,1,0,"A ",11.518,"11115"
"2MMPP","SGC5A","winter22","sona","asynch","item_test","1","1","1","1","5",600,600,"triangular",1.27845,"Which shift(s) start at the same time as D?","starts","2","FALSE",-0.0833333333333333,0,0,1,0,"E ",12.64,"11115"
"2MMPP","SGC5A","winter22","sona","asynch","item_test","1","1","1","1","5",600,600,"triangular",2.97325,"Which shift(s) begin when C ends?","meets","3","FALSE",-0.0833333333333333,0,0,1,0,"Z ",101.514,"11115"
"2MMPP","SGC5A","winter22","sona","asynch","item_test","1","1","1","1","5",600,600,"triangular",3.7424,"Which shift(s) end at 4 pm?","endtime","4","FALSE",-0.0833333333333333,0,0,1,0,"U ",45.573,"11115"
"2MMPP","SGC5A","winter22","sona","asynch","item_test","1","1","1","1","5",600,600,"triangular",4.902,"Coffee breaks happen halfway through a shift.</br> Which shift(s) share a break with I?","midpoint","5","FALSE",-0.0833333333333333,0,0,1,0,"K ",69.405,"11115"
"2MMPP","SGC5A","winter22","sona","asynch","item_nondiscriminant","1","1","1","1","5",600,600,"triangular",5.09695,"Which shift(s) are six hours long?","duration","6","FALSE",-0.166666666666667,0,0,2,0,"E ,G ",7.341,"11115"
"2MMPP","SGC5A","winter22","sona","asynch","item_test","1","1","1","1","5",600,600,"triangular",5.05488333333333,"Which 2 shifts less than 5 hours long start at the same time?","duration+starts","7","FALSE",-0.166666666666667,0,0,2,0,"B ,F ",23.312,"11115"
"2MMPP","SGC5A","winter22","sona","asynch","item_test","1","1","1","1","5",600,600,"triangular",5.84181666666667,"Which shift(s) under 7 hours long starts before B starts, and ends after X ends?","duration+contained","8","FALSE",-0.166666666666667,0,0,2,0,"E ,I ",47.043,"11115"
"2MMPP","SGC5A","winter22","sona","asynch","item_nondiscriminant","1","1","1","1","5",600,600,"triangular",6.06905,"Which shift(s) begins before J begins and ends during B?","starttime+before+endtime+during","9","FALSE",-0.0833333333333333,0,0,1,0,"I ",13.47,"11115"
"2MMPP","SGC5A","winter22","sona","asynch","item_test","1","1","1","1","5",600,600,"triangular",6.43248333333333,"Which shift(s) end at the same time as F?","ends","10","FALSE",-0.0833333333333333,0,0,1,0,"X ",21.648,"11115"
"2MMPP","SGC5A","winter22","sona","asynch","item_test","1","1","1","1","5",600,600,"triangular",6.6028,"Which shift(s) start at 12pm?","starttime","11","FALSE",-0.166666666666667,0,0,2,0,"B ,F ",10.038,"11115"
"2MMPP","SGC5A","winter22","sona","asynch","item_test","1","1","1","1","5",600,600,"triangular",6.77766666666667,"Which shift(s) start at the same time as F?","starts","12","FALSE",-0.0833333333333333,0,0,1,0,"B ",10.322,"11115"
"2MMPP","SGC5A","winter22","sona","asynch","item_nondiscriminant","1","1","1","1","5",600,600,"triangular",8.31838333333333,"Which 2 shifts end when Z begins?","meets","13","FALSE",-0.166666666666667,0,0,2,0,"F ,X ",92.279,"11115"
"2MMPP","SGC5A","winter22","sona","asynch","item_test","1","1","1","1","5",600,600,"triangular",8.71383333333333,"Which shift(s) end at 3pm?","endtime","14","FALSE",-0.0833333333333333,0,0,1,0,"B ",23.124,"11115"
"2MMPP","SGC5A","winter22","sona","asynch","item_test","1","1","1","1","5",600,600,"triangular",10.0473,"Coffee breaks happen halfway through a shift. </br>Which shifts share a break at 2pm?","midpoint","15","FALSE",-0.166666666666667,0,0,2,0,"E ,F ",79.828,"11115"
"Z2J43","SGC5A","winter22","sona","asynch","item_test","1","1","1","1","5",600,600,"triangular",2.45055,"Which shift(s) start at 11 am?","starttime","1","FALSE",-0.25,0,0,3,0,"O ,H ,K ",18.107,"11115"
"Z2J43","SGC5A","winter22","sona","asynch","item_test","1","1","1","1","5",600,600,"triangular",2.55833333333333,"Which shift(s) start at the same time as D?","starts","2","FALSE",-0.0833333333333333,0,0,1,0,"H ",6.052,"11115"
"Z2J43","SGC5A","winter22","sona","asynch","item_test","1","1","1","1","5",600,600,"triangular",2.69706666666667,"Which shift(s) begin when C ends?","meets","3","FALSE",-0.25,0,0,3,0,"C ,I ,J ",7.908,"11115"
"Z2J43","SGC5A","winter22","sona","asynch","item_test","1","1","1","1","5",600,600,"triangular",2.83603333333333,"Which shift(s) end at 4 pm?","endtime","4","FALSE",-0.166666666666667,0,0,2,0,"D ,E ",8.015,"11115"
"Z2J43","SGC5A","winter22","sona","asynch","item_test","1","1","1","1","5",600,600,"triangular",2.93501666666667,"Coffee breaks happen halfway through a shift.</br> Which shift(s) share a break with I?","midpoint","5","FALSE",-0.25,0,0,3,0,"K ,U ,G ",5.593,"11115"
"Z2J43","SGC5A","winter22","sona","asynch","item_nondiscriminant","1","1","1","1","5",600,600,"triangular",3.10881666666667,"Which shift(s) are six hours long?","duration","6","FALSE",-0.166666666666667,0,0,2,0,"D ,O ",4.452,"11115"
"Z2J43","SGC5A","winter22","sona","asynch","item_test","1","1","1","1","5",600,600,"triangular",3.17125,"Which 2 shifts less than 5 hours long start at the same time?","duration+starts","7","FALSE",-0.166666666666667,0,0,2,0,"G ,O ",3.463,"11115"
"Z2J43","SGC5A","winter22","sona","asynch","item_test","1","1","1","1","5",600,600,"triangular",3.2575,"Which shift(s) under 7 hours long starts before B starts, and ends after X ends?","duration+contained","8","FALSE",-0.25,0,0,3,0,"A ,E ,G ",4.919,"11115"
"Z2J43","SGC5A","winter22","sona","asynch","item_nondiscriminant","1","1","1","1","5",600,600,"triangular",3.3357,"Which shift(s) begins before J begins and ends during B?","starttime+before+endtime+during","9","FALSE",-0.25,0,0,3,0,"B ,F ,I ",4.415,"11115"
"Z2J43","SGC5A","winter22","sona","asynch","item_test","1","1","1","1","5",600,600,"triangular",3.39345,"Which shift(s) end at the same time as F?","ends","10","FALSE",-0.25,0,0,3,0,"C ,E ,F ",3.12,"11115"
"Z2J43","SGC5A","winter22","sona","asynch","item_test","1","1","1","1","5",600,600,"triangular",3.46975,"Which shift(s) start at 12pm?","starttime","11","FALSE",-0.25,0,0,3,0,"C ,E ,H ",4.182,"11115"
"Z2J43","SGC5A","winter22","sona","asynch","item_test","1","1","1","1","5",600,600,"triangular",3.51718333333333,"Which shift(s) start at the same time as F?","starts","12","FALSE",-0.166666666666667,0,0,2,0,"A ,K ",2.483,"11115"
"Z2J43","SGC5A","winter22","sona","asynch","item_nondiscriminant","1","1","1","1","5",600,600,"triangular",3.61338333333333,"Which 2 shifts end when Z begins?","meets","13","FALSE",-0.25,0,0,3,0,"C ,H ,Z ",5.498,"11115"
"Z2J43","SGC5A","winter22","sona","asynch","item_test","1","1","1","1","5",600,600,"triangular",3.68781666666667,"Which shift(s) end at 3pm?","endtime","14","FALSE",-0.25,0,0,3,0,"B ,F ,I ",4.194,"11115"
"Z2J43","SGC5A","winter22","sona","asynch","item_test","1","1","1","1","5",600,600,"triangular",3.74538333333333,"Coffee breaks happen halfway through a shift. </br>Which shifts share a break at 2pm?","midpoint","15","FALSE",-0.25,0,0,3,0,"C ,F ,O ",3.169,"11115"
"GGMWW","SGC5A","winter22","sona","asynch","item_test","1","1","1","1","5",600,600,"triangular",3.95391666666667,"Which shift(s) start at 11 am?","starttime","1","FALSE",-0.0833333333333333,0,0,1,0,"A ",25.004,"11115"
"GGMWW","SGC5A","winter22","sona","asynch","item_test","1","1","1","1","5",600,600,"triangular",4.07683333333333,"Which shift(s) start at the same time as D?","starts","2","FALSE",-0.0833333333333333,0,0,1,0,"E ",7.259,"11115"
"GGMWW","SGC5A","winter22","sona","asynch","item_test","1","1","1","1","5",600,600,"triangular",4.29288333333333,"Which shift(s) begin when C ends?","meets","3","FALSE",-0.0833333333333333,0,0,1,0,"A ",11.825,"11115"
"GGMWW","SGC5A","winter22","sona","asynch","item_test","1","1","1","1","5",600,600,"triangular",4.68411666666667,"Which shift(s) end at 4 pm?","endtime","4","FALSE",-0.166666666666667,0,0,2,0,"J ,H ",23.278,"11115"
"GGMWW","SGC5A","winter22","sona","asynch","item_test","1","1","1","1","5",600,600,"triangular",6.40398333333333,"Coffee breaks happen halfway through a shift.</br> Which shift(s) share a break with I?","midpoint","5","FALSE",-0.0833333333333333,0,0,1,0,"K ",102.998,"11115"
"GGMWW","SGC5A","winter22","sona","asynch","item_nondiscriminant","1","1","1","1","5",600,600,"triangular",7.45798333333333,"Which shift(s) are six hours long?","duration","6","FALSE",-0.166666666666667,0,0,2,0,"E ,G ",16.15,"11115"
"GGMWW","SGC5A","winter22","sona","asynch","item_test","1","1","1","1","5",600,600,"triangular",8.58923333333333,"Which 2 shifts less than 5 hours long start at the same time?","duration+starts","7","FALSE",-0.166666666666667,0,0,2,0,"B ,F ",67.764,"11115"
"GGMWW","SGC5A","winter22","sona","asynch","item_test","1","1","1","1","5",600,600,"triangular",9.64388333333333,"Which shift(s) under 7 hours long starts before B starts, and ends after X ends?","duration+contained","8","FALSE",-0.0833333333333333,0,0,1,0,"F ",62.932,"11115"
"GGMWW","SGC5A","winter22","sona","asynch","item_nondiscriminant","1","1","1","1","5",600,600,"triangular",11.4751833333333,"Which shift(s) begins before J begins and ends during B?","starttime+before+endtime+during","9","FALSE",-0.0833333333333333,0,0,1,0,"I ",109.56,"11115"
"GGMWW","SGC5A","winter22","sona","asynch","item_test","1","1","1","1","5",600,600,"triangular",12.6161666666667,"Which shift(s) end at the same time as F?","ends","10","FALSE",-0.0833333333333333,0,0,1,0,"I ",68.146,"11115"
"GGMWW","SGC5A","winter22","sona","asynch","item_test","1","1","1","1","5",600,600,"triangular",12.7959666666667,"Which shift(s) start at 12pm?","starttime","11","FALSE",-0.166666666666667,0,0,2,0,"B ,F ",10.474,"11115"
"GGMWW","SGC5A","winter22","sona","asynch","item_test","1","1","1","1","5",600,600,"triangular",13.0300666666667,"Which shift(s) start at the same time as F?","starts","12","FALSE",-0.0833333333333333,0,0,1,0,"B ",13.936,"11115"
"GGMWW","SGC5A","winter22","sona","asynch","item_nondiscriminant","1","1","1","1","5",600,600,"triangular",13.6501833333333,"Which 2 shifts end when Z begins?","meets","13","FALSE",-0.166666666666667,0,0,2,0,"F ,P ",37.087,"11115"
"GGMWW","SGC5A","winter22","sona","asynch","item_test","1","1","1","1","5",600,600,"triangular",14.2834,"Which shift(s) end at 3pm?","endtime","14","FALSE",-0.0833333333333333,0,0,1,0,"K ",37.877,"11115"
"GGMWW","SGC5A","winter22","sona","asynch","item_test","1","1","1","1","5",600,600,"triangular",17.9996833333333,"Coffee breaks happen halfway through a shift. </br>Which shifts share a break at 2pm?","midpoint","15","FALSE",-0.0833333333333333,0,0,1,0,"G ",222.34,"11115"
"XYGF1","SGC5A","winter22","sona","asynch","item_test","1","1","1","1","5",600,600,"triangular",3.07268333333333,"Which shift(s) start at 11 am?","starttime","1","FALSE",0,0,0,0,1,"",8.151,"11115"
"XYGF1","SGC5A","winter22","sona","asynch","item_test","1","1","1","1","5",600,600,"triangular",3.25788333333333,"Which shift(s) start at the same time as D?","starts","2","FALSE",-0.0833333333333333,0,0,1,0,"E ",11,"11115"
"XYGF1","SGC5A","winter22","sona","asynch","item_test","1","1","1","1","5",600,600,"triangular",3.38928333333333,"Which shift(s) begin when C ends?","meets","3","FALSE",-0.0833333333333333,0,0,1,0,"Z ",7.772,"11115"
"XYGF1","SGC5A","winter22","sona","asynch","item_test","1","1","1","1","5",600,600,"triangular",3.69238333333333,"Which shift(s) end at 4 pm?","endtime","4","FALSE",-0.166666666666667,0,0,2,0,"F ,U ",18.076,"11115"
"XYGF1","SGC5A","winter22","sona","asynch","item_test","1","1","1","1","5",600,600,"triangular",4.28245,"Coffee breaks happen halfway through a shift.</br> Which shift(s) share a break with I?","midpoint","5","FALSE",-0.0833333333333333,0,0,1,0,"Z ",35.291,"11115"
"XYGF1","SGC5A","winter22","sona","asynch","item_nondiscriminant","1","1","1","1","5",600,600,"triangular",4.59608333333333,"Which shift(s) are six hours long?","duration","6","FALSE",-0.166666666666667,0,0,2,0,"E ,G ",8.623,"11115"
"XYGF1","SGC5A","winter22","sona","asynch","item_test","1","1","1","1","5",600,600,"triangular",4.90611666666667,"Which 2 shifts less than 5 hours long start at the same time?","duration+starts","7","FALSE",-0.166666666666667,0,0,2,0,"B ,F ",18.492,"11115"
"XYGF1","SGC5A","winter22","sona","asynch","item_test","1","1","1","1","5",600,600,"triangular",5.32143333333333,"Which shift(s) under 7 hours long starts before B starts, and ends after X ends?","duration+contained","8","FALSE",-0.0833333333333333,0,0,1,0,"E ",24.764,"11115"
"XYGF1","SGC5A","winter22","sona","asynch","item_nondiscriminant","1","1","1","1","5",600,600,"triangular",5.59421666666667,"Which shift(s) begins before J begins and ends during B?","starttime+before+endtime+during","9","FALSE",-0.0833333333333333,0,0,1,0,"I ",16.254,"11115"
"XYGF1","SGC5A","winter22","sona","asynch","item_test","1","1","1","1","5",600,600,"triangular",6.42848333333333,"Which shift(s) end at the same time as F?","ends","10","FALSE",-0.0833333333333333,0,0,1,0,"X ",49.944,"11115"
"XYGF1","SGC5A","winter22","sona","asynch","item_test","1","1","1","1","5",600,600,"triangular",6.76461666666667,"Which shift(s) start at 12pm?","starttime","11","FALSE",-0.166666666666667,0,0,2,0,"B ,F ",20.06,"11115"
"XYGF1","SGC5A","winter22","sona","asynch","item_test","1","1","1","1","5",600,600,"triangular",6.94186666666667,"Which shift(s) start at the same time as F?","starts","12","FALSE",-0.0833333333333333,0,0,1,0,"B ",10.518,"11115"
"XYGF1","SGC5A","winter22","sona","asynch","item_nondiscriminant","1","1","1","1","5",600,600,"triangular",7.35496666666667,"Which 2 shifts end when Z begins?","meets","13","FALSE",-0.0833333333333333,0,0,1,0,"X ",24.669,"11115"
"XYGF1","SGC5A","winter22","sona","asynch","item_test","1","1","1","1","5",600,600,"triangular",7.88558333333333,"Which shift(s) end at 3pm?","endtime","14","FALSE",-0.0833333333333333,0,0,1,0,"B ",31.717,"11115"
"XYGF1","SGC5A","winter22","sona","asynch","item_test","1","1","1","1","5",600,600,"triangular",10.2272,"Coffee breaks happen halfway through a shift. </br>Which shifts share a break at 2pm?","midpoint","15","FALSE",-0.0833333333333333,0,0,1,0,"F ",140.354,"11115"
"N31JV","SGC5A","winter22","sona","asynch","item_test","1","1","1","1","5",600,600,"triangular",4.74336666666667,"Which shift(s) start at 11 am?","starttime","1","FALSE",-0.0833333333333333,0,0,1,0,"A ",14.405,"11115"
"N31JV","SGC5A","winter22","sona","asynch","item_test","1","1","1","1","5",600,600,"triangular",5.10573333333333,"Which shift(s) start at the same time as D?","starts","2","FALSE",-0.0833333333333333,0,0,1,0,"E ",21.53,"11115"
"N31JV","SGC5A","winter22","sona","asynch","item_test","1","1","1","1","5",600,600,"triangular",5.42706666666667,"Which shift(s) begin when C ends?","meets","3","FALSE",-0.0833333333333333,0,0,1,0,"Z ",18.967,"11115"
"N31JV","SGC5A","winter22","sona","asynch","item_test","1","1","1","1","5",600,600,"triangular",5.72343333333333,"Which shift(s) end at 4 pm?","endtime","4","FALSE",-0.0833333333333333,0,0,1,0,"U ",17.627,"11115"
"N31JV","SGC5A","winter22","sona","asynch","item_test","1","1","1","1","5",600,600,"triangular",6.19273333333333,"Coffee breaks happen halfway through a shift.</br> Which shift(s) share a break with I?","midpoint","5","FALSE",-0.166666666666667,0,0,2,0,"C ,Z ",28.019,"11115"
"N31JV","SGC5A","winter22","sona","asynch","item_nondiscriminant","1","1","1","1","5",600,600,"triangular",6.52373333333333,"Which shift(s) are six hours long?","duration","6","FALSE",-0.166666666666667,0,0,2,0,"E ,G ",10.62,"11115"
"N31JV","SGC5A","winter22","sona","asynch","item_test","1","1","1","1","5",600,600,"triangular",8.34991666666667,"Which 2 shifts less than 5 hours long start at the same time?","duration+starts","7","FALSE",-0.166666666666667,0,0,2,0,"J ,M ",109.182,"11115"
"N31JV","SGC5A","winter22","sona","asynch","item_test","1","1","1","1","5",600,600,"triangular",10.3668166666667,"Which shift(s) under 7 hours long starts before B starts, and ends after X ends?","duration+contained","8","FALSE",-0.166666666666667,0,0,2,0,"E ,F ",120.234,"11115"
"N31JV","SGC5A","winter22","sona","asynch","item_nondiscriminant","1","1","1","1","5",600,600,"triangular",10.8015666666667,"Which shift(s) begins before J begins and ends during B?","starttime+before+endtime+during","9","FALSE",-0.0833333333333333,0,0,1,0,"I ",25.634,"11115"
"N31JV","SGC5A","winter22","sona","asynch","item_test","1","1","1","1","5",600,600,"triangular",11.1825666666667,"Which shift(s) end at the same time as F?","ends","10","FALSE",-0.0833333333333333,0,0,1,0,"J ",22.738,"11115"
"N31JV","SGC5A","winter22","sona","asynch","item_test","1","1","1","1","5",600,600,"triangular",11.3521666666667,"Which shift(s) start at 12pm?","starttime","11","FALSE",-0.166666666666667,0,0,2,0,"B ,F ",9.747,"11115"
"N31JV","SGC5A","winter22","sona","asynch","item_test","1","1","1","1","5",600,600,"triangular",11.5346666666667,"Which shift(s) start at the same time as F?","starts","12","FALSE",-0.0833333333333333,0,0,1,0,"B ",10.602,"11115"
"N31JV","SGC5A","winter22","sona","asynch","item_nondiscriminant","1","1","1","1","5",600,600,"triangular",12.0101166666667,"Which 2 shifts end when Z begins?","meets","13","FALSE",-0.166666666666667,0,0,2,0,"F ,X ",28.24,"11115"
"N31JV","SGC5A","winter22","sona","asynch","item_test","1","1","1","1","5",600,600,"triangular",12.9474666666667,"Which shift(s) end at 3pm?","endtime","14","FALSE",-0.0833333333333333,0,0,1,0,"B ",56.086,"11115"
"N31JV","SGC5A","winter22","sona","asynch","item_test","1","1","1","1","5",600,600,"triangular",14.3632666666667,"Coffee breaks happen halfway through a shift. </br>Which shifts share a break at 2pm?","midpoint","15","FALSE",0,0,0,0,1,"",84.778,"11115"
"SCYR0","SGC5A","winter22","sona","asynch","item_test","1","1","1","1","5",600,600,"triangular",1.89251666666667,"Which shift(s) start at 11 am?","starttime","1","FALSE",-0.0833333333333333,0,0,1,0,"A ",28.626,"11115"
"SCYR0","SGC5A","winter22","sona","asynch","item_test","1","1","1","1","5",600,600,"triangular",2.17878333333333,"Which shift(s) start at the same time as D?","starts","2","FALSE",-0.0833333333333333,0,0,1,0,"J ",17.076,"11115"
"SCYR0","SGC5A","winter22","sona","asynch","item_test","1","1","1","1","5",600,600,"triangular",2.43995,"Which shift(s) begin when C ends?","meets","3","FALSE",-0.0833333333333333,0,0,1,0,"A ",15.563,"11115"
"SCYR0","SGC5A","winter22","sona","asynch","item_test","1","1","1","1","5",600,600,"triangular",2.85098333333333,"Which shift(s) end at 4 pm?","endtime","4","FALSE",-0.0833333333333333,0,0,1,0,"K ",24.547,"11115"
"SCYR0","SGC5A","winter22","sona","asynch","item_test","1","1","1","1","5",600,600,"triangular",3.06578333333333,"Coffee breaks happen halfway through a shift.</br> Which shift(s) share a break with I?","midpoint","5","FALSE",-0.166666666666667,0,0,2,0,"J ,H ",12.779,"11115"
"SCYR0","SGC5A","winter22","sona","asynch","item_nondiscriminant","1","1","1","1","5",600,600,"triangular",3.56216666666667,"Which shift(s) are six hours long?","duration","6","FALSE",-0.333333333333333,0,0,4,0,"A ,K ,L ,P ",20.028,"11115"
"SCYR0","SGC5A","winter22","sona","asynch","item_test","1","1","1","1","5",600,600,"triangular",4.14743333333333,"Which 2 shifts less than 5 hours long start at the same time?","duration+starts","7","FALSE",-0.166666666666667,0,0,2,0,"I ,J ",35.001,"11115"
"SCYR0","SGC5A","winter22","sona","asynch","item_test","1","1","1","1","5",600,600,"triangular",4.96725,"Which shift(s) under 7 hours long starts before B starts, and ends after X ends?","duration+contained","8","FALSE",-0.0833333333333333,0,0,1,0,"M ",49.09,"11115"
"SCYR0","SGC5A","winter22","sona","asynch","item_nondiscriminant","1","1","1","1","5",600,600,"triangular",5.44811666666667,"Which shift(s) begins before J begins and ends during B?","starttime+before+endtime+during","9","FALSE",-0.0833333333333333,0,0,1,0,"F ",28.747,"11115"
"SCYR0","SGC5A","winter22","sona","asynch","item_test","1","1","1","1","5",600,600,"triangular",5.60965,"Which shift(s) end at the same time as F?","ends","10","FALSE",-0.0833333333333333,0,0,1,0,"B ",9.592,"11115"
"SCYR0","SGC5A","winter22","sona","asynch","item_test","1","1","1","1","5",600,600,"triangular",5.83831666666667,"Which shift(s) start at 12pm?","starttime","11","FALSE",-0.0833333333333333,0,0,1,0,"M ",13.624,"11115"
"SCYR0","SGC5A","winter22","sona","asynch","item_test","1","1","1","1","5",600,600,"triangular",6.14213333333333,"Which shift(s) start at the same time as F?","starts","12","FALSE",-0.0833333333333333,0,0,1,0,"Z ",18.132,"11115"
"SCYR0","SGC5A","winter22","sona","asynch","item_nondiscriminant","1","1","1","1","5",600,600,"triangular",6.33761666666667,"Which 2 shifts end when Z begins?","meets","13","FALSE",-0.166666666666667,0,0,2,0,"O ,X ",11.634,"11115"
"SCYR0","SGC5A","winter22","sona","asynch","item_test","1","1","1","1","5",600,600,"triangular",6.54835,"Which shift(s) end at 3pm?","endtime","14","FALSE",-0.0833333333333333,0,0,1,0,"O ",12.544,"11115"
"SCYR0","SGC5A","winter22","sona","asynch","item_test","1","1","1","1","5",600,600,"triangular",6.63205,"Coffee breaks happen halfway through a shift. </br>Which shifts share a break at 2pm?","midpoint","15","FALSE",-0.0833333333333333,0,0,1,0,"C ",4.928,"11115"
"JA76O","SGC5A","winter22","sona","asynch","item_test","1","1","1","1","5",600,600,"triangular",46.1068666666667,"Which shift(s) start at 11 am?","starttime","1","FALSE",-0.0833333333333333,0,0,1,0,"A ",13.559,"11115"
"JA76O","SGC5A","winter22","sona","asynch","item_test","1","1","1","1","5",600,600,"triangular",46.2042333333333,"Which shift(s) start at the same time as D?","starts","2","FALSE",-0.0833333333333333,0,0,1,0,"E ",5.736,"11115"
"JA76O","SGC5A","winter22","sona","asynch","item_test","1","1","1","1","5",600,600,"triangular",46.4710166666667,"Which shift(s) begin when C ends?","meets","3","FALSE",-0.0833333333333333,0,0,1,0,"Z ",15.903,"11115"
"JA76O","SGC5A","winter22","sona","asynch","item_test","1","1","1","1","5",600,600,"triangular",46.9025333333333,"Which shift(s) end at 4 pm?","endtime","4","FALSE",-0.0833333333333333,0,0,1,0,"O ",25.635,"11115"
"JA76O","SGC5A","winter22","sona","asynch","item_test","1","1","1","1","5",600,600,"triangular",47.1039833333333,"Coffee breaks happen halfway through a shift.</br> Which shift(s) share a break with I?","midpoint","5","FALSE",-0.0833333333333333,0,0,1,0,"C ",11.994,"11115"
"JA76O","SGC5A","winter22","sona","asynch","item_nondiscriminant","1","1","1","1","5",600,600,"triangular",47.2292333333333,"Which shift(s) are six hours long?","duration","6","FALSE",-0.166666666666667,0,0,2,0,"E ,G ",5.396,"11115"
"JA76O","SGC5A","winter22","sona","asynch","item_test","1","1","1","1","5",600,600,"triangular",47.4535666666667,"Which 2 shifts less than 5 hours long start at the same time?","duration+starts","7","FALSE",-0.166666666666667,0,0,2,0,"I ,J ",13.312,"11115"
"JA76O","SGC5A","winter22","sona","asynch","item_test","1","1","1","1","5",600,600,"triangular",47.52575,"Which shift(s) under 7 hours long starts before B starts, and ends after X ends?","duration+contained","8","FALSE",-0.166666666666667,0,0,2,0,"B ,F ",4.243,"11115"
"JA76O","SGC5A","winter22","sona","asynch","item_nondiscriminant","1","1","1","1","5",600,600,"triangular",47.6627166666667,"Which shift(s) begins before J begins and ends during B?","starttime+before+endtime+during","9","FALSE",-0.0833333333333333,0,0,1,0,"C ",8.019,"11115"
"JA76O","SGC5A","winter22","sona","asynch","item_test","1","1","1","1","5",600,600,"triangular",47.8308,"Which shift(s) end at the same time as F?","ends","10","FALSE",-0.0833333333333333,0,0,1,0,"O ",9.993,"11115"
"JA76O","SGC5A","winter22","sona","asynch","item_test","1","1","1","1","5",600,600,"triangular",47.9541166666667,"Which shift(s) start at 12pm?","starttime","11","FALSE",-0.166666666666667,0,0,2,0,"B ,F ",7.302,"11115"
"JA76O","SGC5A","winter22","sona","asynch","item_test","1","1","1","1","5",600,600,"triangular",48.0447333333333,"Which shift(s) start at the same time as F?","starts","12","FALSE",-0.0833333333333333,0,0,1,0,"B ",5.347,"11115"
"JA76O","SGC5A","winter22","sona","asynch","item_nondiscriminant","1","1","1","1","5",600,600,"triangular",48.21765,"Which 2 shifts end when Z begins?","meets","13","FALSE",-0.166666666666667,0,0,2,0,"F ,G ",10.173,"11115"
"JA76O","SGC5A","winter22","sona","asynch","item_test","1","1","1","1","5",600,600,"triangular",48.4364666666667,"Which shift(s) end at 3pm?","endtime","14","FALSE",-0.166666666666667,0,0,2,0,"B ,E ",12.896,"11115"
"JA76O","SGC5A","winter22","sona","asynch","item_test","1","1","1","1","5",600,600,"triangular",48.7078333333333,"Coffee breaks happen halfway through a shift. </br>Which shifts share a break at 2pm?","midpoint","15","FALSE",-0.166666666666667,0,0,2,0,"I ,J ",16.133,"11115"
