"subject","mode","pretty_condition","question","score"
"3QO3J","lab-synch","control",1,1
"3QO3J","lab-synch","control",2,1
"3QO3J","lab-synch","control",3,1
"3QO3J","lab-synch","control",4,1
"3QO3J","lab-synch","control",5,1
"3QO3J","lab-synch","control",6,1
"3QO3J","lab-synch","control",7,1
"3QO3J","lab-synch","control",8,1
"3QO3J","lab-synch","control",9,1
"3QO3J","lab-synch","control",10,1
"3QO3J","lab-synch","control",11,1
"3QO3J","lab-synch","control",12,1
"3QO3J","lab-synch","control",13,2
"M675E","lab-synch","impasse",1,0
"M675E","lab-synch","impasse",2,1
"M675E","lab-synch","impasse",3,2
"M675E","lab-synch","impasse",4,3
"M675E","lab-synch","impasse",5,4
"M675E","lab-synch","impasse",6,5
"M675E","lab-synch","impasse",7,6
"M675E","lab-synch","impasse",8,7
"M675E","lab-synch","impasse",9,8
"M675E","lab-synch","impasse",10,9
"M675E","lab-synch","impasse",11,10
"M675E","lab-synch","impasse",12,11
"M675E","lab-synch","impasse",13,12
"R8PM2","lab-synch","control",1,0
"R8PM2","lab-synch","control",2,0
"R8PM2","lab-synch","control",3,0
"R8PM2","lab-synch","control",4,0
"R8PM2","lab-synch","control",5,0
"R8PM2","lab-synch","control",6,0
"R8PM2","lab-synch","control",7,0
"R8PM2","lab-synch","control",8,0
"R8PM2","lab-synch","control",9,0
"R8PM2","lab-synch","control",10,0
"R8PM2","lab-synch","control",11,0
"R8PM2","lab-synch","control",12,0
"R8PM2","lab-synch","control",13,0
"JFFAY","lab-synch","control",1,0
"JFFAY","lab-synch","control",2,0
"JFFAY","lab-synch","control",3,0
"JFFAY","lab-synch","control",4,0
"JFFAY","lab-synch","control",5,0
"JFFAY","lab-synch","control",6,0
"JFFAY","lab-synch","control",7,0
"JFFAY","lab-synch","control",8,0
"JFFAY","lab-synch","control",9,0
"JFFAY","lab-synch","control",10,0
"JFFAY","lab-synch","control",11,0
"JFFAY","lab-synch","control",12,0
"JFFAY","lab-synch","control",13,0
"HKSU4","lab-synch","impasse",1,1
"HKSU4","lab-synch","impasse",2,1
"HKSU4","lab-synch","impasse",3,1
"HKSU4","lab-synch","impasse",4,1
"HKSU4","lab-synch","impasse",5,1
"HKSU4","lab-synch","impasse",6,2
"HKSU4","lab-synch","impasse",7,2
"HKSU4","lab-synch","impasse",8,2
"HKSU4","lab-synch","impasse",9,3
"HKSU4","lab-synch","impasse",10,3
"HKSU4","lab-synch","impasse",11,3
"HKSU4","lab-synch","impasse",12,3
"HKSU4","lab-synch","impasse",13,3
"FUV6R","lab-synch","impasse",1,0
"FUV6R","lab-synch","impasse",2,0
"FUV6R","lab-synch","impasse",3,1
"FUV6R","lab-synch","impasse",4,2
"FUV6R","lab-synch","impasse",5,3
"FUV6R","lab-synch","impasse",6,3
"FUV6R","lab-synch","impasse",7,3
"FUV6R","lab-synch","impasse",8,4
"FUV6R","lab-synch","impasse",9,5
"FUV6R","lab-synch","impasse",10,6
"FUV6R","lab-synch","impasse",11,7
"FUV6R","lab-synch","impasse",12,8
"FUV6R","lab-synch","impasse",13,9
"4GSTQ","lab-synch","control",1,0
"4GSTQ","lab-synch","control",2,0
"4GSTQ","lab-synch","control",3,0
"4GSTQ","lab-synch","control",4,0
"4GSTQ","lab-synch","control",5,0
"4GSTQ","lab-synch","control",6,0
"4GSTQ","lab-synch","control",7,0
"4GSTQ","lab-synch","control",8,0
"4GSTQ","lab-synch","control",9,0
"4GSTQ","lab-synch","control",10,0
"4GSTQ","lab-synch","control",11,0
"4GSTQ","lab-synch","control",12,0
"4GSTQ","lab-synch","control",13,0
"EN7PB","lab-synch","control",1,0
"EN7PB","lab-synch","control",2,0
"EN7PB","lab-synch","control",3,0
"EN7PB","lab-synch","control",4,0
"EN7PB","lab-synch","control",5,0
"EN7PB","lab-synch","control",6,0
"EN7PB","lab-synch","control",7,0
"EN7PB","lab-synch","control",8,0
"EN7PB","lab-synch","control",9,0
"EN7PB","lab-synch","control",10,0
"EN7PB","lab-synch","control",11,0
"EN7PB","lab-synch","control",12,0
"EN7PB","lab-synch","control",13,0
"KBQPW","lab-synch","impasse",1,0
"KBQPW","lab-synch","impasse",2,0
"KBQPW","lab-synch","impasse",3,0
"KBQPW","lab-synch","impasse",4,0
"KBQPW","lab-synch","impasse",5,1
"KBQPW","lab-synch","impasse",6,1
"KBQPW","lab-synch","impasse",7,1
"KBQPW","lab-synch","impasse",8,1
"KBQPW","lab-synch","impasse",9,1
"KBQPW","lab-synch","impasse",10,1
"KBQPW","lab-synch","impasse",11,1
"KBQPW","lab-synch","impasse",12,1
"KBQPW","lab-synch","impasse",13,1
"YGEAY","lab-synch","control",1,0
"YGEAY","lab-synch","control",2,0
"YGEAY","lab-synch","control",3,0
"YGEAY","lab-synch","control",4,0
"YGEAY","lab-synch","control",5,0
"YGEAY","lab-synch","control",6,0
"YGEAY","lab-synch","control",7,0
"YGEAY","lab-synch","control",8,0
"YGEAY","lab-synch","control",9,0
"YGEAY","lab-synch","control",10,0
"YGEAY","lab-synch","control",11,1
"YGEAY","lab-synch","control",12,1
"YGEAY","lab-synch","control",13,1
"LJTDL","lab-synch","impasse",1,1
"LJTDL","lab-synch","impasse",2,2
"LJTDL","lab-synch","impasse",3,3
"LJTDL","lab-synch","impasse",4,4
"LJTDL","lab-synch","impasse",5,5
"LJTDL","lab-synch","impasse",6,6
"LJTDL","lab-synch","impasse",7,7
"LJTDL","lab-synch","impasse",8,8
"LJTDL","lab-synch","impasse",9,9
"LJTDL","lab-synch","impasse",10,10
"LJTDL","lab-synch","impasse",11,11
"LJTDL","lab-synch","impasse",12,12
"LJTDL","lab-synch","impasse",13,13
"OTVZR","lab-synch","impasse",1,0
"OTVZR","lab-synch","impasse",2,0
"OTVZR","lab-synch","impasse",3,0
"OTVZR","lab-synch","impasse",4,1
"OTVZR","lab-synch","impasse",5,2
"OTVZR","lab-synch","impasse",6,2
"OTVZR","lab-synch","impasse",7,3
"OTVZR","lab-synch","impasse",8,4
"OTVZR","lab-synch","impasse",9,5
"OTVZR","lab-synch","impasse",10,5
"OTVZR","lab-synch","impasse",11,5
"OTVZR","lab-synch","impasse",12,6
"OTVZR","lab-synch","impasse",13,7
"KLYG7","lab-synch","control",1,0
"KLYG7","lab-synch","control",2,0
"KLYG7","lab-synch","control",3,0
"KLYG7","lab-synch","control",4,0
"KLYG7","lab-synch","control",5,0
"KLYG7","lab-synch","control",6,0
"KLYG7","lab-synch","control",7,0
"KLYG7","lab-synch","control",8,0
"KLYG7","lab-synch","control",9,0
"KLYG7","lab-synch","control",10,0
"KLYG7","lab-synch","control",11,0
"KLYG7","lab-synch","control",12,0
"KLYG7","lab-synch","control",13,0
"AJZV2","lab-synch","impasse",1,0
"AJZV2","lab-synch","impasse",2,1
"AJZV2","lab-synch","impasse",3,2
"AJZV2","lab-synch","impasse",4,3
"AJZV2","lab-synch","impasse",5,4
"AJZV2","lab-synch","impasse",6,5
"AJZV2","lab-synch","impasse",7,6
"AJZV2","lab-synch","impasse",8,7
"AJZV2","lab-synch","impasse",9,8
"AJZV2","lab-synch","impasse",10,9
"AJZV2","lab-synch","impasse",11,10
"AJZV2","lab-synch","impasse",12,11
"AJZV2","lab-synch","impasse",13,12
"3OTEP","lab-synch","impasse",1,1
"3OTEP","lab-synch","impasse",2,2
"3OTEP","lab-synch","impasse",3,3
"3OTEP","lab-synch","impasse",4,4
"3OTEP","lab-synch","impasse",5,5
"3OTEP","lab-synch","impasse",6,6
"3OTEP","lab-synch","impasse",7,7
"3OTEP","lab-synch","impasse",8,8
"3OTEP","lab-synch","impasse",9,9
"3OTEP","lab-synch","impasse",10,10
"3OTEP","lab-synch","impasse",11,11
"3OTEP","lab-synch","impasse",12,12
"3OTEP","lab-synch","impasse",13,13
"QB8G8","lab-synch","impasse",1,0
"QB8G8","lab-synch","impasse",2,0
"QB8G8","lab-synch","impasse",3,0
"QB8G8","lab-synch","impasse",4,0
"QB8G8","lab-synch","impasse",5,1
"QB8G8","lab-synch","impasse",6,1
"QB8G8","lab-synch","impasse",7,1
"QB8G8","lab-synch","impasse",8,1
"QB8G8","lab-synch","impasse",9,1
"QB8G8","lab-synch","impasse",10,1
"QB8G8","lab-synch","impasse",11,1
"QB8G8","lab-synch","impasse",12,1
"QB8G8","lab-synch","impasse",13,1
"HH4FP","lab-synch","control",1,0
"HH4FP","lab-synch","control",2,0
"HH4FP","lab-synch","control",3,0
"HH4FP","lab-synch","control",4,0
"HH4FP","lab-synch","control",5,0
"HH4FP","lab-synch","control",6,0
"HH4FP","lab-synch","control",7,0
"HH4FP","lab-synch","control",8,0
"HH4FP","lab-synch","control",9,0
"HH4FP","lab-synch","control",10,0
"HH4FP","lab-synch","control",11,0
"HH4FP","lab-synch","control",12,0
"HH4FP","lab-synch","control",13,0
"7L4J4","lab-synch","control",1,0
"7L4J4","lab-synch","control",2,0
"7L4J4","lab-synch","control",3,0
"7L4J4","lab-synch","control",4,0
"7L4J4","lab-synch","control",5,0
"7L4J4","lab-synch","control",6,0
"7L4J4","lab-synch","control",7,0
"7L4J4","lab-synch","control",8,0
"7L4J4","lab-synch","control",9,0
"7L4J4","lab-synch","control",10,0
"7L4J4","lab-synch","control",11,0
"7L4J4","lab-synch","control",12,0
"7L4J4","lab-synch","control",13,0
"B3OKB","lab-synch","control",1,0
"B3OKB","lab-synch","control",2,0
"B3OKB","lab-synch","control",3,0
"B3OKB","lab-synch","control",4,0
"B3OKB","lab-synch","control",5,0
"B3OKB","lab-synch","control",6,0
"B3OKB","lab-synch","control",7,0
"B3OKB","lab-synch","control",8,1
"B3OKB","lab-synch","control",9,2
"B3OKB","lab-synch","control",10,3
"B3OKB","lab-synch","control",11,4
"B3OKB","lab-synch","control",12,5
"B3OKB","lab-synch","control",13,6
"ZZYXF","lab-synch","impasse",1,0
"ZZYXF","lab-synch","impasse",2,0
"ZZYXF","lab-synch","impasse",3,0
"ZZYXF","lab-synch","impasse",4,0
"ZZYXF","lab-synch","impasse",5,0
"ZZYXF","lab-synch","impasse",6,0
"ZZYXF","lab-synch","impasse",7,0
"ZZYXF","lab-synch","impasse",8,0
"ZZYXF","lab-synch","impasse",9,0
"ZZYXF","lab-synch","impasse",10,0
"ZZYXF","lab-synch","impasse",11,0
"ZZYXF","lab-synch","impasse",12,0
"ZZYXF","lab-synch","impasse",13,0
"8V51R","lab-synch","control",1,0
"8V51R","lab-synch","control",2,0
"8V51R","lab-synch","control",3,0
"8V51R","lab-synch","control",4,0
"8V51R","lab-synch","control",5,0
"8V51R","lab-synch","control",6,0
"8V51R","lab-synch","control",7,0
"8V51R","lab-synch","control",8,0
"8V51R","lab-synch","control",9,0
"8V51R","lab-synch","control",10,0
"8V51R","lab-synch","control",11,0
"8V51R","lab-synch","control",12,0
"8V51R","lab-synch","control",13,0
"R0GKA","lab-synch","impasse",1,0
"R0GKA","lab-synch","impasse",2,1
"R0GKA","lab-synch","impasse",3,2
"R0GKA","lab-synch","impasse",4,3
"R0GKA","lab-synch","impasse",5,4
"R0GKA","lab-synch","impasse",6,5
"R0GKA","lab-synch","impasse",7,6
"R0GKA","lab-synch","impasse",8,7
"R0GKA","lab-synch","impasse",9,8
"R0GKA","lab-synch","impasse",10,9
"R0GKA","lab-synch","impasse",11,9
"R0GKA","lab-synch","impasse",12,10
"R0GKA","lab-synch","impasse",13,11
"1FO1D","lab-synch","impasse",1,0
"1FO1D","lab-synch","impasse",2,0
"1FO1D","lab-synch","impasse",3,0
"1FO1D","lab-synch","impasse",4,1
"1FO1D","lab-synch","impasse",5,1
"1FO1D","lab-synch","impasse",6,1
"1FO1D","lab-synch","impasse",7,1
"1FO1D","lab-synch","impasse",8,2
"1FO1D","lab-synch","impasse",9,2
"1FO1D","lab-synch","impasse",10,2
"1FO1D","lab-synch","impasse",11,3
"1FO1D","lab-synch","impasse",12,4
"1FO1D","lab-synch","impasse",13,5
"GF1FQ","lab-synch","impasse",1,0
"GF1FQ","lab-synch","impasse",2,0
"GF1FQ","lab-synch","impasse",3,0
"GF1FQ","lab-synch","impasse",4,0
"GF1FQ","lab-synch","impasse",5,0
"GF1FQ","lab-synch","impasse",6,0
"GF1FQ","lab-synch","impasse",7,0
"GF1FQ","lab-synch","impasse",8,0
"GF1FQ","lab-synch","impasse",9,0
"GF1FQ","lab-synch","impasse",10,0
"GF1FQ","lab-synch","impasse",11,0
"GF1FQ","lab-synch","impasse",12,0
"GF1FQ","lab-synch","impasse",13,0
"N53LC","lab-synch","control",1,0
"N53LC","lab-synch","control",2,0
"N53LC","lab-synch","control",3,0
"N53LC","lab-synch","control",4,0
"N53LC","lab-synch","control",5,0
"N53LC","lab-synch","control",6,0
"N53LC","lab-synch","control",7,0
"N53LC","lab-synch","control",8,0
"N53LC","lab-synch","control",9,0
"N53LC","lab-synch","control",10,0
"N53LC","lab-synch","control",11,0
"N53LC","lab-synch","control",12,0
"N53LC","lab-synch","control",13,0
"QSGCP","lab-synch","control",1,0
"QSGCP","lab-synch","control",2,0
"QSGCP","lab-synch","control",3,0
"QSGCP","lab-synch","control",4,0
"QSGCP","lab-synch","control",5,0
"QSGCP","lab-synch","control",6,0
"QSGCP","lab-synch","control",7,0
"QSGCP","lab-synch","control",8,0
"QSGCP","lab-synch","control",9,0
"QSGCP","lab-synch","control",10,0
"QSGCP","lab-synch","control",11,0
"QSGCP","lab-synch","control",12,0
"QSGCP","lab-synch","control",13,0
"TX10R","lab-synch","control",1,0
"TX10R","lab-synch","control",2,0
"TX10R","lab-synch","control",3,0
"TX10R","lab-synch","control",4,0
"TX10R","lab-synch","control",5,0
"TX10R","lab-synch","control",6,0
"TX10R","lab-synch","control",7,0
"TX10R","lab-synch","control",8,0
"TX10R","lab-synch","control",9,1
"TX10R","lab-synch","control",10,1
"TX10R","lab-synch","control",11,1
"TX10R","lab-synch","control",12,1
"TX10R","lab-synch","control",13,1
"2BBZ9","lab-synch","control",1,0
"2BBZ9","lab-synch","control",2,0
"2BBZ9","lab-synch","control",3,0
"2BBZ9","lab-synch","control",4,0
"2BBZ9","lab-synch","control",5,0
"2BBZ9","lab-synch","control",6,0
"2BBZ9","lab-synch","control",7,0
"2BBZ9","lab-synch","control",8,0
"2BBZ9","lab-synch","control",9,0
"2BBZ9","lab-synch","control",10,0
"2BBZ9","lab-synch","control",11,0
"2BBZ9","lab-synch","control",12,0
"2BBZ9","lab-synch","control",13,0
"N2UK6","lab-synch","control",1,0
"N2UK6","lab-synch","control",2,0
"N2UK6","lab-synch","control",3,0
"N2UK6","lab-synch","control",4,0
"N2UK6","lab-synch","control",5,0
"N2UK6","lab-synch","control",6,0
"N2UK6","lab-synch","control",7,0
"N2UK6","lab-synch","control",8,0
"N2UK6","lab-synch","control",9,0
"N2UK6","lab-synch","control",10,0
"N2UK6","lab-synch","control",11,0
"N2UK6","lab-synch","control",12,0
"N2UK6","lab-synch","control",13,0
"EFTYS","lab-synch","control",1,0
"EFTYS","lab-synch","control",2,0
"EFTYS","lab-synch","control",3,0
"EFTYS","lab-synch","control",4,0
"EFTYS","lab-synch","control",5,0
"EFTYS","lab-synch","control",6,0
"EFTYS","lab-synch","control",7,0
"EFTYS","lab-synch","control",8,0
"EFTYS","lab-synch","control",9,0
"EFTYS","lab-synch","control",10,0
"EFTYS","lab-synch","control",11,0
"EFTYS","lab-synch","control",12,0
"EFTYS","lab-synch","control",13,0
"OQB9V","lab-synch","control",1,1
"OQB9V","lab-synch","control",2,2
"OQB9V","lab-synch","control",3,3
"OQB9V","lab-synch","control",4,4
"OQB9V","lab-synch","control",5,5
"OQB9V","lab-synch","control",6,6
"OQB9V","lab-synch","control",7,7
"OQB9V","lab-synch","control",8,8
"OQB9V","lab-synch","control",9,9
"OQB9V","lab-synch","control",10,10
"OQB9V","lab-synch","control",11,11
"OQB9V","lab-synch","control",12,12
"OQB9V","lab-synch","control",13,13
"M1REU","lab-synch","control",1,1
"M1REU","lab-synch","control",2,2
"M1REU","lab-synch","control",3,3
"M1REU","lab-synch","control",4,4
"M1REU","lab-synch","control",5,5
"M1REU","lab-synch","control",6,6
"M1REU","lab-synch","control",7,7
"M1REU","lab-synch","control",8,8
"M1REU","lab-synch","control",9,9
"M1REU","lab-synch","control",10,10
"M1REU","lab-synch","control",11,11
"M1REU","lab-synch","control",12,12
"M1REU","lab-synch","control",13,13
"FGMSN","lab-synch","impasse",1,0
"FGMSN","lab-synch","impasse",2,0
"FGMSN","lab-synch","impasse",3,0
"FGMSN","lab-synch","impasse",4,0
"FGMSN","lab-synch","impasse",5,0
"FGMSN","lab-synch","impasse",6,0
"FGMSN","lab-synch","impasse",7,0
"FGMSN","lab-synch","impasse",8,0
"FGMSN","lab-synch","impasse",9,0
"FGMSN","lab-synch","impasse",10,0
"FGMSN","lab-synch","impasse",11,0
"FGMSN","lab-synch","impasse",12,0
"FGMSN","lab-synch","impasse",13,0
"L0M3H","lab-synch","impasse",1,0
"L0M3H","lab-synch","impasse",2,0
"L0M3H","lab-synch","impasse",3,0
"L0M3H","lab-synch","impasse",4,0
"L0M3H","lab-synch","impasse",5,1
"L0M3H","lab-synch","impasse",6,1
"L0M3H","lab-synch","impasse",7,1
"L0M3H","lab-synch","impasse",8,1
"L0M3H","lab-synch","impasse",9,1
"L0M3H","lab-synch","impasse",10,1
"L0M3H","lab-synch","impasse",11,1
"L0M3H","lab-synch","impasse",12,1
"L0M3H","lab-synch","impasse",13,1
"ASEGP","lab-synch","impasse",1,0
"ASEGP","lab-synch","impasse",2,0
"ASEGP","lab-synch","impasse",3,0
"ASEGP","lab-synch","impasse",4,0
"ASEGP","lab-synch","impasse",5,0
"ASEGP","lab-synch","impasse",6,0
"ASEGP","lab-synch","impasse",7,0
"ASEGP","lab-synch","impasse",8,0
"ASEGP","lab-synch","impasse",9,0
"ASEGP","lab-synch","impasse",10,0
"ASEGP","lab-synch","impasse",11,0
"ASEGP","lab-synch","impasse",12,0
"ASEGP","lab-synch","impasse",13,0
"PO9J4","lab-synch","impasse",1,0
"PO9J4","lab-synch","impasse",2,0
"PO9J4","lab-synch","impasse",3,0
"PO9J4","lab-synch","impasse",4,0
"PO9J4","lab-synch","impasse",5,0
"PO9J4","lab-synch","impasse",6,0
"PO9J4","lab-synch","impasse",7,0
"PO9J4","lab-synch","impasse",8,0
"PO9J4","lab-synch","impasse",9,0
"PO9J4","lab-synch","impasse",10,0
"PO9J4","lab-synch","impasse",11,0
"PO9J4","lab-synch","impasse",12,0
"PO9J4","lab-synch","impasse",13,0
"MABX4","lab-synch","impasse",1,0
"MABX4","lab-synch","impasse",2,0
"MABX4","lab-synch","impasse",3,1
"MABX4","lab-synch","impasse",4,2
"MABX4","lab-synch","impasse",5,3
"MABX4","lab-synch","impasse",6,3
"MABX4","lab-synch","impasse",7,4
"MABX4","lab-synch","impasse",8,5
"MABX4","lab-synch","impasse",9,6
"MABX4","lab-synch","impasse",10,7
"MABX4","lab-synch","impasse",11,8
"MABX4","lab-synch","impasse",12,9
"MABX4","lab-synch","impasse",13,10
"DC2Y0","lab-synch","impasse",1,1
"DC2Y0","lab-synch","impasse",2,2
"DC2Y0","lab-synch","impasse",3,3
"DC2Y0","lab-synch","impasse",4,4
"DC2Y0","lab-synch","impasse",5,4
"DC2Y0","lab-synch","impasse",6,4
"DC2Y0","lab-synch","impasse",7,5
"DC2Y0","lab-synch","impasse",8,6
"DC2Y0","lab-synch","impasse",9,7
"DC2Y0","lab-synch","impasse",10,8
"DC2Y0","lab-synch","impasse",11,8
"DC2Y0","lab-synch","impasse",12,9
"DC2Y0","lab-synch","impasse",13,9
"6G1ZR","lab-synch","control",1,0
"6G1ZR","lab-synch","control",2,0
"6G1ZR","lab-synch","control",3,0
"6G1ZR","lab-synch","control",4,0
"6G1ZR","lab-synch","control",5,0
"6G1ZR","lab-synch","control",6,0
"6G1ZR","lab-synch","control",7,0
"6G1ZR","lab-synch","control",8,0
"6G1ZR","lab-synch","control",9,0
"6G1ZR","lab-synch","control",10,0
"6G1ZR","lab-synch","control",11,0
"6G1ZR","lab-synch","control",12,0
"6G1ZR","lab-synch","control",13,0
"G0CPA","lab-synch","control",1,0
"G0CPA","lab-synch","control",2,0
"G0CPA","lab-synch","control",3,0
"G0CPA","lab-synch","control",4,0
"G0CPA","lab-synch","control",5,0
"G0CPA","lab-synch","control",6,0
"G0CPA","lab-synch","control",7,0
"G0CPA","lab-synch","control",8,0
"G0CPA","lab-synch","control",9,0
"G0CPA","lab-synch","control",10,0
"G0CPA","lab-synch","control",11,0
"G0CPA","lab-synch","control",12,0
"G0CPA","lab-synch","control",13,0
"EENOM","lab-synch","control",1,0
"EENOM","lab-synch","control",2,0
"EENOM","lab-synch","control",3,0
"EENOM","lab-synch","control",4,0
"EENOM","lab-synch","control",5,0
"EENOM","lab-synch","control",6,0
"EENOM","lab-synch","control",7,0
"EENOM","lab-synch","control",8,0
"EENOM","lab-synch","control",9,0
"EENOM","lab-synch","control",10,0
"EENOM","lab-synch","control",11,0
"EENOM","lab-synch","control",12,0
"EENOM","lab-synch","control",13,0
"SAAFX","lab-synch","impasse",1,1
"SAAFX","lab-synch","impasse",2,2
"SAAFX","lab-synch","impasse",3,3
"SAAFX","lab-synch","impasse",4,4
"SAAFX","lab-synch","impasse",5,5
"SAAFX","lab-synch","impasse",6,6
"SAAFX","lab-synch","impasse",7,7
"SAAFX","lab-synch","impasse",8,8
"SAAFX","lab-synch","impasse",9,9
"SAAFX","lab-synch","impasse",10,10
"SAAFX","lab-synch","impasse",11,10
"SAAFX","lab-synch","impasse",12,11
"SAAFX","lab-synch","impasse",13,12
"EC0K7","lab-synch","control",1,0
"EC0K7","lab-synch","control",2,0
"EC0K7","lab-synch","control",3,0
"EC0K7","lab-synch","control",4,0
"EC0K7","lab-synch","control",5,0
"EC0K7","lab-synch","control",6,0
"EC0K7","lab-synch","control",7,0
"EC0K7","lab-synch","control",8,0
"EC0K7","lab-synch","control",9,0
"EC0K7","lab-synch","control",10,0
"EC0K7","lab-synch","control",11,0
"EC0K7","lab-synch","control",12,0
"EC0K7","lab-synch","control",13,0
"XQZYP","lab-synch","control",1,0
"XQZYP","lab-synch","control",2,0
"XQZYP","lab-synch","control",3,0
"XQZYP","lab-synch","control",4,0
"XQZYP","lab-synch","control",5,1
"XQZYP","lab-synch","control",6,1
"XQZYP","lab-synch","control",7,1
"XQZYP","lab-synch","control",8,2
"XQZYP","lab-synch","control",9,2
"XQZYP","lab-synch","control",10,3
"XQZYP","lab-synch","control",11,4
"XQZYP","lab-synch","control",12,5
"XQZYP","lab-synch","control",13,6
"KUHF1","lab-synch","impasse",1,1
"KUHF1","lab-synch","impasse",2,2
"KUHF1","lab-synch","impasse",3,2
"KUHF1","lab-synch","impasse",4,3
"KUHF1","lab-synch","impasse",5,4
"KUHF1","lab-synch","impasse",6,5
"KUHF1","lab-synch","impasse",7,6
"KUHF1","lab-synch","impasse",8,7
"KUHF1","lab-synch","impasse",9,8
"KUHF1","lab-synch","impasse",10,9
"KUHF1","lab-synch","impasse",11,10
"KUHF1","lab-synch","impasse",12,11
"KUHF1","lab-synch","impasse",13,12
"5EWM2","lab-synch","impasse",1,0
"5EWM2","lab-synch","impasse",2,0
"5EWM2","lab-synch","impasse",3,0
"5EWM2","lab-synch","impasse",4,0
"5EWM2","lab-synch","impasse",5,0
"5EWM2","lab-synch","impasse",6,0
"5EWM2","lab-synch","impasse",7,0
"5EWM2","lab-synch","impasse",8,0
"5EWM2","lab-synch","impasse",9,0
"5EWM2","lab-synch","impasse",10,0
"5EWM2","lab-synch","impasse",11,0
"5EWM2","lab-synch","impasse",12,0
"5EWM2","lab-synch","impasse",13,0
"1THJX","lab-synch","impasse",1,0
"1THJX","lab-synch","impasse",2,0
"1THJX","lab-synch","impasse",3,0
"1THJX","lab-synch","impasse",4,0
"1THJX","lab-synch","impasse",5,0
"1THJX","lab-synch","impasse",6,0
"1THJX","lab-synch","impasse",7,0
"1THJX","lab-synch","impasse",8,0
"1THJX","lab-synch","impasse",9,0
"1THJX","lab-synch","impasse",10,0
"1THJX","lab-synch","impasse",11,0
"1THJX","lab-synch","impasse",12,0
"1THJX","lab-synch","impasse",13,0
"0ZCT1","lab-synch","impasse",1,1
"0ZCT1","lab-synch","impasse",2,2
"0ZCT1","lab-synch","impasse",3,3
"0ZCT1","lab-synch","impasse",4,4
"0ZCT1","lab-synch","impasse",5,5
"0ZCT1","lab-synch","impasse",6,6
"0ZCT1","lab-synch","impasse",7,7
"0ZCT1","lab-synch","impasse",8,8
"0ZCT1","lab-synch","impasse",9,9
"0ZCT1","lab-synch","impasse",10,10
"0ZCT1","lab-synch","impasse",11,11
"0ZCT1","lab-synch","impasse",12,12
"0ZCT1","lab-synch","impasse",13,13
"VT3ZX","lab-synch","impasse",1,0
"VT3ZX","lab-synch","impasse",2,0
"VT3ZX","lab-synch","impasse",3,1
"VT3ZX","lab-synch","impasse",4,2
"VT3ZX","lab-synch","impasse",5,3
"VT3ZX","lab-synch","impasse",6,4
"VT3ZX","lab-synch","impasse",7,5
"VT3ZX","lab-synch","impasse",8,6
"VT3ZX","lab-synch","impasse",9,7
"VT3ZX","lab-synch","impasse",10,8
"VT3ZX","lab-synch","impasse",11,9
"VT3ZX","lab-synch","impasse",12,10
"VT3ZX","lab-synch","impasse",13,11
"X0PRP","lab-synch","control",1,0
"X0PRP","lab-synch","control",2,0
"X0PRP","lab-synch","control",3,0
"X0PRP","lab-synch","control",4,0
"X0PRP","lab-synch","control",5,0
"X0PRP","lab-synch","control",6,0
"X0PRP","lab-synch","control",7,0
"X0PRP","lab-synch","control",8,0
"X0PRP","lab-synch","control",9,0
"X0PRP","lab-synch","control",10,0
"X0PRP","lab-synch","control",11,0
"X0PRP","lab-synch","control",12,0
"X0PRP","lab-synch","control",13,0
"F49JC","lab-synch","impasse",1,1
"F49JC","lab-synch","impasse",2,2
"F49JC","lab-synch","impasse",3,3
"F49JC","lab-synch","impasse",4,4
"F49JC","lab-synch","impasse",5,4
"F49JC","lab-synch","impasse",6,5
"F49JC","lab-synch","impasse",7,5
"F49JC","lab-synch","impasse",8,6
"F49JC","lab-synch","impasse",9,7
"F49JC","lab-synch","impasse",10,8
"F49JC","lab-synch","impasse",11,8
"F49JC","lab-synch","impasse",12,9
"F49JC","lab-synch","impasse",13,10
"5WPCV","lab-synch","impasse",1,0
"5WPCV","lab-synch","impasse",2,0
"5WPCV","lab-synch","impasse",3,0
"5WPCV","lab-synch","impasse",4,0
"5WPCV","lab-synch","impasse",5,0
"5WPCV","lab-synch","impasse",6,0
"5WPCV","lab-synch","impasse",7,0
"5WPCV","lab-synch","impasse",8,0
"5WPCV","lab-synch","impasse",9,0
"5WPCV","lab-synch","impasse",10,0
"5WPCV","lab-synch","impasse",11,0
"5WPCV","lab-synch","impasse",12,0
"5WPCV","lab-synch","impasse",13,0
"3B1TL","lab-synch","control",1,1
"3B1TL","lab-synch","control",2,2
"3B1TL","lab-synch","control",3,3
"3B1TL","lab-synch","control",4,4
"3B1TL","lab-synch","control",5,5
"3B1TL","lab-synch","control",6,6
"3B1TL","lab-synch","control",7,7
"3B1TL","lab-synch","control",8,8
"3B1TL","lab-synch","control",9,9
"3B1TL","lab-synch","control",10,10
"3B1TL","lab-synch","control",11,11
"3B1TL","lab-synch","control",12,12
"3B1TL","lab-synch","control",13,13
"2JRT6","lab-synch","control",1,0
"2JRT6","lab-synch","control",2,0
"2JRT6","lab-synch","control",3,1
"2JRT6","lab-synch","control",4,1
"2JRT6","lab-synch","control",5,2
"2JRT6","lab-synch","control",6,3
"2JRT6","lab-synch","control",7,3
"2JRT6","lab-synch","control",8,3
"2JRT6","lab-synch","control",9,3
"2JRT6","lab-synch","control",10,3
"2JRT6","lab-synch","control",11,3
"2JRT6","lab-synch","control",12,3
"2JRT6","lab-synch","control",13,4
"1ZY3L","lab-synch","control",1,0
"1ZY3L","lab-synch","control",2,1
"1ZY3L","lab-synch","control",3,2
"1ZY3L","lab-synch","control",4,3
"1ZY3L","lab-synch","control",5,4
"1ZY3L","lab-synch","control",6,5
"1ZY3L","lab-synch","control",7,6
"1ZY3L","lab-synch","control",8,7
"1ZY3L","lab-synch","control",9,7
"1ZY3L","lab-synch","control",10,8
"1ZY3L","lab-synch","control",11,9
"1ZY3L","lab-synch","control",12,9
"1ZY3L","lab-synch","control",13,10
"DQQQX","lab-synch","control",1,0
"DQQQX","lab-synch","control",2,0
"DQQQX","lab-synch","control",3,0
"DQQQX","lab-synch","control",4,0
"DQQQX","lab-synch","control",5,0
"DQQQX","lab-synch","control",6,0
"DQQQX","lab-synch","control",7,0
"DQQQX","lab-synch","control",8,0
"DQQQX","lab-synch","control",9,0
"DQQQX","lab-synch","control",10,0
"DQQQX","lab-synch","control",11,0
"DQQQX","lab-synch","control",12,0
"DQQQX","lab-synch","control",13,0
"VJNWA","lab-synch","control",1,0
"VJNWA","lab-synch","control",2,0
"VJNWA","lab-synch","control",3,0
"VJNWA","lab-synch","control",4,0
"VJNWA","lab-synch","control",5,0
"VJNWA","lab-synch","control",6,0
"VJNWA","lab-synch","control",7,0
"VJNWA","lab-synch","control",8,0
"VJNWA","lab-synch","control",9,0
"VJNWA","lab-synch","control",10,0
"VJNWA","lab-synch","control",11,0
"VJNWA","lab-synch","control",12,0
"VJNWA","lab-synch","control",13,0
"FU11G","lab-synch","impasse",1,0
"FU11G","lab-synch","impasse",2,1
"FU11G","lab-synch","impasse",3,1
"FU11G","lab-synch","impasse",4,1
"FU11G","lab-synch","impasse",5,1
"FU11G","lab-synch","impasse",6,1
"FU11G","lab-synch","impasse",7,1
"FU11G","lab-synch","impasse",8,1
"FU11G","lab-synch","impasse",9,1
"FU11G","lab-synch","impasse",10,1
"FU11G","lab-synch","impasse",11,1
"FU11G","lab-synch","impasse",12,1
"FU11G","lab-synch","impasse",13,1
"4FETN","lab-synch","impasse",1,0
"4FETN","lab-synch","impasse",2,1
"4FETN","lab-synch","impasse",3,2
"4FETN","lab-synch","impasse",4,3
"4FETN","lab-synch","impasse",5,4
"4FETN","lab-synch","impasse",6,5
"4FETN","lab-synch","impasse",7,6
"4FETN","lab-synch","impasse",8,7
"4FETN","lab-synch","impasse",9,8
"4FETN","lab-synch","impasse",10,9
"4FETN","lab-synch","impasse",11,10
"4FETN","lab-synch","impasse",12,11
"4FETN","lab-synch","impasse",13,12
"CKRHQ","lab-synch","impasse",1,0
"CKRHQ","lab-synch","impasse",2,0
"CKRHQ","lab-synch","impasse",3,0
"CKRHQ","lab-synch","impasse",4,0
"CKRHQ","lab-synch","impasse",5,0
"CKRHQ","lab-synch","impasse",6,0
"CKRHQ","lab-synch","impasse",7,0
"CKRHQ","lab-synch","impasse",8,0
"CKRHQ","lab-synch","impasse",9,0
"CKRHQ","lab-synch","impasse",10,0
"CKRHQ","lab-synch","impasse",11,0
"CKRHQ","lab-synch","impasse",12,0
"CKRHQ","lab-synch","impasse",13,0
"9393C","lab-synch","impasse",1,0
"9393C","lab-synch","impasse",2,0
"9393C","lab-synch","impasse",3,0
"9393C","lab-synch","impasse",4,0
"9393C","lab-synch","impasse",5,0
"9393C","lab-synch","impasse",6,0
"9393C","lab-synch","impasse",7,0
"9393C","lab-synch","impasse",8,0
"9393C","lab-synch","impasse",9,0
"9393C","lab-synch","impasse",10,0
"9393C","lab-synch","impasse",11,0
"9393C","lab-synch","impasse",12,0
"9393C","lab-synch","impasse",13,0
"S4G9E","lab-synch","control",1,0
"S4G9E","lab-synch","control",2,0
"S4G9E","lab-synch","control",3,0
"S4G9E","lab-synch","control",4,0
"S4G9E","lab-synch","control",5,0
"S4G9E","lab-synch","control",6,0
"S4G9E","lab-synch","control",7,0
"S4G9E","lab-synch","control",8,0
"S4G9E","lab-synch","control",9,0
"S4G9E","lab-synch","control",10,0
"S4G9E","lab-synch","control",11,0
"S4G9E","lab-synch","control",12,0
"S4G9E","lab-synch","control",13,0
"L0W0F","lab-synch","control",1,1
"L0W0F","lab-synch","control",2,2
"L0W0F","lab-synch","control",3,3
"L0W0F","lab-synch","control",4,4
"L0W0F","lab-synch","control",5,5
"L0W0F","lab-synch","control",6,6
"L0W0F","lab-synch","control",7,7
"L0W0F","lab-synch","control",8,8
"L0W0F","lab-synch","control",9,9
"L0W0F","lab-synch","control",10,10
"L0W0F","lab-synch","control",11,11
"L0W0F","lab-synch","control",12,12
"L0W0F","lab-synch","control",13,13
"ZJPX1","lab-synch","impasse",1,1
"ZJPX1","lab-synch","impasse",2,2
"ZJPX1","lab-synch","impasse",3,2
"ZJPX1","lab-synch","impasse",4,2
"ZJPX1","lab-synch","impasse",5,2
"ZJPX1","lab-synch","impasse",6,2
"ZJPX1","lab-synch","impasse",7,2
"ZJPX1","lab-synch","impasse",8,2
"ZJPX1","lab-synch","impasse",9,2
"ZJPX1","lab-synch","impasse",10,2
"ZJPX1","lab-synch","impasse",11,2
"ZJPX1","lab-synch","impasse",12,2
"ZJPX1","lab-synch","impasse",13,2
"JZWPZ","lab-synch","impasse",1,0
"JZWPZ","lab-synch","impasse",2,0
"JZWPZ","lab-synch","impasse",3,1
"JZWPZ","lab-synch","impasse",4,1
"JZWPZ","lab-synch","impasse",5,1
"JZWPZ","lab-synch","impasse",6,1
"JZWPZ","lab-synch","impasse",7,1
"JZWPZ","lab-synch","impasse",8,2
"JZWPZ","lab-synch","impasse",9,2
"JZWPZ","lab-synch","impasse",10,2
"JZWPZ","lab-synch","impasse",11,2
"JZWPZ","lab-synch","impasse",12,2
"JZWPZ","lab-synch","impasse",13,2
"DD3DE","lab-synch","control",1,0
"DD3DE","lab-synch","control",2,0
"DD3DE","lab-synch","control",3,0
"DD3DE","lab-synch","control",4,0
"DD3DE","lab-synch","control",5,0
"DD3DE","lab-synch","control",6,0
"DD3DE","lab-synch","control",7,0
"DD3DE","lab-synch","control",8,0
"DD3DE","lab-synch","control",9,0
"DD3DE","lab-synch","control",10,0
"DD3DE","lab-synch","control",11,0
"DD3DE","lab-synch","control",12,0
"DD3DE","lab-synch","control",13,0
"OVZHS","lab-synch","control",1,0
"OVZHS","lab-synch","control",2,0
"OVZHS","lab-synch","control",3,0
"OVZHS","lab-synch","control",4,0
"OVZHS","lab-synch","control",5,0
"OVZHS","lab-synch","control",6,0
"OVZHS","lab-synch","control",7,0
"OVZHS","lab-synch","control",8,0
"OVZHS","lab-synch","control",9,0
"OVZHS","lab-synch","control",10,0
"OVZHS","lab-synch","control",11,0
"OVZHS","lab-synch","control",12,0
"OVZHS","lab-synch","control",13,0
"J2MPW","lab-synch","impasse",1,0
"J2MPW","lab-synch","impasse",2,1
"J2MPW","lab-synch","impasse",3,2
"J2MPW","lab-synch","impasse",4,3
"J2MPW","lab-synch","impasse",5,4
"J2MPW","lab-synch","impasse",6,5
"J2MPW","lab-synch","impasse",7,6
"J2MPW","lab-synch","impasse",8,7
"J2MPW","lab-synch","impasse",9,8
"J2MPW","lab-synch","impasse",10,9
"J2MPW","lab-synch","impasse",11,10
"J2MPW","lab-synch","impasse",12,11
"J2MPW","lab-synch","impasse",13,12
"XX1TE","lab-synch","control",1,0
"XX1TE","lab-synch","control",2,0
"XX1TE","lab-synch","control",3,0
"XX1TE","lab-synch","control",4,0
"XX1TE","lab-synch","control",5,0
"XX1TE","lab-synch","control",6,0
"XX1TE","lab-synch","control",7,0
"XX1TE","lab-synch","control",8,0
"XX1TE","lab-synch","control",9,0
"XX1TE","lab-synch","control",10,0
"XX1TE","lab-synch","control",11,0
"XX1TE","lab-synch","control",12,0
"XX1TE","lab-synch","control",13,0
"B4LD9","lab-synch","control",1,0
"B4LD9","lab-synch","control",2,0
"B4LD9","lab-synch","control",3,0
"B4LD9","lab-synch","control",4,1
"B4LD9","lab-synch","control",5,2
"B4LD9","lab-synch","control",6,2
"B4LD9","lab-synch","control",7,2
"B4LD9","lab-synch","control",8,2
"B4LD9","lab-synch","control",9,2
"B4LD9","lab-synch","control",10,2
"B4LD9","lab-synch","control",11,2
"B4LD9","lab-synch","control",12,2
"B4LD9","lab-synch","control",13,2
"QY1F7","lab-synch","impasse",1,0
"QY1F7","lab-synch","impasse",2,1
"QY1F7","lab-synch","impasse",3,2
"QY1F7","lab-synch","impasse",4,3
"QY1F7","lab-synch","impasse",5,3
"QY1F7","lab-synch","impasse",6,4
"QY1F7","lab-synch","impasse",7,4
"QY1F7","lab-synch","impasse",8,4
"QY1F7","lab-synch","impasse",9,4
"QY1F7","lab-synch","impasse",10,4
"QY1F7","lab-synch","impasse",11,4
"QY1F7","lab-synch","impasse",12,4
"QY1F7","lab-synch","impasse",13,4
"TVQKD","lab-synch","impasse",1,0
"TVQKD","lab-synch","impasse",2,1
"TVQKD","lab-synch","impasse",3,1
"TVQKD","lab-synch","impasse",4,1
"TVQKD","lab-synch","impasse",5,1
"TVQKD","lab-synch","impasse",6,2
"TVQKD","lab-synch","impasse",7,2
"TVQKD","lab-synch","impasse",8,2
"TVQKD","lab-synch","impasse",9,3
"TVQKD","lab-synch","impasse",10,4
"TVQKD","lab-synch","impasse",11,5
"TVQKD","lab-synch","impasse",12,6
"TVQKD","lab-synch","impasse",13,7
"8LGZ4","lab-synch","control",1,0
"8LGZ4","lab-synch","control",2,0
"8LGZ4","lab-synch","control",3,0
"8LGZ4","lab-synch","control",4,0
"8LGZ4","lab-synch","control",5,0
"8LGZ4","lab-synch","control",6,0
"8LGZ4","lab-synch","control",7,0
"8LGZ4","lab-synch","control",8,0
"8LGZ4","lab-synch","control",9,0
"8LGZ4","lab-synch","control",10,0
"8LGZ4","lab-synch","control",11,0
"8LGZ4","lab-synch","control",12,0
"8LGZ4","lab-synch","control",13,0
"HJ5O5","lab-synch","control",1,1
"HJ5O5","lab-synch","control",2,2
"HJ5O5","lab-synch","control",3,3
"HJ5O5","lab-synch","control",4,4
"HJ5O5","lab-synch","control",5,5
"HJ5O5","lab-synch","control",6,6
"HJ5O5","lab-synch","control",7,7
"HJ5O5","lab-synch","control",8,8
"HJ5O5","lab-synch","control",9,9
"HJ5O5","lab-synch","control",10,10
"HJ5O5","lab-synch","control",11,11
"HJ5O5","lab-synch","control",12,12
"HJ5O5","lab-synch","control",13,13
"YKJOR","lab-synch","control",1,0
"YKJOR","lab-synch","control",2,0
"YKJOR","lab-synch","control",3,0
"YKJOR","lab-synch","control",4,0
"YKJOR","lab-synch","control",5,0
"YKJOR","lab-synch","control",6,0
"YKJOR","lab-synch","control",7,0
"YKJOR","lab-synch","control",8,0
"YKJOR","lab-synch","control",9,0
"YKJOR","lab-synch","control",10,0
"YKJOR","lab-synch","control",11,0
"YKJOR","lab-synch","control",12,0
"YKJOR","lab-synch","control",13,0
"PQN6T","lab-synch","control",1,0
"PQN6T","lab-synch","control",2,0
"PQN6T","lab-synch","control",3,0
"PQN6T","lab-synch","control",4,0
"PQN6T","lab-synch","control",5,1
"PQN6T","lab-synch","control",6,1
"PQN6T","lab-synch","control",7,1
"PQN6T","lab-synch","control",8,1
"PQN6T","lab-synch","control",9,1
"PQN6T","lab-synch","control",10,1
"PQN6T","lab-synch","control",11,1
"PQN6T","lab-synch","control",12,1
"PQN6T","lab-synch","control",13,1
"6MWHZ","lab-synch","impasse",1,0
"6MWHZ","lab-synch","impasse",2,1
"6MWHZ","lab-synch","impasse",3,1
"6MWHZ","lab-synch","impasse",4,2
"6MWHZ","lab-synch","impasse",5,3
"6MWHZ","lab-synch","impasse",6,3
"6MWHZ","lab-synch","impasse",7,3
"6MWHZ","lab-synch","impasse",8,3
"6MWHZ","lab-synch","impasse",9,4
"6MWHZ","lab-synch","impasse",10,5
"6MWHZ","lab-synch","impasse",11,6
"6MWHZ","lab-synch","impasse",12,7
"6MWHZ","lab-synch","impasse",13,8
"QUCDX","lab-synch","control",1,0
"QUCDX","lab-synch","control",2,0
"QUCDX","lab-synch","control",3,0
"QUCDX","lab-synch","control",4,0
"QUCDX","lab-synch","control",5,0
"QUCDX","lab-synch","control",6,0
"QUCDX","lab-synch","control",7,0
"QUCDX","lab-synch","control",8,0
"QUCDX","lab-synch","control",9,0
"QUCDX","lab-synch","control",10,0
"QUCDX","lab-synch","control",11,0
"QUCDX","lab-synch","control",12,0
"QUCDX","lab-synch","control",13,0
"J994U","lab-synch","control",1,0
"J994U","lab-synch","control",2,0
"J994U","lab-synch","control",3,0
"J994U","lab-synch","control",4,0
"J994U","lab-synch","control",5,0
"J994U","lab-synch","control",6,0
"J994U","lab-synch","control",7,0
"J994U","lab-synch","control",8,0
"J994U","lab-synch","control",9,0
"J994U","lab-synch","control",10,0
"J994U","lab-synch","control",11,0
"J994U","lab-synch","control",12,0
"J994U","lab-synch","control",13,0
"BKTUJ","lab-synch","control",1,0
"BKTUJ","lab-synch","control",2,0
"BKTUJ","lab-synch","control",3,0
"BKTUJ","lab-synch","control",4,0
"BKTUJ","lab-synch","control",5,0
"BKTUJ","lab-synch","control",6,0
"BKTUJ","lab-synch","control",7,0
"BKTUJ","lab-synch","control",8,0
"BKTUJ","lab-synch","control",9,0
"BKTUJ","lab-synch","control",10,0
"BKTUJ","lab-synch","control",11,0
"BKTUJ","lab-synch","control",12,0
"BKTUJ","lab-synch","control",13,0
"X9GRY","lab-synch","impasse",1,1
"X9GRY","lab-synch","impasse",2,2
"X9GRY","lab-synch","impasse",3,3
"X9GRY","lab-synch","impasse",4,4
"X9GRY","lab-synch","impasse",5,5
"X9GRY","lab-synch","impasse",6,6
"X9GRY","lab-synch","impasse",7,7
"X9GRY","lab-synch","impasse",8,8
"X9GRY","lab-synch","impasse",9,9
"X9GRY","lab-synch","impasse",10,10
"X9GRY","lab-synch","impasse",11,11
"X9GRY","lab-synch","impasse",12,12
"X9GRY","lab-synch","impasse",13,13
"KYTVX","lab-synch","control",1,0
"KYTVX","lab-synch","control",2,0
"KYTVX","lab-synch","control",3,0
"KYTVX","lab-synch","control",4,0
"KYTVX","lab-synch","control",5,0
"KYTVX","lab-synch","control",6,0
"KYTVX","lab-synch","control",7,0
"KYTVX","lab-synch","control",8,0
"KYTVX","lab-synch","control",9,0
"KYTVX","lab-synch","control",10,0
"KYTVX","lab-synch","control",11,0
"KYTVX","lab-synch","control",12,0
"KYTVX","lab-synch","control",13,0
"UQWX4","lab-synch","control",1,0
"UQWX4","lab-synch","control",2,0
"UQWX4","lab-synch","control",3,0
"UQWX4","lab-synch","control",4,0
"UQWX4","lab-synch","control",5,0
"UQWX4","lab-synch","control",6,0
"UQWX4","lab-synch","control",7,0
"UQWX4","lab-synch","control",8,0
"UQWX4","lab-synch","control",9,0
"UQWX4","lab-synch","control",10,0
"UQWX4","lab-synch","control",11,0
"UQWX4","lab-synch","control",12,0
"UQWX4","lab-synch","control",13,0
"4RGO3","lab-synch","control",1,0
"4RGO3","lab-synch","control",2,0
"4RGO3","lab-synch","control",3,0
"4RGO3","lab-synch","control",4,0
"4RGO3","lab-synch","control",5,0
"4RGO3","lab-synch","control",6,0
"4RGO3","lab-synch","control",7,0
"4RGO3","lab-synch","control",8,0
"4RGO3","lab-synch","control",9,0
"4RGO3","lab-synch","control",10,0
"4RGO3","lab-synch","control",11,0
"4RGO3","lab-synch","control",12,0
"4RGO3","lab-synch","control",13,0
"Z5Z7P","lab-synch","control",1,0
"Z5Z7P","lab-synch","control",2,0
"Z5Z7P","lab-synch","control",3,0
"Z5Z7P","lab-synch","control",4,0
"Z5Z7P","lab-synch","control",5,1
"Z5Z7P","lab-synch","control",6,1
"Z5Z7P","lab-synch","control",7,1
"Z5Z7P","lab-synch","control",8,1
"Z5Z7P","lab-synch","control",9,1
"Z5Z7P","lab-synch","control",10,1
"Z5Z7P","lab-synch","control",11,1
"Z5Z7P","lab-synch","control",12,1
"Z5Z7P","lab-synch","control",13,1
"YE3VQ","lab-synch","impasse",1,0
"YE3VQ","lab-synch","impasse",2,0
"YE3VQ","lab-synch","impasse",3,0
"YE3VQ","lab-synch","impasse",4,1
"YE3VQ","lab-synch","impasse",5,1
"YE3VQ","lab-synch","impasse",6,1
"YE3VQ","lab-synch","impasse",7,1
"YE3VQ","lab-synch","impasse",8,2
"YE3VQ","lab-synch","impasse",9,2
"YE3VQ","lab-synch","impasse",10,2
"YE3VQ","lab-synch","impasse",11,2
"YE3VQ","lab-synch","impasse",12,3
"YE3VQ","lab-synch","impasse",13,3
"DKL3R","lab-synch","impasse",1,1
"DKL3R","lab-synch","impasse",2,2
"DKL3R","lab-synch","impasse",3,2
"DKL3R","lab-synch","impasse",4,2
"DKL3R","lab-synch","impasse",5,3
"DKL3R","lab-synch","impasse",6,3
"DKL3R","lab-synch","impasse",7,3
"DKL3R","lab-synch","impasse",8,4
"DKL3R","lab-synch","impasse",9,4
"DKL3R","lab-synch","impasse",10,4
"DKL3R","lab-synch","impasse",11,5
"DKL3R","lab-synch","impasse",12,5
"DKL3R","lab-synch","impasse",13,5
"781AU","lab-synch","control",1,0
"781AU","lab-synch","control",2,0
"781AU","lab-synch","control",3,0
"781AU","lab-synch","control",4,0
"781AU","lab-synch","control",5,0
"781AU","lab-synch","control",6,0
"781AU","lab-synch","control",7,0
"781AU","lab-synch","control",8,0
"781AU","lab-synch","control",9,0
"781AU","lab-synch","control",10,0
"781AU","lab-synch","control",11,0
"781AU","lab-synch","control",12,0
"781AU","lab-synch","control",13,0
"CC7G0","lab-synch","control",1,1
"CC7G0","lab-synch","control",2,2
"CC7G0","lab-synch","control",3,3
"CC7G0","lab-synch","control",4,4
"CC7G0","lab-synch","control",5,5
"CC7G0","lab-synch","control",6,6
"CC7G0","lab-synch","control",7,6
"CC7G0","lab-synch","control",8,7
"CC7G0","lab-synch","control",9,8
"CC7G0","lab-synch","control",10,9
"CC7G0","lab-synch","control",11,10
"CC7G0","lab-synch","control",12,11
"CC7G0","lab-synch","control",13,12
"A9CZD","lab-synch","control",1,1
"A9CZD","lab-synch","control",2,2
"A9CZD","lab-synch","control",3,3
"A9CZD","lab-synch","control",4,4
"A9CZD","lab-synch","control",5,5
"A9CZD","lab-synch","control",6,6
"A9CZD","lab-synch","control",7,7
"A9CZD","lab-synch","control",8,8
"A9CZD","lab-synch","control",9,9
"A9CZD","lab-synch","control",10,10
"A9CZD","lab-synch","control",11,11
"A9CZD","lab-synch","control",12,12
"A9CZD","lab-synch","control",13,13
"DOQRP","lab-synch","impasse",1,0
"DOQRP","lab-synch","impasse",2,0
"DOQRP","lab-synch","impasse",3,0
"DOQRP","lab-synch","impasse",4,0
"DOQRP","lab-synch","impasse",5,1
"DOQRP","lab-synch","impasse",6,1
"DOQRP","lab-synch","impasse",7,1
"DOQRP","lab-synch","impasse",8,1
"DOQRP","lab-synch","impasse",9,1
"DOQRP","lab-synch","impasse",10,1
"DOQRP","lab-synch","impasse",11,1
"DOQRP","lab-synch","impasse",12,1
"DOQRP","lab-synch","impasse",13,1
"Q8EDD","lab-synch","control",1,0
"Q8EDD","lab-synch","control",2,0
"Q8EDD","lab-synch","control",3,0
"Q8EDD","lab-synch","control",4,0
"Q8EDD","lab-synch","control",5,0
"Q8EDD","lab-synch","control",6,0
"Q8EDD","lab-synch","control",7,0
"Q8EDD","lab-synch","control",8,0
"Q8EDD","lab-synch","control",9,0
"Q8EDD","lab-synch","control",10,0
"Q8EDD","lab-synch","control",11,0
"Q8EDD","lab-synch","control",12,0
"Q8EDD","lab-synch","control",13,0
"RGJZL","lab-synch","impasse",1,0
"RGJZL","lab-synch","impasse",2,0
"RGJZL","lab-synch","impasse",3,1
"RGJZL","lab-synch","impasse",4,1
"RGJZL","lab-synch","impasse",5,1
"RGJZL","lab-synch","impasse",6,1
"RGJZL","lab-synch","impasse",7,1
"RGJZL","lab-synch","impasse",8,1
"RGJZL","lab-synch","impasse",9,1
"RGJZL","lab-synch","impasse",10,1
"RGJZL","lab-synch","impasse",11,1
"RGJZL","lab-synch","impasse",12,1
"RGJZL","lab-synch","impasse",13,1
"W7EBS","lab-synch","control",1,0
"W7EBS","lab-synch","control",2,1
"W7EBS","lab-synch","control",3,2
"W7EBS","lab-synch","control",4,3
"W7EBS","lab-synch","control",5,4
"W7EBS","lab-synch","control",6,5
"W7EBS","lab-synch","control",7,5
"W7EBS","lab-synch","control",8,6
"W7EBS","lab-synch","control",9,7
"W7EBS","lab-synch","control",10,8
"W7EBS","lab-synch","control",11,9
"W7EBS","lab-synch","control",12,10
"W7EBS","lab-synch","control",13,11
"EGP0T","lab-synch","control",1,0
"EGP0T","lab-synch","control",2,0
"EGP0T","lab-synch","control",3,0
"EGP0T","lab-synch","control",4,0
"EGP0T","lab-synch","control",5,0
"EGP0T","lab-synch","control",6,0
"EGP0T","lab-synch","control",7,0
"EGP0T","lab-synch","control",8,0
"EGP0T","lab-synch","control",9,0
"EGP0T","lab-synch","control",10,0
"EGP0T","lab-synch","control",11,0
"EGP0T","lab-synch","control",12,0
"EGP0T","lab-synch","control",13,0
"CK5DF","lab-synch","control",1,0
"CK5DF","lab-synch","control",2,0
"CK5DF","lab-synch","control",3,0
"CK5DF","lab-synch","control",4,0
"CK5DF","lab-synch","control",5,0
"CK5DF","lab-synch","control",6,0
"CK5DF","lab-synch","control",7,0
"CK5DF","lab-synch","control",8,0
"CK5DF","lab-synch","control",9,0
"CK5DF","lab-synch","control",10,0
"CK5DF","lab-synch","control",11,0
"CK5DF","lab-synch","control",12,0
"CK5DF","lab-synch","control",13,0
"9BBMD","lab-synch","control",1,0
"9BBMD","lab-synch","control",2,0
"9BBMD","lab-synch","control",3,0
"9BBMD","lab-synch","control",4,0
"9BBMD","lab-synch","control",5,0
"9BBMD","lab-synch","control",6,0
"9BBMD","lab-synch","control",7,0
"9BBMD","lab-synch","control",8,0
"9BBMD","lab-synch","control",9,0
"9BBMD","lab-synch","control",10,0
"9BBMD","lab-synch","control",11,0
"9BBMD","lab-synch","control",12,0
"9BBMD","lab-synch","control",13,0
"UX4QZ","lab-synch","control",1,0
"UX4QZ","lab-synch","control",2,0
"UX4QZ","lab-synch","control",3,0
"UX4QZ","lab-synch","control",4,0
"UX4QZ","lab-synch","control",5,0
"UX4QZ","lab-synch","control",6,0
"UX4QZ","lab-synch","control",7,0
"UX4QZ","lab-synch","control",8,0
"UX4QZ","lab-synch","control",9,0
"UX4QZ","lab-synch","control",10,0
"UX4QZ","lab-synch","control",11,0
"UX4QZ","lab-synch","control",12,0
"UX4QZ","lab-synch","control",13,0
"GQ35Z","lab-synch","control",1,1
"GQ35Z","lab-synch","control",2,2
"GQ35Z","lab-synch","control",3,3
"GQ35Z","lab-synch","control",4,4
"GQ35Z","lab-synch","control",5,5
"GQ35Z","lab-synch","control",6,6
"GQ35Z","lab-synch","control",7,7
"GQ35Z","lab-synch","control",8,8
"GQ35Z","lab-synch","control",9,9
"GQ35Z","lab-synch","control",10,10
"GQ35Z","lab-synch","control",11,11
"GQ35Z","lab-synch","control",12,12
"GQ35Z","lab-synch","control",13,13
"WKBNA","lab-synch","control",1,1
"WKBNA","lab-synch","control",2,2
"WKBNA","lab-synch","control",3,3
"WKBNA","lab-synch","control",4,4
"WKBNA","lab-synch","control",5,5
"WKBNA","lab-synch","control",6,6
"WKBNA","lab-synch","control",7,6
"WKBNA","lab-synch","control",8,7
"WKBNA","lab-synch","control",9,8
"WKBNA","lab-synch","control",10,9
"WKBNA","lab-synch","control",11,10
"WKBNA","lab-synch","control",12,11
"WKBNA","lab-synch","control",13,12
"F3GZE","lab-synch","control",1,0
"F3GZE","lab-synch","control",2,0
"F3GZE","lab-synch","control",3,0
"F3GZE","lab-synch","control",4,1
"F3GZE","lab-synch","control",5,2
"F3GZE","lab-synch","control",6,3
"F3GZE","lab-synch","control",7,4
"F3GZE","lab-synch","control",8,5
"F3GZE","lab-synch","control",9,6
"F3GZE","lab-synch","control",10,7
"F3GZE","lab-synch","control",11,8
"F3GZE","lab-synch","control",12,9
"F3GZE","lab-synch","control",13,9
"X9PTQ","lab-synch","control",1,0
"X9PTQ","lab-synch","control",2,0
"X9PTQ","lab-synch","control",3,0
"X9PTQ","lab-synch","control",4,0
"X9PTQ","lab-synch","control",5,0
"X9PTQ","lab-synch","control",6,0
"X9PTQ","lab-synch","control",7,0
"X9PTQ","lab-synch","control",8,0
"X9PTQ","lab-synch","control",9,0
"X9PTQ","lab-synch","control",10,0
"X9PTQ","lab-synch","control",11,0
"X9PTQ","lab-synch","control",12,0
"X9PTQ","lab-synch","control",13,0
"J1JP6","lab-synch","control",1,0
"J1JP6","lab-synch","control",2,0
"J1JP6","lab-synch","control",3,0
"J1JP6","lab-synch","control",4,0
"J1JP6","lab-synch","control",5,0
"J1JP6","lab-synch","control",6,0
"J1JP6","lab-synch","control",7,0
"J1JP6","lab-synch","control",8,1
"J1JP6","lab-synch","control",9,1
"J1JP6","lab-synch","control",10,1
"J1JP6","lab-synch","control",11,1
"J1JP6","lab-synch","control",12,1
"J1JP6","lab-synch","control",13,1
"38NFJ","lab-synch","impasse",1,0
"38NFJ","lab-synch","impasse",2,0
"38NFJ","lab-synch","impasse",3,0
"38NFJ","lab-synch","impasse",4,0
"38NFJ","lab-synch","impasse",5,1
"38NFJ","lab-synch","impasse",6,1
"38NFJ","lab-synch","impasse",7,2
"38NFJ","lab-synch","impasse",8,3
"38NFJ","lab-synch","impasse",9,4
"38NFJ","lab-synch","impasse",10,5
"38NFJ","lab-synch","impasse",11,6
"38NFJ","lab-synch","impasse",12,7
"38NFJ","lab-synch","impasse",13,8
"QGQ61","lab-synch","impasse",1,1
"QGQ61","lab-synch","impasse",2,2
"QGQ61","lab-synch","impasse",3,3
"QGQ61","lab-synch","impasse",4,4
"QGQ61","lab-synch","impasse",5,5
"QGQ61","lab-synch","impasse",6,6
"QGQ61","lab-synch","impasse",7,7
"QGQ61","lab-synch","impasse",8,8
"QGQ61","lab-synch","impasse",9,9
"QGQ61","lab-synch","impasse",10,10
"QGQ61","lab-synch","impasse",11,10
"QGQ61","lab-synch","impasse",12,11
"QGQ61","lab-synch","impasse",13,12
"R06S6","lab-synch","impasse",1,0
"R06S6","lab-synch","impasse",2,0
"R06S6","lab-synch","impasse",3,0
"R06S6","lab-synch","impasse",4,0
"R06S6","lab-synch","impasse",5,0
"R06S6","lab-synch","impasse",6,0
"R06S6","lab-synch","impasse",7,0
"R06S6","lab-synch","impasse",8,0
"R06S6","lab-synch","impasse",9,0
"R06S6","lab-synch","impasse",10,0
"R06S6","lab-synch","impasse",11,0
"R06S6","lab-synch","impasse",12,0
"R06S6","lab-synch","impasse",13,0
"808YR","lab-synch","impasse",1,0
"808YR","lab-synch","impasse",2,0
"808YR","lab-synch","impasse",3,0
"808YR","lab-synch","impasse",4,0
"808YR","lab-synch","impasse",5,0
"808YR","lab-synch","impasse",6,0
"808YR","lab-synch","impasse",7,0
"808YR","lab-synch","impasse",8,0
"808YR","lab-synch","impasse",9,0
"808YR","lab-synch","impasse",10,0
"808YR","lab-synch","impasse",11,0
"808YR","lab-synch","impasse",12,0
"808YR","lab-synch","impasse",13,0
"VSHHA","lab-synch","impasse",1,0
"VSHHA","lab-synch","impasse",2,1
"VSHHA","lab-synch","impasse",3,1
"VSHHA","lab-synch","impasse",4,1
"VSHHA","lab-synch","impasse",5,2
"VSHHA","lab-synch","impasse",6,3
"VSHHA","lab-synch","impasse",7,3
"VSHHA","lab-synch","impasse",8,3
"VSHHA","lab-synch","impasse",9,4
"VSHHA","lab-synch","impasse",10,5
"VSHHA","lab-synch","impasse",11,6
"VSHHA","lab-synch","impasse",12,7
"VSHHA","lab-synch","impasse",13,8
"H2N27","lab-synch","impasse",1,1
"H2N27","lab-synch","impasse",2,2
"H2N27","lab-synch","impasse",3,2
"H2N27","lab-synch","impasse",4,2
"H2N27","lab-synch","impasse",5,2
"H2N27","lab-synch","impasse",6,2
"H2N27","lab-synch","impasse",7,2
"H2N27","lab-synch","impasse",8,2
"H2N27","lab-synch","impasse",9,2
"H2N27","lab-synch","impasse",10,2
"H2N27","lab-synch","impasse",11,2
"H2N27","lab-synch","impasse",12,2
"H2N27","lab-synch","impasse",13,2
"6Y93F","lab-synch","control",1,0
"6Y93F","lab-synch","control",2,0
"6Y93F","lab-synch","control",3,0
"6Y93F","lab-synch","control",4,0
"6Y93F","lab-synch","control",5,0
"6Y93F","lab-synch","control",6,0
"6Y93F","lab-synch","control",7,0
"6Y93F","lab-synch","control",8,0
"6Y93F","lab-synch","control",9,0
"6Y93F","lab-synch","control",10,0
"6Y93F","lab-synch","control",11,0
"6Y93F","lab-synch","control",12,0
"6Y93F","lab-synch","control",13,0
"H1RGT","lab-synch","impasse",1,1
"H1RGT","lab-synch","impasse",2,2
"H1RGT","lab-synch","impasse",3,3
"H1RGT","lab-synch","impasse",4,4
"H1RGT","lab-synch","impasse",5,5
"H1RGT","lab-synch","impasse",6,6
"H1RGT","lab-synch","impasse",7,7
"H1RGT","lab-synch","impasse",8,8
"H1RGT","lab-synch","impasse",9,9
"H1RGT","lab-synch","impasse",10,10
"H1RGT","lab-synch","impasse",11,10
"H1RGT","lab-synch","impasse",12,11
"H1RGT","lab-synch","impasse",13,12
"MOWH2","lab-synch","impasse",1,0
"MOWH2","lab-synch","impasse",2,0
"MOWH2","lab-synch","impasse",3,0
"MOWH2","lab-synch","impasse",4,0
"MOWH2","lab-synch","impasse",5,0
"MOWH2","lab-synch","impasse",6,0
"MOWH2","lab-synch","impasse",7,0
"MOWH2","lab-synch","impasse",8,0
"MOWH2","lab-synch","impasse",9,0
"MOWH2","lab-synch","impasse",10,0
"MOWH2","lab-synch","impasse",11,0
"MOWH2","lab-synch","impasse",12,0
"MOWH2","lab-synch","impasse",13,0
"FSWW4","lab-synch","impasse",1,0
"FSWW4","lab-synch","impasse",2,1
"FSWW4","lab-synch","impasse",3,1
"FSWW4","lab-synch","impasse",4,1
"FSWW4","lab-synch","impasse",5,2
"FSWW4","lab-synch","impasse",6,3
"FSWW4","lab-synch","impasse",7,3
"FSWW4","lab-synch","impasse",8,4
"FSWW4","lab-synch","impasse",9,5
"FSWW4","lab-synch","impasse",10,6
"FSWW4","lab-synch","impasse",11,7
"FSWW4","lab-synch","impasse",12,7
"FSWW4","lab-synch","impasse",13,8
"VT5BG","lab-synch","impasse",1,0
"VT5BG","lab-synch","impasse",2,1
"VT5BG","lab-synch","impasse",3,2
"VT5BG","lab-synch","impasse",4,3
"VT5BG","lab-synch","impasse",5,3
"VT5BG","lab-synch","impasse",6,4
"VT5BG","lab-synch","impasse",7,4
"VT5BG","lab-synch","impasse",8,5
"VT5BG","lab-synch","impasse",9,6
"VT5BG","lab-synch","impasse",10,7
"VT5BG","lab-synch","impasse",11,8
"VT5BG","lab-synch","impasse",12,8
"VT5BG","lab-synch","impasse",13,9
"39GMD","lab-synch","impasse",1,0
"39GMD","lab-synch","impasse",2,0
"39GMD","lab-synch","impasse",3,0
"39GMD","lab-synch","impasse",4,0
"39GMD","lab-synch","impasse",5,0
"39GMD","lab-synch","impasse",6,0
"39GMD","lab-synch","impasse",7,0
"39GMD","lab-synch","impasse",8,0
"39GMD","lab-synch","impasse",9,0
"39GMD","lab-synch","impasse",10,0
"39GMD","lab-synch","impasse",11,0
"39GMD","lab-synch","impasse",12,0
"39GMD","lab-synch","impasse",13,0
"YP2FK","lab-synch","impasse",1,0
"YP2FK","lab-synch","impasse",2,0
"YP2FK","lab-synch","impasse",3,0
"YP2FK","lab-synch","impasse",4,0
"YP2FK","lab-synch","impasse",5,0
"YP2FK","lab-synch","impasse",6,0
"YP2FK","lab-synch","impasse",7,0
"YP2FK","lab-synch","impasse",8,0
"YP2FK","lab-synch","impasse",9,0
"YP2FK","lab-synch","impasse",10,0
"YP2FK","lab-synch","impasse",11,0
"YP2FK","lab-synch","impasse",12,0
"YP2FK","lab-synch","impasse",13,0
"ZKB08","lab-synch","impasse",1,0
"ZKB08","lab-synch","impasse",2,0
"ZKB08","lab-synch","impasse",3,0
"ZKB08","lab-synch","impasse",4,0
"ZKB08","lab-synch","impasse",5,0
"ZKB08","lab-synch","impasse",6,0
"ZKB08","lab-synch","impasse",7,0
"ZKB08","lab-synch","impasse",8,0
"ZKB08","lab-synch","impasse",9,0
"ZKB08","lab-synch","impasse",10,0
"ZKB08","lab-synch","impasse",11,0
"ZKB08","lab-synch","impasse",12,0
"ZKB08","lab-synch","impasse",13,0
"D3LUH","lab-synch","impasse",1,0
"D3LUH","lab-synch","impasse",2,1
"D3LUH","lab-synch","impasse",3,2
"D3LUH","lab-synch","impasse",4,3
"D3LUH","lab-synch","impasse",5,4
"D3LUH","lab-synch","impasse",6,5
"D3LUH","lab-synch","impasse",7,6
"D3LUH","lab-synch","impasse",8,7
"D3LUH","lab-synch","impasse",9,8
"D3LUH","lab-synch","impasse",10,9
"D3LUH","lab-synch","impasse",11,10
"D3LUH","lab-synch","impasse",12,11
"D3LUH","lab-synch","impasse",13,12
"DM4T0","lab-synch","impasse",1,1
"DM4T0","lab-synch","impasse",2,2
"DM4T0","lab-synch","impasse",3,2
"DM4T0","lab-synch","impasse",4,2
"DM4T0","lab-synch","impasse",5,2
"DM4T0","lab-synch","impasse",6,2
"DM4T0","lab-synch","impasse",7,2
"DM4T0","lab-synch","impasse",8,3
"DM4T0","lab-synch","impasse",9,3
"DM4T0","lab-synch","impasse",10,3
"DM4T0","lab-synch","impasse",11,3
"DM4T0","lab-synch","impasse",12,4
"DM4T0","lab-synch","impasse",13,4
"67NP2","lab-synch","impasse",1,1
"67NP2","lab-synch","impasse",2,2
"67NP2","lab-synch","impasse",3,3
"67NP2","lab-synch","impasse",4,3
"67NP2","lab-synch","impasse",5,4
"67NP2","lab-synch","impasse",6,4
"67NP2","lab-synch","impasse",7,4
"67NP2","lab-synch","impasse",8,4
"67NP2","lab-synch","impasse",9,4
"67NP2","lab-synch","impasse",10,4
"67NP2","lab-synch","impasse",11,4
"67NP2","lab-synch","impasse",12,4
"67NP2","lab-synch","impasse",13,5
"8LK9M","lab-synch","impasse",1,1
"8LK9M","lab-synch","impasse",2,2
"8LK9M","lab-synch","impasse",3,3
"8LK9M","lab-synch","impasse",4,4
"8LK9M","lab-synch","impasse",5,4
"8LK9M","lab-synch","impasse",6,5
"8LK9M","lab-synch","impasse",7,5
"8LK9M","lab-synch","impasse",8,6
"8LK9M","lab-synch","impasse",9,7
"8LK9M","lab-synch","impasse",10,8
"8LK9M","lab-synch","impasse",11,9
"8LK9M","lab-synch","impasse",12,10
"8LK9M","lab-synch","impasse",13,11
"OZV09","lab-synch","impasse",1,0
"OZV09","lab-synch","impasse",2,0
"OZV09","lab-synch","impasse",3,0
"OZV09","lab-synch","impasse",4,0
"OZV09","lab-synch","impasse",5,1
"OZV09","lab-synch","impasse",6,1
"OZV09","lab-synch","impasse",7,1
"OZV09","lab-synch","impasse",8,1
"OZV09","lab-synch","impasse",9,1
"OZV09","lab-synch","impasse",10,1
"OZV09","lab-synch","impasse",11,1
"OZV09","lab-synch","impasse",12,1
"OZV09","lab-synch","impasse",13,1
"T5SHZ","lab-synch","impasse",1,0
"T5SHZ","lab-synch","impasse",2,1
"T5SHZ","lab-synch","impasse",3,2
"T5SHZ","lab-synch","impasse",4,3
"T5SHZ","lab-synch","impasse",5,4
"T5SHZ","lab-synch","impasse",6,5
"T5SHZ","lab-synch","impasse",7,5
"T5SHZ","lab-synch","impasse",8,6
"T5SHZ","lab-synch","impasse",9,7
"T5SHZ","lab-synch","impasse",10,8
"T5SHZ","lab-synch","impasse",11,9
"T5SHZ","lab-synch","impasse",12,10
"T5SHZ","lab-synch","impasse",13,11
"QOJ6L","lab-synch","impasse",1,1
"QOJ6L","lab-synch","impasse",2,2
"QOJ6L","lab-synch","impasse",3,3
"QOJ6L","lab-synch","impasse",4,4
"QOJ6L","lab-synch","impasse",5,5
"QOJ6L","lab-synch","impasse",6,6
"QOJ6L","lab-synch","impasse",7,7
"QOJ6L","lab-synch","impasse",8,8
"QOJ6L","lab-synch","impasse",9,9
"QOJ6L","lab-synch","impasse",10,10
"QOJ6L","lab-synch","impasse",11,11
"QOJ6L","lab-synch","impasse",12,12
"QOJ6L","lab-synch","impasse",13,13
"AFQCB","lab-synch","impasse",1,1
"AFQCB","lab-synch","impasse",2,1
"AFQCB","lab-synch","impasse",3,1
"AFQCB","lab-synch","impasse",4,1
"AFQCB","lab-synch","impasse",5,1
"AFQCB","lab-synch","impasse",6,1
"AFQCB","lab-synch","impasse",7,1
"AFQCB","lab-synch","impasse",8,1
"AFQCB","lab-synch","impasse",9,1
"AFQCB","lab-synch","impasse",10,1
"AFQCB","lab-synch","impasse",11,1
"AFQCB","lab-synch","impasse",12,1
"AFQCB","lab-synch","impasse",13,1
"G443Q","lab-synch","impasse",1,0
"G443Q","lab-synch","impasse",2,1
"G443Q","lab-synch","impasse",3,1
"G443Q","lab-synch","impasse",4,1
"G443Q","lab-synch","impasse",5,1
"G443Q","lab-synch","impasse",6,1
"G443Q","lab-synch","impasse",7,1
"G443Q","lab-synch","impasse",8,1
"G443Q","lab-synch","impasse",9,1
"G443Q","lab-synch","impasse",10,1
"G443Q","lab-synch","impasse",11,1
"G443Q","lab-synch","impasse",12,1
"G443Q","lab-synch","impasse",13,1
