"subject","condition","term","mode","gender","age","language","schoolyear","country","effort","difficulty","confidence","enjoyment","other","disability","totaltime_m","absolute_score"
"DMJ14","121","winter22","asynch","Female",25,"Cantonese","Fourth","United States","I tried my best on each question","3","3","3","it would be useful if the question have some instruction to indicate whether it is a multiple-choice or just leave the blank if there is no right answer ","no",5.8638,1
"UJFX9","121","winter22","asynch","Female",21,"English","Fourth","United States","I tried my best on each question","2","2","3","","no",9.82103333333333,0
"34FAZ","121","winter22","asynch","Female",22,"Arabic","Fourth","US","I tried my best on each question","3","4","5","adding a control question to see if people are paying attention or adding a ""none"" option","no",13.5930166666667,0
"RDYS7","111","winter22","asynch","Female",19,"Spanish","First","United States","I tried my best on most questions","2","1","4","I think you guys did well, I just misunderstood the graph and realized it on the last question.","",20.51585,3
"NBR5N","121","winter22","asynch","Female",19,"English","Second","United States of America","I tried my best on each question","3","4","5","","No",12.97525,12
"QWPKO","121","winter22","asynch","Other-Not Listed",19,"English","Third","US","I tried my best on each question","4","2","5","Best study I've done, would do these on my own time.","No",5.79518333333333,9
"2KS3T","121","winter22","asynch","Male",21,"X-Other","Fourth","United States","I tried my best on each question","4","3","3","The first half was hard the second half was easier","n/a",13.2959,1
"UN7PD","111","winter22","asynch","Male",19,"English","Second","United States","I tried my best on most questions","3","4","4","I believe I had been reading the graph wrong within the first initial questions, but one of the questions changed how I read the graph.","NA",11.8386,9
"JHTYA","111","winter22","asynch","Female",24,"Spanish","Fourth","United States","I tried my best on each question","1","3","4","","",18.8103833333333,2
"HV8ZE","121","winter22","asynch","Female",20,"Spanish","Third","USA","I tried my best on each question","5","2","5","","NO",10.9188166666667,2
"43L8M","121","winter22","asynch","Male",22,"English","Fourth","US","I tried my best on each question","2","3","4","I misunderstood the graph for the first 3 or so questions, so those answers are blank. :(","Nope",6.2756,9
"WBJ2T","121","winter22","asynch","Male",21,"English","Fourth","United States of America","I tried my best on each question","2","4","4","","No",7.32353333333333,5
"KGNC3","121","winter22","asynch","Female",20,"English","Third","USA","I tried my best on each question","3","3","4","","N/A",10.1517333333333,11
"BBPLJ","121","winter22","asynch","Female",20,"English","Third","United States","I tried my best on most questions","3","2","2","I realized about halfway through that I had messed up on some questions because I didn't fully understand the question and left it blank. Towards the end, I tried a little harder because I understood it better, I hope.","N/A",15.9513833333333,0
"TAEHJ","121","winter22","asynch","Other-Not Listed",22,"English","Fourth","United States","I tried my best on each question","3","3","4","","",17.1030333333333,1
"6HUZT","121","winter22","asynch","Female",18,"Spanish","First","USA","I tried my best on each question","3","3","4","n/a","none",18.8906166666667,11
"NEK50","111","winter22","asynch","Female",19,"English","First","United States","I tried my best on each question","3","4","3","","",14.9882166666667,0
"C2AHN","111","winter22","asynch","Male",20,"English","Third","U.S.","I tried my best on most questions","4","3","4","I'm pretty sure I did the first few questions wrong because I misunderstood the graph but I hopefully understood it by the end. At least, I thought I understood it a little better than at first.","None",19.5675,0
"4GC8J","121","winter22","asynch","Female",19,"Mandarin","Second","China","I tried my best on each question","1","4","4","","no",8.68185,12
"SKPWA","111","winter22","asynch","Female",20,"Korean","Second","United States of America","I tried my best on each question","4","2","4","","No",9.74928333333333,0
"E0F55","121","winter22","asynch","Female",21,"English","Fourth","United States","I tried my best on each question","3","4","5","","",14.9812333333333,4
"X7HS7","121","winter22","asynch","Female",21,"English","Third","United States","I tried my best on each question","4","3","2","","no",16.0360666666667,6
"A3QHP","111","winter22","asynch","Female",22,"X-Other","Fourth","PHL","I tried my best on each question","4","3","4","","",21.0474666666667,0
"EBSJV","111","winter22","asynch","Female",19,"English","First","U.S","I tried my best on most questions","4","3","4","INSTRUCTIONS ON HOW TO READ THE GRAPH.","NO.",12.72805,0
"JCKEW","111","winter22","asynch","Female",20,"English","Second","USA","I tried my best on each question","3","4","2","im v tired; could have done better","nope",8.68666666666667,0
"853JQ","111","winter22","asynch","Female",20,"Arabic","Third","Kuwait","I tried my best on most questions","2","4","3","","no",13.2265166666667,0
"NDBCA","121","winter22","asynch","Female",20,"English","Second","USA","I tried my best on most questions","4","2","3","I think having a calculator or clock on the screen would help","Anxiety",22.9969333333333,9
"EBSH0","111","winter22","asynch","Female",20,"X-Other","Third","u.s","I tried my best on most questions","4","2","2","","",11.94095,1
"05EWA","121","winter22","asynch","Female",20,"English","Third","united states","I tried my best on each question","5","2","2","i kept confusing myself after ithought i had the pattern down","",8.32365,3
"G5HED","111","winter22","asynch","Male",20,"Spanish","Third","United States","I tried my best on each question","3","4","3","","",8.69843333333333,0
"23WXV","121","winter22","asynch","Female",23,"Spanish","Fifth","United States","I tried my best on most questions","1","4","3","Not applicable. ","Not applicable.",20.2262833333333,10
"4YF1J","111","winter22","asynch","Male",21,"English","Third","United States","I tried my best on each question","3","3","1","","",6.9107,1
"G1GGZ","121","winter22","asynch","Female",23,"English","Third","United States","I tried my best on each question","3","3","5","I am very perplexed by the first round of questions because from my observations (which could definitely be wrong) there were no correct answers so I left them blank and clicked submit. So please do not think I was not participating or not trying from those first round of submissions. I just did not see that there was answer so I submitted it blank as an answer. That is all. Thank you!","",22.2724833333333,0
"RVTK3","111","winter22","asynch","Male",21,"English","Fourth","USA","I tried my best on each question","3","4","5","The letters are a little small on the graph.","",7.12755,12
"EH3ED","121","winter22","asynch","Male",21,"English","Fourth","United States","I tried my best on each question","5","2","4","","",12.2307333333333,1
"P189K","121","winter22","asynch","Female",20,"Spanish","Second","Ecuador","I tried my best on each question","2","4","4","I think I messed up because I assumed the break lasted an hour and I might have gotten some things mixed up regarding the breaks, I think I at least got it right the second time, anyway, just letting you know :) (ps: i love happy faces in this font :) hihihih )","",16.4680333333333,11
"JDHT2","111","winter22","asynch","Female",20,"Korean","Second","Korea ","I tried my best on most questions","3","2","3","","",9.68616666666667,1
"H0HHM","121","winter22","asynch","Female",24,"Spanish","Fourth","United States","I tried my best on each question","1","5","5","I somewhat like looking at graphs, & I like to organize & plan. So I was actually very interested & intrigued by the study description when I first learned that I'd be looking at schedules. ","",14.01835,12
"S4T2X","121","winter22","asynch","Female",22,"English","Fourth","usa","I tried my best on each question","2","4","3","n/a! really liked it","",11.5459333333333,1
"WOJNW","121","winter22","asynch","Male",21,"Spanish","Fourth","United States","I tried my best on each question","2","4","4","I think I got most of them right, there was definitely a learning curve at the start until I figured out how the graphs work. Overall I like the lay out and how most information is presented. ","N/A",11.9848,11
"19SNU","111","winter22","asynch","Female",21,"X-Other","Fourth","USA","I tried my best on most questions","3","2","3","whether or not I got the questions right to know if I'm on the right track","undiagnosed attention disorder",9.4534,0
"76UV0","111","winter22","asynch","Female",20,"English","Second","United States","I tried my best on most questions","2","2","2","","",37.6728,8
"86P6B","111","winter22","asynch","Female",21,"Spanish","Fourth","United States","I tried my best on each question","4","3","5","I was very confused at first, I do not know if i did it right but the way  answered is what made sense in my head ","No ",15.8369833333333,11
"5QAJA","121","winter22","asynch","Male",20,"English","Third","United States","I tried my best on each question","2","3","3","","No",10.93155,8
"94FR9","111","winter22","asynch","Female",27,"English","Fourth","USA","I tried my best on each question","4","3","2","","I have astigmatism in both eyes and find black text on a white background hard to read; I also have ADHD",11.2995166666667,2
"M3E87","121","winter22","asynch","Female",19,"English","Second","United States","I tried my best on most questions","4","2","3","I didn't know at all how to interpret the first set of questions about the graph. I left some blank if I couldn't see any that satisfied the condition and guessed on some others. The second set when Korrin (I think?) took over scheduling made sense and was much easier. I hope I answered more of those correctly.","no",18.0362166666667,0
"91D56","111","winter22","asynch","Female",20,"English","Third","USA","I tried my best on most questions","3","2","3","","",8.31815,0
"JMZMZ","121","winter22","asynch","Male",21,"English","Third","United States","I tried my best on most questions","4","3","2","I think it would have been helpful to know that it was possible to move on without selecting an answer from the beginning. ","No",12.6038833333333,0
"WZFMC","111","winter22","asynch","Female",20,"English","Second","US","I tried my best on each question","5","1","3","I was very confused, perhaps if you all used a different spread sheet, I think its hard to see if they times are lined up.","nope",9.45061666666667,1
"04YXZ","111","winter22","asynch","Female",22,"English","Fourth","USA","I tried my best on most questions","4","1","2","I was being distracted by my environment unwillingly ","no",9.67681666666667,0
"1HLEP","121","winter22","asynch","Female",21,"Spanish","Fourth","United States","I tried my best on each question","4","2","3","","",44.3193,0
"FPSQJ","121","winter22","asynch","Female",21,"Spanish","Fourth","United States","I tried my best on each question","4","3","5","N/A","No",5.9331,11
"TCS5Z","121","winter22","asynch","Female",19,"English","Second","United States","I tried my best on most questions","5","3","5","","",6.15418333333333,0
"T8OB0","111","winter22","asynch","Male",18,"English","First","United States","I tried my best on each question","2","5","4","I initially read the graph differently than I did in the end and did not understand the triangle structure at first.","",11.8846333333333,12
"9XEMK","111","winter22","asynch","Male",20,"English","Third","United States","I tried my best on each question","2","4","3","Wasn't sure how to sue the graph at first, though that may be part of the experiment.","No",10.2299833333333,0
"4KH27","111","winter22","asynch","Female",19,"English","First","United States","I tried my best on each question","3","3","2","","no",11.13715,1
"ZMRMB","121","winter22","asynch","Male",21,"Korean","Fourth","South Korea","I tried my best on most questions","4","2","3","","",12.3185166666667,1
"ML0PA","121","winter22","asynch","Female",21,"Arabic","Third","Syria","I tried my best on each question","4","2","1","the overall diagram is hard to interpret.","No",9.5144,0
"ZDA7B","121","winter22","asynch","Male",20,"Spanish","Third","USA","I tried my best on each question","4","2","2","I was kind of confused for most of it because some questions didn't line up with what I interpreted of the graph. ","none",12.6443833333333,1
"YV1XZ","111","winter22","asynch","Female",18,"English","First","Hong Kong","I tried my best on most questions","4","2","4","","",9.0071,0
"HF78R","121","winter22","asynch","Male",21,"English","Fourth","United States of America","I tried my best on each question","3","3","4","","no",35.6469833333333,6
"BDQEZ","121","winter22","asynch","Female",20,"English","Third","USA","I tried my best on each question","2","4","3","","no",9.78451666666667,11
"V9JKJ","111","winter22","asynch","Male",21,"Cantonese","Fourth","USA","I tried my best on each question","2","4","4","it made me realize using colored bars on calendars to schedule things with people is better than this","no",13.0894166666667,0
"PVRS1","121","winter22","asynch","Female",22,"English","Fourth","United States","I tried my best on each question","5","3","5","I feel like I just realized a different way to read the darn graph- and I did everything wrong! Hopefully other people feel that too lol, very interesting experience!","no",17.1345833333333,0
"7OYPU","111","winter22","asynch","Other-Not Listed",23,"X-Other","Fourth","United States","I tried my best on each question","1","5","1","","",4.09963333333333,12
"N53LC","111","fall17","lab-synch","Female",21,"English","Fourth","US","NULL","NULL","NULL","NULL","NULL","NULL",12.2737666666667,2
"LJTDL","121","fall17","lab-synch","Male",18,"English","First","USA","NULL","NULL","NULL","NULL","NULL","NULL",15.5134833333333,13
"5WPCV","121","fall17","lab-synch","Male",18,"English","First","United States of America","NULL","NULL","NULL","NULL","NULL","NULL",17.8298,2
"KBQPW","121","fall17","lab-synch","Male",27,"English","Fifth","United States","NULL","NULL","NULL","NULL","NULL","NULL",13.0541,3
"KUHF1","121","fall17","lab-synch","Male",19,"English","First","United States","NULL","NULL","NULL","NULL","NULL","NULL",9.06356666666667,14
"R8PM2","111","fall17","lab-synch","Female",20,"English","Third","US","NULL","NULL","NULL","NULL","NULL","NULL",8.41973333333333,2
"OQB9V","111","fall17","lab-synch","Female",19,"English","Second","USA","NULL","NULL","NULL","NULL","NULL","NULL",7.21741666666667,15
"MABX4","121","fall17","lab-synch","Male",20,"English","Third","United States","NULL","NULL","NULL","NULL","NULL","NULL",9.72021666666667,11
"TX10R","111","fall17","lab-synch","Male",20,"English","Third","USA","NULL","NULL","NULL","NULL","NULL","NULL",10.4999,2
"M1REU","111","fall17","lab-synch","Male",22,"English","Fourth","USA","NULL","NULL","NULL","NULL","NULL","NULL",13.8817666666667,15
"SAAFX","121","fall17","lab-synch","Female",18,"English","First","United States","NULL","NULL","NULL","NULL","NULL","NULL",10.2311666666667,13
"4GSTQ","111","fall17","lab-synch","Male",22,"English","Fifth","United States of America","NULL","NULL","NULL","NULL","NULL","NULL",13.4211833333333,2
"VT3ZX","121","fall17","lab-synch","Female",19,"Other","Second","USA","NULL","NULL","NULL","NULL","NULL","NULL",11.9358833333333,11
"HKSU4","121","fall17","lab-synch","Female",19,"English","Second","USA","NULL","NULL","NULL","NULL","NULL","NULL",9.67103333333333,4
"FGMSN","121","fall17","lab-synch","Female",33,"English","Fourth","U.A.E","NULL","NULL","NULL","NULL","NULL","NULL",11.8982666666667,1
"5EWM2","121","fall17","lab-synch","Male",25,"English","Fifth","United States","NULL","NULL","NULL","NULL","NULL","NULL",9.83036666666667,2
"ZZYXF","121","fall17","lab-synch","Female",20,"English","Third","usa","NULL","NULL","NULL","NULL","NULL","NULL",14.6299666666667,2
"2BBZ9","111","fall17","lab-synch","Female",19,"English","Second","United States ","NULL","NULL","NULL","NULL","NULL","NULL",12.39085,2
"N2UK6","111","fall17","lab-synch","Female",22,"English","Fifth","USA","NULL","NULL","NULL","NULL","NULL","NULL",11.9894333333333,2
"EN7PB","111","fall17","lab-synch","Male",19,"English","Third","USA","NULL","NULL","NULL","NULL","NULL","NULL",11.8360833333333,1
"GF1FQ","121","fall17","lab-synch","Male",21,"English","Fourth","United States","NULL","NULL","NULL","NULL","NULL","NULL",18.8526166666667,2
"3OTEP","121","fall17","lab-synch","Male",21,"English","Fourth","United States of America","NULL","NULL","NULL","NULL","NULL","NULL",10.8743833333333,14
"XQZYP","111","fall17","lab-synch","Male",22,"English","Fifth","USA","NULL","NULL","NULL","NULL","NULL","NULL",13.5166833333333,7
"3B1TL","111","fall17","lab-synch","Female",19,"English","Second","United States","NULL","NULL","NULL","NULL","NULL","NULL",20.5042666666667,14
"3QO3J","111","fall17","lab-synch","Female",18,"English","First","USA","NULL","NULL","NULL","NULL","NULL","NULL",7.87085,4
"EC0K7","111","fall17","lab-synch","Female",20,"English","Third","USA","NULL","NULL","NULL","NULL","NULL","NULL",12.534,2
"FUV6R","121","fall17","lab-synch","Female",19,"English","Second","United States","NULL","NULL","NULL","NULL","NULL","NULL",13.1109,11
"QB8G8","121","fall17","lab-synch","Female",19,"Mandarin or Cantonese","Second","United States","NULL","NULL","NULL","NULL","NULL","NULL",12.0823833333333,3
"0ZCT1","121","fall17","lab-synch","Male",19,"English","First","US","NULL","NULL","NULL","NULL","NULL","NULL",10.3987166666667,15
"6G1ZR","111","fall17","lab-synch","Female",20,"English","Third","US","NULL","NULL","NULL","NULL","NULL","NULL",8.32168333333333,2
"KLYG7","111","fall17","lab-synch","Male",18,"English","Second","Vietnam ","NULL","NULL","NULL","NULL","NULL","NULL",16.7382333333333,2
"1THJX","121","fall17","lab-synch","Male",20,"English","Third","US","NULL","NULL","NULL","NULL","NULL","NULL",11.3307,2
"PO9J4","121","fall17","lab-synch","Female",20,"English","Third","US","NULL","NULL","NULL","NULL","NULL","NULL",10.8384833333333,2
"YGEAY","111","fall17","lab-synch","Female",18,"English","First","United States of America","NULL","NULL","NULL","NULL","NULL","NULL",15.0729,3
"R0GKA","121","fall17","lab-synch","Female",18,"English","First","USA","NULL","NULL","NULL","NULL","NULL","NULL",8.96066666666667,12
"G0CPA","111","fall17","lab-synch","Male",23,"English","Fifth","USA","NULL","NULL","NULL","NULL","NULL","NULL",9.21901666666667,2
"1FO1D","121","fall17","lab-synch","Male",18,"English","First","USA","NULL","NULL","NULL","NULL","NULL","NULL",18.50985,7
"ASEGP","121","fall17","lab-synch","Male",21,"English","Fourth","USA","NULL","NULL","NULL","NULL","NULL","NULL",11.0948333333333,2
"OTVZR","121","fall17","lab-synch","Female",18,"English","First","United States","NULL","NULL","NULL","NULL","NULL","NULL",14.8778,7
"F49JC","121","fall17","lab-synch","Male",18,"Mandarin or Cantonese","First","Taiwan","NULL","NULL","NULL","NULL","NULL","NULL",13.0758333333333,11
"2JRT6","111","fall17","lab-synch","Female",20,"English","Third","United States","NULL","NULL","NULL","NULL","NULL","NULL",23.8553666666667,5
"7L4J4","111","fall17","lab-synch","Female",20,"Other","Third","USA","NULL","NULL","NULL","NULL","NULL","NULL",13.78185,2
"M675E","121","fall17","lab-synch","Female",21,"English","Third","US","NULL","NULL","NULL","NULL","NULL","NULL",9.05926666666667,13
"QSGCP","111","fall17","lab-synch","Female",19,"English","Second","United States of America","NULL","NULL","NULL","NULL","NULL","NULL",8.86058333333333,2
"L0M3H","121","fall17","lab-synch","Female",20,"English","Third","United States","NULL","NULL","NULL","NULL","NULL","NULL",8.94343333333333,3
"DC2Y0","121","fall17","lab-synch","Male",22,"English","Third","United States of America","NULL","NULL","NULL","NULL","NULL","NULL",12.4990833333333,11
"X0PRP","111","fall17","lab-synch","Male",20,"English","Third","United States","NULL","NULL","NULL","NULL","NULL","NULL",11.5652666666667,2
"8V51R","111","fall17","lab-synch","Female",19,"English","Second","United States","NULL","NULL","NULL","NULL","NULL","NULL",14.26815,1
"B3OKB","111","fall17","lab-synch","Male",19,"English","First","India","NULL","NULL","NULL","NULL","NULL","NULL",13.4522833333333,7
"EENOM","111","fall17","lab-synch","Female",19,"English","Second","usa","NULL","NULL","NULL","NULL","NULL","NULL",11.0401666666667,2
"EFTYS","111","fall17","lab-synch","Male",19,"English","Second","USA","NULL","NULL","NULL","NULL","NULL","NULL",10.9688333333333,2
"HH4FP","111","fall17","lab-synch","Female",20,"English","Third","USA","NULL","NULL","NULL","NULL","NULL","NULL",12.0737666666667,2
"AJZV2","121","fall17","lab-synch","Female",19,"English","Second","United States","NULL","NULL","NULL","NULL","NULL","NULL",15.2914166666667,14
"JFFAY","111","fall17","lab-synch","Female",18,"English","First","United States","NULL","NULL","NULL","NULL","NULL","NULL",17.2570833333333,2
"GQ35Z","111","spring18","lab-synch","Male",19,"Other","First","Israel","NULL","NULL","NULL","NULL","NULL","NULL",12.6798666666667,15
"PQN6T","111","spring18","lab-synch","Female",20,"English","Third","India","NULL","NULL","NULL","NULL","NULL","NULL",7.08263333333333,2
"67NP2","121","spring18","lab-synch","Male",20,"English","Third","India","NULL","NULL","NULL","NULL","NULL","NULL",14.1253333333333,7
"781AU","111","spring18","lab-synch","Female",21,"English","Fourth","USA","NULL","NULL","NULL","NULL","NULL","NULL",16.52815,2
"BKTUJ","111","spring18","lab-synch","Female",20,"English","Third","USA","NULL","NULL","NULL","NULL","NULL","NULL",14.0787833333333,2
"QGQ61","121","spring18","lab-synch","Female",19,"English","Second","United States","NULL","NULL","NULL","NULL","NULL","NULL",16.4982333333333,14
"TVQKD","121","spring18","lab-synch","Female",21,"English","Fourth","usa","NULL","NULL","NULL","NULL","NULL","NULL",13.3419666666667,8
"QY1F7","121","spring18","lab-synch","Female",20,"Other","Second","U.S.","NULL","NULL","NULL","NULL","NULL","NULL",10.4081,6
"YE3VQ","121","spring18","lab-synch","Female",21,"Mandarin or Cantonese","Second","China","NULL","NULL","NULL","NULL","NULL","NULL",10.5178166666667,4
"CKRHQ","121","spring18","lab-synch","Female",20,"English","Third","USA","NULL","NULL","NULL","NULL","NULL","NULL",13.3070333333333,1
"4RGO3","111","spring18","lab-synch","Male",21,"English","Fourth","United States of America","NULL","NULL","NULL","NULL","NULL","NULL",20.2828166666667,2
"D3LUH","121","spring18","lab-synch","Male",20,"Other","Third","Iraq","NULL","NULL","NULL","NULL","NULL","NULL",10.5063333333333,13
"J1JP6","111","spring18","lab-synch","Male",25,"English","Other","USA","NULL","NULL","NULL","NULL","NULL","NULL",22.1772333333333,3
"X9PTQ","111","spring18","lab-synch","Female",18,"English","First","United States","NULL","NULL","NULL","NULL","NULL","NULL",15.2223,2
"X9GRY","121","spring18","lab-synch","Female",23,"English","Third","USA","NULL","NULL","NULL","NULL","NULL","NULL",11.9721833333333,14
"R06S6","121","spring18","lab-synch","Female",21,"English","Third","USA\n","NULL","NULL","NULL","NULL","NULL","NULL",10.2600833333333,2
"W7EBS","111","spring18","lab-synch","Female",19,"Mandarin or Cantonese","First","China","NULL","NULL","NULL","NULL","NULL","NULL",12.8092333333333,13
"DOQRP","121","spring18","lab-synch","Male",21,"English","Fourth","u.S.","NULL","NULL","NULL","NULL","NULL","NULL",9.20731666666667,3
"DKL3R","121","spring18","lab-synch","Female",19,"Mandarin or Cantonese","First","China","NULL","NULL","NULL","NULL","NULL","NULL",12.19505,7
"9393C","121","spring18","lab-synch","Female",20,"English","Second","united states","NULL","NULL","NULL","NULL","NULL","NULL",14.18255,2
"JZWPZ","121","spring18","lab-synch","Female",21,"English","Fourth","USA","NULL","NULL","NULL","NULL","NULL","NULL",6.13415,4
"8LGZ4","111","spring18","lab-synch","Male",21,"English","Third","USA","NULL","NULL","NULL","NULL","NULL","NULL",14.0189666666667,2
"QOJ6L","121","spring18","lab-synch","Male",22,"Mandarin or Cantonese","Fifth","China","NULL","NULL","NULL","NULL","NULL","NULL",15.4029666666667,14
"808YR","121","spring18","lab-synch","Female",20,"Other","Third","United States of America","NULL","NULL","NULL","NULL","NULL","NULL",14.2720833333333,2
"H1RGT","121","spring18","lab-synch","Female",21,"Other","Fourth","Thailand","NULL","NULL","NULL","NULL","NULL","NULL",9.18488333333333,13
"4FETN","121","spring18","lab-synch","Female",21,"English","Fourth","United States","NULL","NULL","NULL","NULL","NULL","NULL",11.7670166666667,13
"KYTVX","111","spring18","lab-synch","Male",22,"English","Fourth","USA","NULL","NULL","NULL","NULL","NULL","NULL",13.7712333333333,2
"ZJPX1","121","spring18","lab-synch","Female",22,"English","Fourth","USA","NULL","NULL","NULL","NULL","NULL","NULL",15.25455,4
"L0W0F","111","spring18","lab-synch","Female",28,"English","Fourth","USA","NULL","NULL","NULL","NULL","NULL","NULL",9.4247,15
"J994U","111","spring18","lab-synch","Male",20,"English","Third","Sri Lanka","NULL","NULL","NULL","NULL","NULL","NULL",13.30185,2
"FU11G","121","spring18","lab-synch","Female",20,"English","Third","USA","NULL","NULL","NULL","NULL","NULL","NULL",20.8083166666667,2
"6Y93F","111","spring18","lab-synch","Male",22,"English","Fourth","United States","NULL","NULL","NULL","NULL","NULL","NULL",17.8723333333333,2
"H2N27","121","spring18","lab-synch","Male",20,"Mandarin or Cantonese","First","china\n","NULL","NULL","NULL","NULL","NULL","NULL",6.0111,3
"T5SHZ","121","spring18","lab-synch","Female",20,"English","Other","USA","NULL","NULL","NULL","NULL","NULL","NULL",16.4490833333333,13
"S4G9E","111","spring18","lab-synch","Female",21,"English","Fourth","United States","NULL","NULL","NULL","NULL","NULL","NULL",9.89913333333333,2
"G443Q","121","spring18","lab-synch","Female",21,"English","Third","US","NULL","NULL","NULL","NULL","NULL","NULL",21.49425,3
"UQWX4","111","spring18","lab-synch","Male",23,"English","Other","United States of America","NULL","NULL","NULL","NULL","NULL","NULL",12.8825333333333,2
"A9CZD","111","spring18","lab-synch","Female",20,"Mandarin or Cantonese","Third","USA","NULL","NULL","NULL","NULL","NULL","NULL",11.80395,13
"CC7G0","111","spring18","lab-synch","Female",19,"Mandarin or Cantonese","Second","china","NULL","NULL","NULL","NULL","NULL","NULL",10.9969166666667,14
"FSWW4","121","spring18","lab-synch","Female",20,"Spanish","Second","USA","NULL","NULL","NULL","NULL","NULL","NULL",19.03525,10
"VT5BG","121","spring18","lab-synch","Female",19,"English","Second","USA","NULL","NULL","NULL","NULL","NULL","NULL",11.1712333333333,11
"J2MPW","121","spring18","lab-synch","Male",22,"English","Fourth","United States of America","NULL","NULL","NULL","NULL","NULL","NULL",7.39815,14
"B4LD9","111","spring18","lab-synch","Male",21,"English","Fourth","USA","NULL","NULL","NULL","NULL","NULL","NULL",10.3928666666667,3
"DM4T0","121","spring18","lab-synch","Female",19,"Mandarin or Cantonese","First","USA","NULL","NULL","NULL","NULL","NULL","NULL",15.4068833333333,6
"UX4QZ","111","spring18","lab-synch","Male",23,"English","Fifth","united states","NULL","NULL","NULL","NULL","NULL","NULL",14.4078833333333,2
"8LK9M","121","spring18","lab-synch","Female",20,"English","Fourth","Lebanon","NULL","NULL","NULL","NULL","NULL","NULL",11.10275,12
"QUCDX","111","spring18","lab-synch","Female",19,"Other","First","United States of America","NULL","NULL","NULL","NULL","NULL","NULL",11.59425,2
"39GMD","121","spring18","lab-synch","Female",25,"Other","Fifth","the Philippines","NULL","NULL","NULL","NULL","NULL","NULL",12.1174333333333,2
"YP2FK","121","spring18","lab-synch","Female",21,"English","Fifth","USA","NULL","NULL","NULL","NULL","NULL","NULL",11.17235,2
"OVZHS","111","spring18","lab-synch","Female",22,"English","Fourth","United States ","NULL","NULL","NULL","NULL","NULL","NULL",12.8495166666667,2
"DD3DE","111","spring18","lab-synch","Female",20,"English","Third","United States ","NULL","NULL","NULL","NULL","NULL","NULL",12.0378,2
"1ZY3L","111","spring18","lab-synch","Male",20,"English","Third","usa","NULL","NULL","NULL","NULL","NULL","NULL",10.4007333333333,11
"9BBMD","111","spring18","lab-synch","Male",22,"English","Fourth","USA","NULL","NULL","NULL","NULL","NULL","NULL",10.6271166666667,2
"HJ5O5","111","spring18","lab-synch","Male",20,"English","Second","USA","NULL","NULL","NULL","NULL","NULL","NULL",9.34641666666667,14
"Q8EDD","111","spring18","lab-synch","Female",18,"English","First","United States","NULL","NULL","NULL","NULL","NULL","NULL",12.10525,2
"AFQCB","121","spring18","lab-synch","Male",18,"English","First","United States of America","NULL","NULL","NULL","NULL","NULL","NULL",17.5747666666667,3
"VJNWA","111","spring18","lab-synch","Female",19,"English","Second","United States of America","NULL","NULL","NULL","NULL","NULL","NULL",12.1170166666667,1
"DQQQX","111","spring18","lab-synch","Male",21,"Mandarin or Cantonese","Third","United States of America","NULL","NULL","NULL","NULL","NULL","NULL",13.9024166666667,2
"6MWHZ","121","spring18","lab-synch","Female",23,"English","Fifth","USA","NULL","NULL","NULL","NULL","NULL","NULL",13.2771666666667,10
"RGJZL","121","spring18","lab-synch","Other",21,"Spanish","Third","Mexico","NULL","NULL","NULL","NULL","NULL","NULL",14.7577833333333,3
"MOWH2","121","spring18","lab-synch","Female",21,"English","Second","Sri Lanka","NULL","NULL","NULL","NULL","NULL","NULL",17.93165,2
"Z5Z7P","111","spring18","lab-synch","Female",23,"English","Fifth","USSA","NULL","NULL","NULL","NULL","NULL","NULL",16.3699666666667,3
"OZV09","121","spring18","lab-synch","Female",19,"Mandarin or Cantonese","First","Taiwan","NULL","NULL","NULL","NULL","NULL","NULL",9.06183333333333,3
"XX1TE","111","spring18","lab-synch","Female",21,"English","Fourth","United states","NULL","NULL","NULL","NULL","NULL","NULL",13.698,2
"F3GZE","111","spring18","lab-synch","Male",19,"English","First","USA","NULL","NULL","NULL","NULL","NULL","NULL",14.3365666666667,11
"CK5DF","111","spring18","lab-synch","Female",18,"English","First","United States","NULL","NULL","NULL","NULL","NULL","NULL",12.0937833333333,2
"ZKB08","121","spring18","lab-synch","Female",18,"English","First","USA","NULL","NULL","NULL","NULL","NULL","NULL",15.0422166666667,1
"YKJOR","111","spring18","lab-synch","Male",21,"Mandarin or Cantonese","Third","Canada","NULL","NULL","NULL","NULL","NULL","NULL",8.50596666666667,2
"38NFJ","121","spring18","lab-synch","Female",20,"English","Second","United States of America","NULL","NULL","NULL","NULL","NULL","NULL",9.21,9
"WKBNA","111","spring18","lab-synch","Female",19,"English","Second","United States","NULL","NULL","NULL","NULL","NULL","NULL",14.2046333333333,13
"EGP0T","111","spring18","lab-synch","Female",18,"Mandarin or Cantonese","First","TAIWAN","NULL","NULL","NULL","NULL","NULL","NULL",10.9014833333333,2
"VSHHA","121","spring18","lab-synch","Female",19,"Mandarin or Cantonese","Second","China","NULL","NULL","NULL","NULL","NULL","NULL",14.8071833333333,8
"BYKF0","111","fall21","online-asynch","Female",20,"Other","Second","turkey","NULL","NULL","NULL","NULL","NULL","NULL",11.4661,2
"N36VM","121","fall21","online-asynch","Female",20,"English","Third","United States","NULL","NULL","NULL","NULL","NULL","NULL",13.7385666666667,2
"Y0MZ6","111","fall21","online-asynch","Female",27,"English","Fourth","Vietnam","NULL","NULL","NULL","NULL","NULL","NULL",13.4351666666667,3
"194UU","111","fall21","online-asynch","Male",21,"English","Other","United States of America\nUnited States of America","NULL","NULL","NULL","NULL","NULL","NULL",20.2448333333333,2
"SGTQJ","111","fall21","online-asynch","Female",20,"English","Third","USA","NULL","NULL","NULL","NULL","NULL","NULL",7.77763333333333,2
"UQTQ6","111","fall21","online-asynch","Female",21,"English","Fourth","USA","NULL","NULL","NULL","NULL","NULL","NULL",9.58145,2
"ALN2P","121","fall21","online-asynch","Male",23,"English","Fourth","USA","NULL","NULL","NULL","NULL","NULL","NULL",10.2366333333333,2
"PJYUH","121","fall21","online-asynch","Female",20,"English","Fourth","United States of America","NULL","NULL","NULL","NULL","NULL","NULL",10.5829,15
"N34B6","111","fall21","online-asynch","Female",20,"English","Third","usa","NULL","NULL","NULL","NULL","NULL","NULL",14.21545,14
"X8P7E","111","fall21","online-asynch","Male",20,"English","Third","USA","NULL","NULL","NULL","NULL","NULL","NULL",8.35585,3
"Q7A44","121","fall21","online-asynch","Male",21,"English","Third","United States of America","NULL","NULL","NULL","NULL","NULL","NULL",16.3914166666667,15
"A9JCU","111","fall21","online-asynch","Male",18,"English","Second","USA","NULL","NULL","NULL","NULL","NULL","NULL",10.7825,2
"3PADQ","111","fall21","online-asynch","Female",22,"Other","Fourth","USA","NULL","NULL","NULL","NULL","NULL","NULL",21.9320166666667,2
"QVWU9","121","fall21","online-asynch","Female",21,"English","Fourth","US","NULL","NULL","NULL","NULL","NULL","NULL",6.38293333333333,3
"57C0V","121","fall21","online-asynch","Female",20,"Spanish","Third","usa","NULL","NULL","NULL","NULL","NULL","NULL",20.4693,3
"8MT4O","121","fall21","online-asynch","Female",19,"English","Second","United States","NULL","NULL","NULL","NULL","NULL","NULL",8.62973333333333,2
"E9SDE","121","fall21","online-asynch","Female",19,"English","Second","United States\nUnited States","NULL","NULL","NULL","NULL","NULL","NULL",13.3792333333333,3
"PY424","111","fall21","online-asynch","Female",20,"English","Third","united states of america","NULL","NULL","NULL","NULL","NULL","NULL",12.0660166666667,3
"KXRFL","111","fall21","online-asynch","Male",21,"English","Fourth","United States of America","NULL","NULL","NULL","NULL","NULL","NULL",17.2675833333333,3
"7METL","111","fall21","online-asynch","Female",19,"English","Second","India","NULL","NULL","NULL","NULL","NULL","NULL",5.50298333333333,1
"MAJW8","121","fall21","online-asynch","Female",19,"English","Second","US","NULL","NULL","NULL","NULL","NULL","NULL",9.459,15
"Z461O","111","fall21","online-asynch","Female",21,"English","Fourth","United States","NULL","NULL","NULL","NULL","NULL","NULL",10.9450333333333,2
"FDRWD","111","fall21","online-asynch","Male",19,"English","Second","United States","NULL","NULL","NULL","NULL","NULL","NULL",15.3750833333333,2
"QNNZZ","121","fall21","online-asynch","Male",20,"Mandarin or Cantonese","Third","Hong Kong","NULL","NULL","NULL","NULL","NULL","NULL",14.3799666666667,4
"BR500","121","fall21","online-asynch","Female",21,"English","Fourth","USA","NULL","NULL","NULL","NULL","NULL","NULL",8.0677,2
"PRA08","121","fall21","online-asynch","Male",20,"English","Third","U.S","NULL","NULL","NULL","NULL","NULL","NULL",12.0215666666667,2
"NV47T","121","fall21","online-asynch","Male",21,"English","Fourth","US","NULL","NULL","NULL","NULL","NULL","NULL",17.5563166666667,3
"98VDX","121","fall21","online-asynch","Female",18,"English","First","United States","NULL","NULL","NULL","NULL","NULL","NULL",12.6098166666667,4
"776UX","111","fall21","online-asynch","Female",20,"English","Third","United states","NULL","NULL","NULL","NULL","NULL","NULL",27.4013666666667,1
"98R7E","111","fall21","online-asynch","Female",20,"Spanish","Third","United States of America","NULL","NULL","NULL","NULL","NULL","NULL",12.8169333333333,13
"Y7EP3","121","fall21","online-asynch","Female",21,"Spanish","Fourth","north America","NULL","NULL","NULL","NULL","NULL","NULL",10.1717833333333,2
"F4XPD","111","fall21","online-asynch","Male",20,"English","Third","United States","NULL","NULL","NULL","NULL","NULL","NULL",9.4601,2
"77SKE","111","fall21","online-asynch","Female",20,"English","Second","United States","NULL","NULL","NULL","NULL","NULL","NULL",11.85675,4
"0YVPY","121","fall21","online-asynch","Female",20,"English","Third","USA","NULL","NULL","NULL","NULL","NULL","NULL",11.9586833333333,5
"MM806","121","fall21","online-asynch","Female",18,"English","First","USA","NULL","NULL","NULL","NULL","NULL","NULL",7.72316666666667,2
"NH0FO","121","fall21","online-asynch","Female",21,"English","Fourth","USA","NULL","NULL","NULL","NULL","NULL","NULL",10.7888,15
"431GR","111","fall21","online-asynch","Female",18,"English","First","United States","NULL","NULL","NULL","NULL","NULL","NULL",9.29108333333333,13
"TD0NU","111","fall21","online-asynch","Female",21,"English","Fourth","United States","NULL","NULL","NULL","NULL","NULL","NULL",9.74518333333333,2
"WYZCU","111","fall21","online-asynch","Male",31,"Other","Fourth","United States","NULL","NULL","NULL","NULL","NULL","NULL",8.0204,4
"LS93R","121","fall21","online-asynch","Female",21,"Other","Fourth","usa","NULL","NULL","NULL","NULL","NULL","NULL",6.09273333333333,2
"60VNG","121","fall21","online-asynch","Female",28,"English","Third","USA","NULL","NULL","NULL","NULL","NULL","NULL",10.4892833333333,2
"YAFMA","121","fall21","online-asynch","Female",20,"English","Third","United States","NULL","NULL","NULL","NULL","NULL","NULL",3.84163333333333,1
"VP6G3","121","fall21","online-asynch","Male",21,"Mandarin or Cantonese","Fourth","China","NULL","NULL","NULL","NULL","NULL","NULL",6.65241666666667,3
"7DJGJ","121","fall21","online-asynch","Female",20,"Other","Third","india","NULL","NULL","NULL","NULL","NULL","NULL",7.85746666666667,2
"STJP3","111","fall21","online-asynch","Male",21,"English","Fourth","USA","NULL","NULL","NULL","NULL","NULL","NULL",9.24343333333333,2
"S8NY4","111","fall21","online-asynch","Male",22,"Other","Fourth","China","NULL","NULL","NULL","NULL","NULL","NULL",10.8955333333333,3
"K7HM9","111","fall21","online-asynch","Male",18,"English","First","United States","NULL","NULL","NULL","NULL","NULL","NULL",34.0028166666667,15
"YUWCZ","111","fall21","online-asynch","Female",22,"Spanish","Fourth","United States","NULL","NULL","NULL","NULL","NULL","NULL",13.9005166666667,11
"YJN2B","121","fall21","online-asynch","Female",21,"Other","Third","US","NULL","NULL","NULL","NULL","NULL","NULL",10.3882,2
"LPY8N","111","fall21","online-asynch","Female",19,"English","Second","United States","NULL","NULL","NULL","NULL","NULL","NULL",10.41,2
"KNH2B","111","fall21","online-asynch","Female",19,"English","Second","United States","NULL","NULL","NULL","NULL","NULL","NULL",15.5118666666667,2
"GB4TH","111","fall21","online-asynch","Female",21,"English","Fourth","USA","NULL","NULL","NULL","NULL","NULL","NULL",7.30663333333333,6
"ECJQV","121","fall21","online-asynch","Female",20,"Spanish","Third","United States","NULL","NULL","NULL","NULL","NULL","NULL",4.31043333333333,2
"UN6MT","111","fall21","online-asynch","Male",21,"English","Third","United States of America","NULL","NULL","NULL","NULL","NULL","NULL",10.73695,2
"WWMDF","111","fall21","online-asynch","Male",25,"English","Third","\nUnited States","NULL","NULL","NULL","NULL","NULL","NULL",13.97255,2
"PQA54","111","fall21","online-asynch","Female",21,"Spanish","Fourth","United States","NULL","NULL","NULL","NULL","NULL","NULL",15.4638333333333,2
"5TMTW","121","fall21","online-asynch","Male",19,"English","Third","United States of America","NULL","NULL","NULL","NULL","NULL","NULL",12.3727166666667,2
"57KJC","121","fall21","online-asynch","Male",22,"Spanish","Fourth","USA","NULL","NULL","NULL","NULL","NULL","NULL",8.4557,14
"240Y4","121","fall21","online-asynch","Female",21,"Other","Third","South Korea","NULL","NULL","NULL","NULL","NULL","NULL",111.016266666667,3
"K9UQH","121","fall21","online-asynch","Female",18,"Other","Second","India","NULL","NULL","NULL","NULL","NULL","NULL",33.5936333333333,2
"WRHPM","121","fall21","online-asynch","Male",22,"English","Fourth","USA","NULL","NULL","NULL","NULL","NULL","NULL",7.805,13
"SG6TQ","111","fall21","online-asynch","Male",21,"Other","Third","Vietnam","NULL","NULL","NULL","NULL","NULL","NULL",10.1454666666667,4
"OE3DT","121","fall21","online-asynch","Female",20,"English","Third","USA","NULL","NULL","NULL","NULL","NULL","NULL",14.4448166666667,9
"9S5Z0","111","fall21","online-asynch","Male",23,"Other","Fourth","USA","NULL","NULL","NULL","NULL","NULL","NULL",23.40185,2
"HUNJ8","121","fall21","online-asynch","Female",21,"English","Fourth","United States","NULL","NULL","NULL","NULL","NULL","NULL",8.48418333333333,2
"EA6YH","111","fall21","online-asynch","Female",20,"English","Third","USA","NULL","NULL","NULL","NULL","NULL","NULL",14.35875,2
"8BB1M","111","fall21","online-asynch","Female",18,"English","First","USA","NULL","NULL","NULL","NULL","NULL","NULL",11.8747833333333,2
"ARCSZ","121","fall21","online-asynch","Male",20,"Mandarin or Cantonese","Third","us\nus","NULL","NULL","NULL","NULL","NULL","NULL",12.5807666666667,3
"HCGNQ","121","fall21","online-asynch","Female",20,"Other","Third","US","NULL","NULL","NULL","NULL","NULL","NULL",11.4038333333333,1
"OHLRP","111","fall21","online-asynch","Female",24,"English","Third","us","NULL","NULL","NULL","NULL","NULL","NULL",8.16703333333333,1
"1QMGP","121","fall21","online-asynch","Female",20,"English","Third","US","NULL","NULL","NULL","NULL","NULL","NULL",9.783,2
"XCK4Q","111","fall21","online-asynch","Female",21,"English","Fourth","US","NULL","NULL","NULL","NULL","NULL","NULL",8.58988333333333,3
"K5PDZ","111","fall21","online-asynch","Other",20,"English","Third","United States","NULL","NULL","NULL","NULL","NULL","NULL",8.45565,14
"OUCFL","121","fall21","online-asynch","Female",21,"English","Fourth","United States\nUnited States","NULL","NULL","NULL","NULL","NULL","NULL",10.9448833333333,7
"QOR74","121","fall21","online-asynch","Male",18,"English","First","India\nIndia","NULL","NULL","NULL","NULL","NULL","NULL",12.5671666666667,3
"BK0TH","111","fall21","online-asynch","Male",20,"Mandarin or Cantonese","Second","China","NULL","NULL","NULL","NULL","NULL","NULL",10.3078666666667,2
"9EYZ0","121","fall21","online-asynch","Female",20,"English","Third","U.S.","NULL","NULL","NULL","NULL","NULL","NULL",13.0657166666667,12
"02DBM","121","fall21","online-asynch","Male",19,"English","First","USA","NULL","NULL","NULL","NULL","NULL","NULL",17.1542,15
"E6KMK","111","fall21","online-asynch","Female",25,"Spanish","Fifth","Mexico","NULL","NULL","NULL","NULL","NULL","NULL",25.9779666666667,2
"EZ7J5","111","fall21","online-asynch","Male",25,"English","Fifth","United States","NULL","NULL","NULL","NULL","NULL","NULL",9.73481666666667,8
"LAZ3T","111","fall21","online-asynch","Female",18,"Other","First","USA","NULL","NULL","NULL","NULL","NULL","NULL",12.27405,15
"0F1A8","111","fall21","online-asynch","Female",21,"Other","Fourth","Iraq","NULL","NULL","NULL","NULL","NULL","NULL",13.58045,2
"AU0MW","121","fall21","online-asynch","Male",20,"Other","Third","United Arab Emirates","NULL","NULL","NULL","NULL","NULL","NULL",7.97011666666667,2
"ACEXT","121","fall21","online-asynch","Female",22,"English","Fourth","United States\nUnited States","NULL","NULL","NULL","NULL","NULL","NULL",15.7999166666667,2
"TBQB2","121","fall21","online-asynch","Male",20,"English","Third","United States of America","NULL","NULL","NULL","NULL","NULL","NULL",7.39743333333333,10
"1JW7Y","121","fall21","online-asynch","Female",18,"Spanish","First","Mexico","NULL","NULL","NULL","NULL","NULL","NULL",18.5217833333333,1
"M9WY5","111","fall21","online-asynch","Female",20,"English","Third","USA","NULL","NULL","NULL","NULL","NULL","NULL",16.5263166666667,2
"N5NRY","111","fall21","online-asynch","Female",21,"English","Fourth","United States ","NULL","NULL","NULL","NULL","NULL","NULL",11.3245833333333,12
"DGJQ3","111","fall21","online-asynch","Female",21,"English","Fourth","United States\nUnited States","NULL","NULL","NULL","NULL","NULL","NULL",4.81588333333333,4
"VRHYF","111","fall21","online-asynch","Male",19,"English","Second","United States of America","NULL","NULL","NULL","NULL","NULL","NULL",5.3667,2
"8DL90","121","fall21","online-asynch","Female",22,"English","Third","Japan","NULL","NULL","NULL","NULL","NULL","NULL",2.90885,8
"UO0XA","121","fall21","online-asynch","Male",19,"Mandarin or Cantonese","First","Japan","NULL","NULL","NULL","NULL","NULL","NULL",9.00578333333333,3
"EMKFA","121","fall21","online-asynch","Female",22,"Spanish","Fifth","U.S.","NULL","NULL","NULL","NULL","NULL","NULL",11.0659833333333,8
"PFFEV","111","fall21","online-asynch","Female",19,"Other","Third","France","NULL","NULL","NULL","NULL","NULL","NULL",17.2959333333333,2
"CHP0K","121","fall21","online-asynch","Female",26,"English","Third","United States of America","NULL","NULL","NULL","NULL","NULL","NULL",11.5368333333333,10
"3SYRX","121","fall21","online-asynch","Female",21,"English","Fourth","USA","NULL","NULL","NULL","NULL","NULL","NULL",7.54665,15
"YK2A6","111","fall21","online-asynch","Female",20,"English","Third","usa\n","NULL","NULL","NULL","NULL","NULL","NULL",5.93431666666667,2
"YAZM5","121","fall21","online-asynch","Female",19,"Spanish","Second","United States of America","NULL","NULL","NULL","NULL","NULL","NULL",19.4685333333333,12
"XV7KZ","111","fall21","online-asynch","Female",20,"English","Third","United States of America","NULL","NULL","NULL","NULL","NULL","NULL",8.55011666666667,2
"S0WU7","121","fall21","online-asynch","Female",22,"English","Fifth","USA","NULL","NULL","NULL","NULL","NULL","NULL",14.7344,10
"4URRL","121","fall21","online-asynch","Female",21,"English","Fourth","United States Of America ","NULL","NULL","NULL","NULL","NULL","NULL",20.88065,2
"0LCME","121","fall21","online-asynch","Male",21,"English","Fourth","USA","NULL","NULL","NULL","NULL","NULL","NULL",10.31845,2
"K3AE8","121","fall21","online-asynch","Male",18,"English","First","United States of America","NULL","NULL","NULL","NULL","NULL","NULL",21.1893,2
"KT7ZF","121","fall21","online-asynch","Female",30,"Other","Fourth","Somalia","NULL","NULL","NULL","NULL","NULL","NULL",10.7872,2
"XG38D","111","fall21","online-asynch","Female",20,"English","Third","United States","NULL","NULL","NULL","NULL","NULL","NULL",10.69075,1
"694WT","111","fall21","online-asynch","Female",20,"Mandarin or Cantonese","Third","Taiwan ","NULL","NULL","NULL","NULL","NULL","NULL",29.49675,2
"8V8HJ","111","fall21","online-asynch","Female",19,"Spanish","Second","U.S.A","NULL","NULL","NULL","NULL","NULL","NULL",11.4741,2
"XKX1V","121","fall21","online-asynch","Female",22,"English","Fourth","Philippines","NULL","NULL","NULL","NULL","NULL","NULL",10.7724833333333,3
"5P3XF","121","fall21","online-asynch","Female",20,"Spanish","Second","Ecuador","NULL","NULL","NULL","NULL","NULL","NULL",8.77106666666667,13
"96GEP","121","fall21","online-asynch","Female",20,"Other","Second","Iraq","NULL","NULL","NULL","NULL","NULL","NULL",14.1287833333333,12
"OFOB1","111","fall21","online-asynch","Female",18,"English","First","USA","NULL","NULL","NULL","NULL","NULL","NULL",12.4905,6
"SV1K5","111","fall21","online-asynch","Male",21,"English","Third","United States","NULL","NULL","NULL","NULL","NULL","NULL",9.34288333333333,2
"QADB9","111","fall21","online-asynch","Female",18,"Other","First","Philippines","NULL","NULL","NULL","NULL","NULL","NULL",19.4511666666667,2
"7BV0L","111","fall21","online-asynch","Male",21,"English","Fourth","USA","NULL","NULL","NULL","NULL","NULL","NULL",12.59305,2
"WB4HC","111","fall21","online-asynch","Male",18,"Mandarin or Cantonese","First","United States","NULL","NULL","NULL","NULL","NULL","NULL",20.8847333333333,2
"0EMZW","121","fall21","online-asynch","Male",18,"English","First","United States of America","NULL","NULL","NULL","NULL","NULL","NULL",8.06588333333333,15
"CLV1E","121","fall21","online-asynch","Female",20,"Spanish","Third","United States","NULL","NULL","NULL","NULL","NULL","NULL",18.5461666666667,9
"QXNXR","121","fall21","online-asynch","Female",19,"English","Second","United States","NULL","NULL","NULL","NULL","NULL","NULL",14.4391666666667,15
"N8PCJ","121","fall21","online-asynch","Other",20,"Spanish","Third","The United States","NULL","NULL","NULL","NULL","NULL","NULL",28.4551333333333,2
"DMUWM","111","fall21","online-asynch","Female",24,"Mandarin or Cantonese","Fourth","China","NULL","NULL","NULL","NULL","NULL","NULL",20.466,1
"B44PE","121","fall21","online-asynch","Male",20,"Mandarin or Cantonese","Third","USA","NULL","NULL","NULL","NULL","NULL","NULL",10.2414833333333,13
"P83KE","121","fall21","online-asynch","Female",21,"English","Fourth","United States of America","NULL","NULL","NULL","NULL","NULL","NULL",13.0009,2
"ARL8H","121","fall21","online-asynch","Male",21,"Other","Fourth","USA","NULL","NULL","NULL","NULL","NULL","NULL",14.4830666666667,2
"UH8DS","121","fall21","online-asynch","Female",20,"English","Third","U.S","NULL","NULL","NULL","NULL","NULL","NULL",9.41911666666667,1
"W8QQ3","121","fall21","online-asynch","Female",18,"English","First","United States","NULL","NULL","NULL","NULL","NULL","NULL",7.02868333333333,14
"ZL796","111","fall21","online-asynch","Female",19,"English","Second","USA","NULL","NULL","NULL","NULL","NULL","NULL",11.5413833333333,2
"LNVKO","111","fall21","online-asynch","Male",20,"English","Third","USA","NULL","NULL","NULL","NULL","NULL","NULL",8.52238333333333,15
"U820R","111","fall21","online-asynch","Female",20,"English","Third","USA","NULL","NULL","NULL","NULL","NULL","NULL",13.89985,2
"ZZNSP","111","fall21","online-asynch","Male",25,"English","Fourth","US","NULL","NULL","NULL","NULL","NULL","NULL",18.91005,2
"K7HSV","121","fall21","online-asynch","Female",21,"English","Third","United Sates","NULL","NULL","NULL","NULL","NULL","NULL",9.23895,2
"KEMWH","111","fall21","online-asynch","Female",20,"Other","Third","Iran","NULL","NULL","NULL","NULL","NULL","NULL",8.23086666666667,3
"2CZP7","111","fall21","online-asynch","Female",19,"English","Second","Untied States of America","NULL","NULL","NULL","NULL","NULL","NULL",19.0795833333333,2
"F86ZM","111","fall21","online-asynch","Female",19,"Mandarin or Cantonese","Second","China","NULL","NULL","NULL","NULL","NULL","NULL",12.3259333333333,2
"6VLV8","121","fall21","online-asynch","Female",19,"English","Second","united states","NULL","NULL","NULL","NULL","NULL","NULL",9.54406666666667,2
"KPZTN","121","fall21","online-asynch","Female",21,"English","Fourth","China","NULL","NULL","NULL","NULL","NULL","NULL",5.30746666666667,3
"XOZJ7","111","fall21","online-asynch","Female",22,"Other","Fifth","Morocco","NULL","NULL","NULL","NULL","NULL","NULL",7.70293333333333,3
"GY85V","111","fall21","online-asynch","Male",21,"English","Fourth","US","NULL","NULL","NULL","NULL","NULL","NULL",13.9180166666667,2
"CN995","121","fall21","online-asynch","Male",18,"English","First","United States","NULL","NULL","NULL","NULL","NULL","NULL",13.19825,12
"1SY41","121","fall21","online-asynch","Female",21,"English","Fourth","United States","NULL","NULL","NULL","NULL","NULL","NULL",20.7524333333333,15
